file,record,source_offset,english_offset,voice,japanese,english,pt_br,status
arg.bin,1,0x2E0A,,,システム予約,,,sem par em inglês; traduzir a partir do japonês
arg.bin,2,0x2E26,0x2E39,,左スティック,Ｌｅｆｔ ｓｔｉｃｋ,,aguardando tradução/revisão
arg.bin,3,0x2F16,0x2F29,,右スティック,Ｒｉｇｈｔ ｓｔｉｃｋ,,aguardando tradução/revisão
arg.bin,4,0x2FFD,0x300A,,Ａボタン,Ａ ｂｕｔｔｏｎ,,aguardando tradução/revisão
arg.bin,5,0x307E,0x308B,,Ｂボタン,Ｂ ｂｕｔｔｏｎ,,aguardando tradução/revisão
arg.bin,6,0x30FF,0x310C,,Ｘボタン,Ｘ ｂｕｔｔｏｎ,,aguardando tradução/revisão
arg.bin,7,0x3180,0x318D,,Ｙボタン,Ｙ ｂｕｔｔｏｎ,,aguardando tradução/revisão
arg.bin,8,0x3201,0x320E,,Ｌボタン,Ｌｅｆｔ ｂｕｍｐｅｒ,,aguardando tradução/revisão
arg.bin,9,0x3331,0x333E,,Ｒボタン,Ｒｉｇｈｔ ｂｕｍｐｅｒ,,aguardando tradução/revisão
arg.bin,10,0x345B,0x3468,,Ｌトリガ,Ｌｅｆｔ ｔｒｉｇｇｅｒ,,aguardando tradução/revisão
arg.bin,11,0x3549,0x3556,,Ｒトリガ,Ｒｉｇｈｔ ｔｒｉｇｇｅｒ,,aguardando tradução/revisão
arg.bin,12,0x3631,0x3647,,スタートボタン,ＳＴＡＲＴ ｂｕｔｔｏｎ,,aguardando tradução/revisão
arg.bin,13,0x36F7,0x370A,,バックボタン,ＢＡＣＫ ｂｕｔｔｏｎ,,aguardando tradução/revisão
arg.bin,14,0x37AB,0x37B8,,十字キー,Ｄｉｒｅｃｔｉｏｎａｌ ｐａｄ,,aguardando tradução/revisão
arg.bin,15,0x38B1,0x38BE,,押し込み,Ｐｒｅｓｓ,,aguardando tradução/revisão
arg.bin,16,0x3A95,,,システム予約,,,sem par em inglês; traduzir a partir do japonês
arg.bin,17,0x3AA8,0x3ABB,,左スティック,Left stick,,aguardando tradução/revisão
arg.bin,18,0x3B0C,0x3B1F,,右スティック,Right stick,,aguardando tradução/revisão
arg.bin,19,0x3B6D,0x3B7A,,Ａボタン,A button,,aguardando tradução/revisão
arg.bin,20,0x3BA8,0x3BB5,,Ｂボタン,B button,,aguardando tradução/revisão
arg.bin,21,0x3BE3,0x3BF0,,Ｘボタン,X button,,aguardando tradução/revisão
arg.bin,22,0x3C1E,0x3C2B,,Ｙボタン,Y button,,aguardando tradução/revisão
arg.bin,23,0x3C59,0x3C66,,Ｌボタン,Left bumper,,aguardando tradução/revisão
arg.bin,24,0x3CD3,0x3CE0,,Ｒボタン,Right bumper,,aguardando tradução/revisão
arg.bin,25,0x3D4B,0x3D58,,Ｌトリガ,Left trigger,,aguardando tradução/revisão
arg.bin,26,0x3DAB,0x3DB8,,Ｒトリガ,Right trigger,,aguardando tradução/revisão
arg.bin,27,0x3E09,0x3E1F,,スタートボタン,START button,,aguardando tradução/revisão
arg.bin,28,0x3E61,0x3E74,,バックボタン,BACK button,,aguardando tradução/revisão
arg.bin,29,0x3EB1,0x3EBE,,十字キー,Directional pad,,aguardando tradução/revisão
arg.bin,30,0x3F19,0x3F26,,押し込み,Press,,aguardando tradução/revisão
BW0_0100.bin,1,0x640,0x6C1,,"２００７年――　アメリカ西部M８．７の超大型地震発生
死者４万４０００人","2007 : un séisme de magnitude 8,7
frappe la côte ouest des USA.
Victimes : 44 000",,aguardando tradução/revisão
BW0_0100.bin,2,0x823,0x877,,"２００８年――　第５次中東戦争勃発
戦死者６０万人以上","2008 : la guerre éclate
au Moyen Orient.
Victimes : plus de 600 000",,aguardando tradução/revisão
BW0_0100.bin,3,0x973,0x9E9,,"２００９年――　 殺人ウィルス世界中で猛威を振るう
推定死者数３億２０００万人","2009 : un virus tueur décime
la population mondiale.
Victimes : plus de 320 millions",,aguardando tradução/revisão
BW0_0100.bin,4,0xB33,0xBA2,,"２０１０年――　異常気象による食料危機
飢餓と暴動により死者数推定８億人","2010 : les dérèglements climatiques
provoquent famines et émeutes.
Victimes : plus de 800 millions",,aguardando tradução/revisão
BW0_0100.bin,5,0xD3D,0xDA0,,"２０１１年――　謎の怪物軍団出現
大量殺戮行為を行う、死者数不明","2011 : des hordes de démons
surgissent. Massacres en masse.
Victimes : incalculables",,aguardando tradução/revisão
BW0_0100.bin,6,0xF0C,0xF4C,,２０１２年――　世界中の国家機関が停止,2012 : mort des nations,,aguardando tradução/revisão
BW0_0100.bin,7,0xFC6,0x100D,,２０１３年――　人類は滅亡の危機に瀕していた,"2013 : la fin de l'humanité
approche...",,aguardando tradução/revisão
BW0_0100.bin,8,0x10B7,0x1121,,"２００７年――　アメリカ西部M８．７の超大型地震発生
死者４万４０００人","2007 : un séisme de magnitude 8,7
frappe la côte ouest des USA.
Victimes : 44 000",,aguardando tradução/revisão
BW0_0100.bin,9,0x128B,0x12DC,,"２００８年――　第５次中東戦争勃発
戦死者６０万人以上","2008 : la guerre éclate
au Moyen Orient.
Victimes : plus de 600 000",,aguardando tradução/revisão
BW0_0100.bin,10,0x13DF,0x1452,,"２００９年――　 殺人ウィルス世界中で猛威を振るう
推定死者数３億２０００万人","2009 : un virus tueur décime
la population mondiale.
Victimes : plus de 320 millions",,aguardando tradução/revisão
BW0_0100.bin,11,0x15A4,0x1610,,"２０１０年――　異常気象による食料危機
飢餓と暴動により死者数推定８億人","2010 : les dérèglements climatiques
provoquent famines et émeutes.
Victimes : plus de 800 millions",,aguardando tradução/revisão
BW0_0100.bin,12,0x17B4,0x1814,,"２０１１年――　謎の怪物軍団出現
大量殺戮行為を行う、死者数不明","2011 : des hordes de démons
surgissent. Massacres en masse.
Victimes : incalculables",,aguardando tradução/revisão
BW0_0100.bin,13,0x1988,0x19C2,,２０１２年――　世界中の国家機関が停止,2012 : mort des nations,,aguardando tradução/revisão
BW0_0100.bin,14,0x1A3C,0x1A7F,,２０１３年――　人類は滅亡の危機に瀕していた,"2013 : la fin de l'humanité
approche...",,aguardando tradução/revisão
BW1_0100.bin,1,0xDCF,0xE12,,2013年　10月3日　アメリカ北東部,2013/10/13 US East Coast.,"Costa leste, 13/10/2013",já traduzido
BW1_0100.bin,2,0xEC9,0xEE9,,残念だったな,"Too bad, old man.","Azar o seu, velho.",já traduzido
BW1_0100.bin,3,0xF4C,0xF72,,ゲームオーバーだ,It's game over!,Fim de jogo!,já traduzido
BW1_0100.bin,4,0xFCF,0xFE3,,頼む,No. Wait. Please!,Não! Por favor!,já traduzido
BW1_0100.bin,5,0x105A,0x107A,,最後にせめて,Before...before you kill me,Antes... de me matar,já traduzido
BW1_0100.bin,6,0x110B,0x1121,,せめて,let me say,deixe-me,já traduzido
BW1_0100.bin,7,0x116A,0x118A,,せめて祈りを,my prayers,rezar.,já traduzido
BW1_0100.bin,8,0x11D5,0x11EC,,祈り？,Prayers?,Rezar?,já traduzido
BW1_0100.bin,9,0x1222,0x124E,,先に済ませとかなきゃ,You should have done that before.,Devia ter feito isso antes.,já traduzido
BW1_0100.bin,10,0x12EA,0x130D,,ちっ、カラスか,"Hmph, just a raven.","Hm, só um corvo.",já traduzido
BW1_0100.bin,11,0x1377,0x13A0,,がっかりさせやがる,Too bad. ,Que pena.,já traduzido
BW1_0100.bin,12,0x13D0,0x140B,,おい、カラスよりいいのがいるぜ,"Hey, there's something better than a raven.","Ei, tem algo melhor que um corvo.",já traduzido
BW1_0100.bin,13,0x14CD,0x14F9,,いい皮がとれそうだな,She's got nice skin.,Bela pele a dela.,já traduzido
BW1_0100.bin,14,0x1565,0x159D,,あんた、祈りは済ませたかい？,So? You wanna say your prayers?,E você? Quer rezar?,já traduzido
BW1_0100.bin,15,0x162C,0x164F,,魔女に、祈りは,Witches don't need...,Bruxas dispensam...,já traduzido
BW1_0100.bin,16,0x16DA,0x16F2,,いらない,prayers.,preces.,já traduzido
BW1_0100.bin,17,0x1726,0x1752,,2013年　10月3日　アメリカ北東部,"U.S. East Coast, 10/13/2013","Costa leste, 13/10/2013",já traduzido
BW1_0100.bin,18,0x180C,0x181F,,残念だったな,"Too bad, old man.
","Azar o seu, velho.",já traduzido
BW1_0100.bin,19,0x1882,0x189B,,ゲームオーバーだ,It's game over!,Fim de jogo!,já traduzido
BW1_0100.bin,20,0x18F8,0x18FF,,頼む,No. Wait. Please!,Não! Por favor!,já traduzido
BW1_0100.bin,21,0x1976,0x1989,,最後にせめて,"Before... Before you kill me,","Antes... antes de me matar,",já traduzido
BW1_0100.bin,22,0x1A1C,0x1A26,,せめて,let me say,deixe-me,já traduzido
BW1_0100.bin,23,0x1A6F,0x1A82,,せめて祈りを,my prayers! Ple-,rezar! Por fa-,já traduzido
BW1_0100.bin,24,0x1AD3,0x1ADD,,祈り？,Prayers?,Rezar?,já traduzido
BW1_0100.bin,25,0x1B13,0x1B32,,先に済ませとかなきゃ,You should have done that before.,Devia ter feito isso antes.,já traduzido
BW1_0100.bin,26,0x1BCE,0x1BE4,,ちっ、カラスか,Just a raven.,Só um corvo.,já traduzido
BW1_0100.bin,27,0x1C48,0x1C64,,がっかりさせやがる,Too bad.,Que pena,já traduzido
BW1_0100.bin,28,0x1C93,0x1CC1,,おい、カラスよりいいのがいるぜ,"Hey, there's something better than a raven.","Ei, tem algo melhor que um corvo.",já traduzido
BW1_0100.bin,29,0x1D85,0x1DA4,,いい皮がとれそうだな,She's got nice skin.,Bela pele a dela.,já traduzido
BW1_0100.bin,30,0x1E10,0x1E3B,,あんた、祈りは済ませたかい？,You wanna say YOUR prayers?,"E VOCÊ, quer rezar?",já traduzido
BW1_0100.bin,31,0x1EC7,0x1EDD,,魔女に、祈りは,Witches don't need...,Bruxas dispensam...,já traduzido
BW1_0100.bin,32,0x1F68,0x1F75,,いらない,...prayers.,...preces.,já traduzido
BW1_0400.bin,1,0x136,0x17F,,本体はあの都市にいるようだな,It appears the main body is in that city.,,aguardando tradução/revisão
BW1_0400.bin,2,0x26B,0x296,,本体はあの都市にいるようだな,It appears the main body is in that city.,,aguardando tradução/revisão
BW2_0200.bin,1,0xC21,0xC8F,,この辺りの部隊を指揮しているマクスウェル・クーガーだ,I'm in charge of these troops. I'm Maxwell Cougar.,,aguardando tradução/revisão
BW2_0200.bin,2,0xDA0,0xDEA,,こんな美人の援軍とは、なんのジョークだ？,We don't see many soldiers dressed like you up here.,,aguardando tradução/revisão
BW2_0200.bin,3,0xF1C,0xF6F,,"それも、噂の悪魔の力を持つ女
お会いできて光栄だ","Anyway, look, I know you're the one with the demonic.
It's nice to meet you.",,aguardando tradução/revisão
BW2_0200.bin,4,0x10C6,0x10E3,,無愛想だな,"Not very friendly, are you?",,aguardando tradução/revisão
BW2_0200.bin,5,0x117A,0x11BE,,ま、ご覧の通り、この都市は壊滅寸前だ,"Well, this place is a real disaster area.",,aguardando tradução/revisão
BW2_0200.bin,6,0x12A9,0x12F0,,俺達は、近くの空港へ民衆を避難させてる,We're evacuating citizens to the airport.,,aguardando tradução/revisão
BW2_0200.bin,7,0x13D2,0x142B,,もっとも化け物だらけで、進むも引くもままならんがね,"However with all these monsters, I'm not sure we can make it.",,aguardando tradução/revisão
BW2_0200.bin,8,0x1573,0x15A5,,生憎だけど、用事があるの,"Well I've got some business to take care of.",,aguardando tradução/revisão
BW2_0200.bin,9,0x166A,0x1695,,先に行かせてもらうわ,So if you'll excuse me.,,aguardando tradução/revisão
BW2_0200.bin,10,0x1720,0x176A,,ようやく口を利いてくれたと思ったらそれか,You finally open your mouth and that's all you have to say.,,aguardando tradução/revisão
BW2_0200.bin,11,0x18A1,0x1901,,"えらく強気だが見殺しにはできない
何人か部下をつけてやる","You're a tough lady, but I can't let you kill yourself.
I'm assigning some guards to watch you.",,aguardando tradução/revisão
BW2_0200.bin,12,0x1B0A,0x1B3D,,ジョーンズ！　 ナッシュ！,Jones! Nash!,,aguardando tradução/revisão
BW2_0200.bin,13,0x1B6A,0x1B98,,それで、あんた名前は？,So what's your name anyway?,,aguardando tradução/revisão
BW2_0200.bin,14,0x1C1E,0x1C36,,アリシア,Alicia.,,aguardando tradução/revisão
BW2_0200.bin,15,0x1C3F,0x1C8E,,この辺りの部隊を指揮しているマクスウェル・クーガーだ,I'm in charge of these troops. I'm Maxwell Cougar.,,aguardando tradução/revisão
BW2_0200.bin,16,0x1DA3,0x1DE0,,こんな美人の援軍とは、なんのジョークだ？,We don't see many soldiers dressed like you up here.,,aguardando tradução/revisão
BW2_0200.bin,17,0x1F16,0x1F5E,,"それも、噂の悪魔の力を持つ女
お会いできて光栄だ","Anyway, look, I know you're the one with the ""demonic.""
It's nice to meet you.",,aguardando tradução/revisão
BW2_0200.bin,18,0x20BB,0x20CB,,無愛想だな,"Not very friendly, are you?",,aguardando tradução/revisão
BW2_0200.bin,19,0x2162,0x2199,,ま、ご覧の通り、この都市は壊滅寸前だ,"Well, this place is a real disaster area.",,aguardando tradução/revisão
BW2_0200.bin,20,0x2287,0x22C1,,俺達は、近くの空港へ民衆を避難させてる,We're evacuating citizens to the airport.,,aguardando tradução/revisão
BW2_0200.bin,21,0x23A7,0x23F3,,もっとも化け物だらけで、進むも引くもままならんがね,"However with all these monsters, I'm not sure we can make it.",,aguardando tradução/revisão
BW2_0200.bin,22,0x2540,0x2565,,生憎だけど、用事があるの,"Well, I've got some business to take care of.
",,aguardando tradução/revisão
BW2_0200.bin,23,0x262D,0x264C,,先に行かせてもらうわ,So if you'll excuse me...,,aguardando tradução/revisão
BW2_0200.bin,24,0x26D9,0x2716,,ようやく口を利いてくれたと思ったらそれか,You finally open your mouth and that's all you have to say?,,aguardando tradução/revisão
BW2_0200.bin,25,0x2852,0x28A6,,"えらく強気だが見殺しにはできない
何人か部下をつけてやる","You're a tough lady, but I can't let you kill yourself.

I'm assigning some guards to watch you.",,aguardando tradução/revisão
BW2_0200.bin,26,0x2AB7,0x2ADD,,ジョーンズ！　 ナッシュ！,Jones! Nash!,,aguardando tradução/revisão
BW2_0200.bin,27,0x2B24,0x2B46,,それで、あんた名前は？,So what's your name anyway?,,aguardando tradução/revisão
BW2_0200.bin,28,0x2BCC,0x2BD9,,アリシア,Alicia.,,aguardando tradução/revisão
BW2_0300.bin,1,0x3BB,0x3E7,,現れたぞ,It's here...,,aguardando tradução/revisão
BW2_0300.bin,2,0x42D,0x46D,,相当な死者の魂を取り込んだと見える,"He seems to have absorbed enough souls...",,aguardando tradução/revisão
BW2_0300.bin,3,0x541,0x55A,,こいつは,This one here is...,,aguardando tradução/revisão
BW2_0300.bin,4,0x5B2,0x5D7,,予想以上に強力だ,stronger than expected!,,aguardando tradução/revisão
BW2_0300.bin,5,0x669,0x676,,現れたぞ,It's here...,,aguardando tradução/revisão
BW2_0300.bin,6,0x6BC,0x6F0,,相当な死者の魂を取り込んだと見える,It seems to have absorbed enough souls...,,aguardando tradução/revisão
BW2_0300.bin,7,0x7C6,0x7D3,,こいつは,This one here is,,aguardando tradução/revisão
BW2_0300.bin,8,0x828,0x841,,予想以上に強力だ,stronger than expected!,,aguardando tradução/revisão
BW3_0450.bin,1,0x27D8,0x2805,,ちくしょう,Damn it!,,aguardando tradução/revisão
BW3_0450.bin,2,0x283E,0x2886,,それなりに修羅場をくぐってきたつもりだが,"I've seen a lot of things on the battlefield,",,aguardando tradução/revisão
BW3_0450.bin,3,0x2958,0x29A6,,"仲間の死に様を拝む事だけは
慣れねぇもんだな",but I'll never get used to seeing a buddy die.,,aguardando tradução/revisão
BW3_0450.bin,4,0x2AC0,,,慣れねぇもんだな,,,sem par em inglês; traduzir a partir do japonês
BW3_0450.bin,5,0x2AD9,0x2AF3,,アリシア,"Alicia,",,aguardando tradução/revisão
BW3_0450.bin,6,0x2B06,0x2B35,,お前も知ってるだろうが,you know it too...,,aguardando tradução/revisão
BW3_0450.bin,7,0x2B9D,0x2BD5,,悪魔は日に日に増えてきやがる,the demons are increasing every day.,,aguardando tradução/revisão
BW3_0450.bin,8,0x2C8F,0x2CDD,,それを阻止しない限り人類の滅亡は時間の問題だ,"Unless we stop them, humanity will be wiped out.",,aguardando tradução/revisão
BW3_0450.bin,9,0x2E10,0x2E79,,"もし、奴らをこの世から消したいと思ってるなら
これを読んでくれ","If you want to get rid of those bastards , then read this.",,aguardando tradução/revisão
BW3_0450.bin,10,0x2F86,,,これを読んでくれ,,,sem par em inglês; traduzir a partir do japonês
BW3_0450.bin,11,0x2F9F,0x2FFE,,２００６年１０月９日――　とんでもないいたずら電話だ！,"2006/10/09
I just got the most disturbing prank call!",,aguardando tradução/revisão
BW3_0450.bin,12,0x3108,0x3167,,よりによって私の最愛の者が乗った飛行機が墜落したなどと,They said that the airplane my beloved was on had gone down.,,aguardando tradução/revisão
BW3_0450.bin,13,0x32AC,,,質の悪い冗談とは言え、私の血はざわめいたままで、何をしていいのかも判らない,,,sem par em inglês; traduzir a partir do japonês
BW3_0450.bin,14,0x3322,0x3385,,２００６年１０月１１日――　ニュースは日々詳細を伝えている,"2006/10/11
The news is showing all the grisly details right now.",,aguardando tradução/revisão
BW3_0450.bin,15,0x34F3,0x3543,,だが、私には遠い国の話のようにしか聞こえない,But it's like they're talking about some distant foreign country. ,,aguardando tradução/revisão
BW3_0450.bin,16,0x3669,0x368C,,ああ……神よ！,Oh God!!,,aguardando tradução/revisão
BW3_0450.bin,17,0x36C3,0x3716,,２００６年１２月２４日――　祈りには応えがない,"2006/12/24
There's no answer to my prayers.",,aguardando tradução/revisão
BW3_0450.bin,18,0x3807,0x3839,,安らぎが訪れることもない,I never feel a moment of rest or comfort.,,aguardando tradução/revisão
BW3_0450.bin,19,0x391F,0x395A,,ただ、増すのは孤独と絶望ばかり,Only a wrenching sadness and a despair that grows and grows...,,aguardando tradução/revisão
BW3_0450.bin,20,0x3AAA,0x3B0F,,２００７年６月２日――　ついに捜し求めていた文献を発見した,"2007/06/02
Finally! I found the reference I'd been looking for!",,aguardando tradução/revisão
BW3_0450.bin,21,0x3C4F,0x3CA3,,目に見えぬ神は、生命の摂理を決して曲げぬだろう,The Invisible God wouldn't bend the laws that govern life.,,aguardando tradução/revisão
BW3_0450.bin,22,0x3DE4,0x3E0B,,だが、悪魔ならば,But the Devil...,,aguardando tradução/revisão
BW3_0450.bin,23,0x3E71,0x3EC8,,２００７年９月９日――　あの呪われた村の奥にある,"2007/09/09
Beyond that cursed village,",,aguardando tradução/revisão
BW3_0450.bin,24,0x3FA4,0x3FEF,,忌まわしく深い森に、特異点が存在するのだ,"deep in the forest is a ""singularity"".",,aguardando tradução/revisão
BW3_0450.bin,25,0x40FD,0x4151,,闇の力によって生命を再生する術は存在したのだ！,It has the power to return life with the power of Darkness!,,aguardando tradução/revisão
BW3_0450.bin,26,0x4299,0x42EE,,２００７年１０月１２日――　時は拷問にしか過ぎぬ,"2007/10/12
Time is nothing more than torture for me.",,aguardando tradução/revisão
BW3_0450.bin,27,0x43FA,0x444A,,仮に命長らえたとて、それが果たして何になろう,"Even if I could live on for many years, what would be the point?",,aguardando tradução/revisão
BW3_0450.bin,28,0x4570,0x4591,,明日、旅立つ,Tomorrow I set out on my journey.,,aguardando tradução/revisão
BW3_0450.bin,29,0x463B,0x466A,,愛する者を蘇らせる為に,To bring my beloved back to life.,,aguardando tradução/revisão
BW3_0450.bin,30,0x4729,0x4740,,これは,So what's this...,,aguardando tradução/revisão
BW3_0450.bin,31,0x4798,0x47D1,,うちの情報部が見つけた代物だ,It's a journal found by our intelligence people.,,aguardando tradução/revisão
BW3_0450.bin,32,0x48DA,0x492B,,５年前に消息を絶った考古学者が残した物らしい,It belonged to an archaeologist that disappeared 5 years ago. ,,aguardando tradução/revisão
BW3_0450.bin,33,0x4A5B,0x4AAC,,司令部は大人数を武装させて調査に向かわせたが,"HQ sent out a lot of well-armed people to try to find him, ",,aguardando tradução/revisão
BW3_0450.bin,34,0x4C09,0x4C3C,,誰一人、帰ってこなかった,but not one of them ever returned.,,aguardando tradução/revisão
BW3_0450.bin,35,0x4CF3,0x4D2E,,じゃあ、この日記に記された森が,So then...it must be the forest he mentioned.,,aguardando tradução/revisão
BW3_0450.bin,36,0x4E22,0x4E55,,ああ、断言していいだろう,"Yeah, you deserve to know...",,aguardando tradução/revisão
BW3_0450.bin,37,0x4EFD,0x4F31,,悪魔どもはそこから生まれる,The demons are all coming from there.,,aguardando tradução/revisão
BW3_0450.bin,38,0x4FDA,0x5049,,"俺達は、各都市の残存兵力を集結させ
森へ進行する作戦を開始している","All of us, all the remaining forces from each city...
We're about to start a large-scale op in that forest.",,aguardando tradução/revisão
BW3_0450.bin,39,0x527A,0x52BF,,あんたの戦いっぷりを見ていて分かった,"When I saw you fight, I knew it.",,aguardando tradução/revisão
BW3_0450.bin,40,0x5390,0x53AB,,その力だ,That power of yours.,,aguardando tradução/revisão
BW3_0450.bin,41,0x5413,0x545A,,俺達は今、お前のその力を必要としている,"We need it right now.
We need the power you've got!",,aguardando tradução/revisão
BW3_0450.bin,42,0x5567,0x557A,,頼む,Please.,,aguardando tradução/revisão
BW3_0450.bin,43,0x55AF,0x55E2,,この作戦に協力して欲しい,Help us out with this operation...,,aguardando tradução/revisão
BW3_0450.bin,44,0x568D,0x56C9,,こいつらは、足手まといにしかならん,This fool is nothing but an encumbrance.,,aguardando tradução/revisão
BW3_0450.bin,45,0x5789,0x57EC,,しかし、その森こそ探し続けていた場所に間違いはないようだ,"But the forest he speaks of is the place you're searching for,",,aguardando tradução/revisão
BW3_0450.bin,46,0x591D,0x5941,,作戦を聞かせて,Tell me the plan.,,aguardando tradução/revisão
BW3_0450.bin,47,0x59A9,0x59B9,,ちくしょう,Damn it!,,aguardando tradução/revisão
BW3_0450.bin,48,0x59F2,0x5A2F,,それなりに修羅場をくぐってきたつもりだが,"I've seen a lot of things on the battlefield,",,aguardando tradução/revisão
BW3_0450.bin,49,0x5B03,0x5B45,,"仲間の死に様を拝む事だけは
慣れねぇもんだな",but I'll never get used to seeing a buddy die!,,aguardando tradução/revisão
BW3_0450.bin,50,0x5C64,,,慣れねぇもんだな,,,sem par em inglês; traduzir a partir do japonês
BW3_0450.bin,51,0x5C7D,0x5C8A,,アリシア,"Alicia,",,aguardando tradução/revisão
BW3_0450.bin,52,0x5CB5,0x5CD7,,お前も知ってるだろうが,you know it too...,,aguardando tradução/revisão
BW3_0450.bin,53,0x5D3F,0x5D6A,,悪魔は日に日に増えてきやがる,the demons are increasing every day.,,aguardando tradução/revisão
BW3_0450.bin,54,0x5E26,0x5E69,,それを阻止しない限り人類の滅亡は時間の問題だ,"Unless we stop them, humanity will be wiped out.",,aguardando tradução/revisão
BW3_0450.bin,55,0x5FA1,0x5FFE,,"もし、奴らをこの世から消したいと思ってるなら
これを読んでくれ","If you want to get rid of those bastards, then read this.",,aguardando tradução/revisão
BW3_0450.bin,56,0x610E,,,これを読んでくれ,,,sem par em inglês; traduzir a partir do japonês
BW3_0450.bin,57,0x6127,0x6179,,２００６年１０月９日――　とんでもないいたずら電話だ！,"10/9/2006
I just got the most disturbing prank call!",,aguardando tradução/revisão
BW3_0450.bin,58,0x6289,0x62DB,,よりによって私の最愛の者が乗った飛行機が墜落したなどと,They said that the airplane my beloved was on had gone down.,,aguardando tradução/revisão
BW3_0450.bin,59,0x6424,,,質の悪い冗談とは言え、私の血はざわめいたままで、何をしていいのかも判らない,,,sem par em inglês; traduzir a partir do japonês
BW3_0450.bin,60,0x6494,0x64EC,,２００６年１０月１１日――　ニュースは日々詳細を伝えている,"10/11/2016
The news is showing all the grisly details right now.",,aguardando tradução/revisão
BW3_0450.bin,61,0x6662,0x66A5,,だが、私には遠い国の話のようにしか聞こえない,But it's like they're talking about some distant foreign country.,,aguardando tradução/revisão
BW3_0450.bin,62,0x67CE,0x67E4,,ああ……神よ！,"Oh, God!!",,aguardando tradução/revisão
BW3_0450.bin,63,0x681C,0x6862,,２００６年１２月２４日――　祈りには応えがない,"12/24/2006
There's no answer to my prayers.",,aguardando tradução/revisão
BW3_0450.bin,64,0x6958,0x697D,,安らぎが訪れることもない,I never feel a moment of rest or comfort.,,aguardando tradução/revisão
BW3_0450.bin,65,0x6A66,0x6A94,,ただ、増すのは孤独と絶望ばかり,Only a wrenching sadness and a despair that grows and grows...,,aguardando tradução/revisão
BW3_0450.bin,66,0x6BE8,0x6C40,,２００７年６月２日――　ついに捜し求めていた文献を発見した,"6/2/2007
Finally! I found the reference I'd been looking for!",,aguardando tradução/revisão
BW3_0450.bin,67,0x6D86,0x6DCC,,目に見えぬ神は、生命の摂理を決して曲げぬだろう,The invisible God wouldn't bend the laws that govern life.,,aguardando tradução/revisão
BW3_0450.bin,68,0x6F0B,0x6F24,,だが、悪魔ならば,But the Devil...,,aguardando tradução/revisão
BW3_0450.bin,69,0x6F83,0x6FCC,,２００７年９月９日――　あの呪われた村の奥にある,"9/9/2007
Beyond that cursed village,",,aguardando tradução/revisão
BW3_0450.bin,70,0x70A4,0x70E1,,忌まわしく深い森に、特異点が存在するのだ,"deep in the forest is a ""singularity.""",,aguardando tradução/revisão
BW3_0450.bin,71,0x71EC,0x7232,,闇の力によって生命を再生する術は存在したのだ！,It has the power to return life with the power of Darkness!,,aguardando tradução/revisão
BW3_0450.bin,72,0x7377,0x73C0,,２００７年１０月１２日――　時は拷問にしか過ぎぬ,"10/12/2007
Time is nothing more than torture for me.",,aguardando tradução/revisão
BW3_0450.bin,73,0x74D3,0x7516,,仮に命長らえたとて、それが果たして何になろう,"Even if I could live on for many years, what would be the point?",,aguardando tradução/revisão
BW3_0450.bin,74,0x7640,0x7653,,明日、旅立つ,Tomorrow I set out on my journey.,,aguardando tradução/revisão
BW3_0450.bin,75,0x76F7,0x7719,,愛する者を蘇らせる為に,To bring my beloved back to life.,,aguardando tradução/revisão
BW3_0450.bin,76,0x77D9,0x77E3,,これは,So what's this?,,aguardando tradução/revisão
BW3_0450.bin,77,0x7839,0x7864,,うちの情報部が見つけた代物だ,It's a journal found by our intelligence people.,,aguardando tradução/revisão
BW3_0450.bin,78,0x796A,0x79AD,,５年前に消息を絶った考古学者が残した物らしい,It belonged to an archaeologist that disappeared five years ago.,,aguardando tradução/revisão
BW3_0450.bin,79,0x7ADC,0x7B1F,,司令部は大人数を武装させて調査に向かわせたが,"HQ sent out a lot of well-armed people to try to find him,",,aguardando tradução/revisão
BW3_0450.bin,80,0x7C7A,0x7C9F,,誰一人、帰ってこなかった,but none of them ever returned.,,aguardando tradução/revisão
BW3_0450.bin,81,0x7D4E,0x7D7C,,じゃあ、この日記に記された森が,So then...it must be the forest he mentioned.,,aguardando tradução/revisão
BW3_0450.bin,82,0x7E74,0x7E99,,ああ、断言していいだろう,"Yeah, you deserve to know...",,aguardando tradução/revisão
BW3_0450.bin,83,0x7F3A,0x7F62,,悪魔どもはそこから生まれる,The demons are all coming from there.,,aguardando tradução/revisão
BW3_0450.bin,84,0x800B,0x806E,,"俺達は、各都市の残存兵力を集結させ
森へ進行する作戦を開始している","All of us, all the remaining forces from each city...
We're about to start a large-scale op in that forest.",,aguardando tradução/revisão
BW3_0450.bin,85,0x8271,0x827E,,アリシア,Alicia!,,aguardando tradução/revisão
BW3_0450.bin,86,0x82A9,0x82E0,,あんたの戦いっぷりを見ていて分かった,"When I saw you fight, I knew it.",,aguardando tradução/revisão
BW3_0450.bin,87,0x83AD,0x83BA,,その力だ,That power of yours.,,aguardando tradução/revisão
BW3_0450.bin,88,0x841B,0x8455,,俺達は今、お前のその力を必要としている,"We need it right now.
We need the power you've got!",,aguardando tradução/revisão
BW3_0450.bin,89,0x855F,0x8566,,頼む,Please.,,aguardando tradução/revisão
BW3_0450.bin,90,0x859B,0x85C0,,この作戦に協力して欲しい,Help us out on this operation...,,aguardando tradução/revisão
BW3_0450.bin,91,0x8662,0x8696,,こいつらは、足手まといにしかならん,This fool is nothing but an encumbrance.,,aguardando tradução/revisão
BW3_0450.bin,92,0x8750,0x87A5,,しかし、その森こそ探し続けていた場所に間違いはないようだ,But the forest he speaks of is the place you're searching for.,,aguardando tradução/revisão
BW3_0450.bin,93,0x88D3,0x88E9,,作戦を聞かせて,Tell me the plan.,,aguardando tradução/revisão
BW3_0800.bin,1,0x155E,0x15B2,,それじゃ、出発だからそろそろ行くわ,"The plane's about to take off, so I'd better go.",,aguardando tradução/revisão
BW3_0800.bin,2,0x169D,0x16DA,,ああ、気をつけて行ってくるんだよ,"Okay, sweetheart.
Have a great time and be careful.",,aguardando tradução/revisão
BW3_0800.bin,3,0x17B7,0x17E3,,おみやげ期待しててね,I'll buy you something nice!,,aguardando tradução/revisão
BW3_0800.bin,4,0x186B,0x188E,,愛してるわパパ,"I love you, Papa!",,aguardando tradução/revisão
BW3_0800.bin,5,0x18F3,0x1916,,私も愛してるよ,I love you too...,,aguardando tradução/revisão
BW3_0800.bin,6,0x1970,0x198A,,アリシア,Alicia.,,aguardando tradução/revisão
BW3_0800.bin,7,0x1992,0x19EB,,あんたが現れてなければ、俺達はとっくに全滅していた,"If it weren't for you, we wouldn't have stood a chance...",,aguardando tradução/revisão
BW3_0800.bin,8,0x1AD7,0x1AF4,,礼を言うよ,I just want to say thanks.,,aguardando tradução/revisão
BW3_0800.bin,9,0x1B89,0x1BDC,,礼より、この作戦が終了したらあの街に戻して頂戴,"You're welcome.
But when this operation is over, take me back to the city.",,aguardando tradução/revisão
BW3_0800.bin,10,0x1D46,0x1D60,,あの悪魔,That demon...,,aguardando tradução/revisão
BW3_0800.bin,11,0x1DAB,0x1DEC,,あいつ、あのままにはしてはおかない,Damn it!  I can't just leave it like that.,,aguardando tradução/revisão
BW3_0800.bin,12,0x1ED8,0x1EFE,,しかし、アリシア,"Speaking of demons, Alicia,",,aguardando tradução/revisão
BW3_0800.bin,13,0x1F97,0x1FF0,,あんた見た目は人間だが、その力は人間のものじゃない,"You look like a normal human being,
but that power of yours isn't human.
I don't know...",,aguardando tradução/revisão
BW3_0800.bin,14,0x21A9,0x21BF,,まるで,It's more like...,,aguardando tradução/revisão
BW3_0800.bin,15,0x225F,0x2270,,魔女？,a witch?,,aguardando tradução/revisão
BW3_0800.bin,16,0x22B6,0x22CA,,ああ,Yeah...,,aguardando tradução/revisão
BW3_0800.bin,17,0x22EC,0x2333,,そのでっかい銃はさしずめ魔女のホウキだ,"And that giant gun is like your broom, huh.",,aguardando tradução/revisão
BW3_0800.bin,18,0x2412,0x2454,,魔女ってのは悪魔の手先だと思ってたが,I thought that witches were friends with demons.,,aguardando tradução/revisão
BW3_0800.bin,19,0x255C,0x25A3,,その魔女がなんで、やつらと戦っている？,So then why are you fighting against them anyway?,,aguardando tradução/revisão
BW3_0800.bin,20,0x2687,0x26BA,,なんだあの巨大な物体は？,Oh shit! What the hell is that thing!?,,aguardando tradução/revisão
BW3_0800.bin,21,0x277F,0x27BE,,この高度を飛べる悪魔がいるとはな,I didn't expect a flying demon at this altitude!,,aguardando tradução/revisão
BW3_0800.bin,22,0x28C9,0x290E,,アリシア　この状況、中からどう攻める,"Alicia, it will be difficult to attack from inside here!",,aguardando tradução/revisão
BW3_0800.bin,23,0x2A1F,0x2A40,,中じゃなきゃ,Then I'll just have to...,,aguardando tradução/revisão
BW3_0800.bin,24,0x2AC3,0x2AE4,,問題ない！！,Go out and meet it!,,aguardando tradução/revisão
BW3_0800.bin,25,0x2B6B,0x2B9F,,それじゃ、出発だからそろそろ行くわ,"The plane's about to take off, so I'd better go.",,aguardando tradução/revisão
BW3_0800.bin,26,0x2C8D,0x2CBE,,ああ、気をつけて行ってくるんだよ,"Okay, sweetheart.
Have a great time and be careful.",,aguardando tradução/revisão
BW3_0800.bin,27,0x2D9E,0x2DBD,,おみやげ期待しててね,I'll buy you something nice!,,aguardando tradução/revisão
BW3_0800.bin,28,0x2E45,0x2E5B,,愛してるわパパ,"I love you, Papa!",,aguardando tradução/revisão
BW3_0800.bin,29,0x2EC0,0x2ED6,,私も愛してるよ,I love you too...,,aguardando tradução/revisão
BW3_0800.bin,30,0x2F30,0x2F3D,,アリシア,Alicia.,,aguardando tradução/revisão
BW3_0800.bin,31,0x2F65,0x2FB1,,あんたが現れてなければ、俺達はとっくに全滅していた,"If it weren't for you, we wouldn't have stood a chance...",,aguardando tradução/revisão
BW3_0800.bin,32,0x30A0,0x30B0,,礼を言うよ,I just want to say thanks.,,aguardando tradução/revisão
BW3_0800.bin,33,0x3145,0x318B,,礼より、この作戦が終了したらあの街に戻して頂戴,"You're welcome.
But when this operation is over, take me back to the city.",,aguardando tradução/revisão
BW3_0800.bin,34,0x32FC,0x3309,,あの悪魔,That demon...,,aguardando tradução/revisão
BW3_0800.bin,35,0x3354,0x3388,,あいつ、あのままにはしてはおかない,Damn it! I can't just leave it like that.,,aguardando tradução/revisão
BW3_0800.bin,36,0x3476,0x348F,,しかし、アリシア,"Speaking of demons, Alicia,",,aguardando tradução/revisão
BW3_0800.bin,37,0x3528,0x3574,,あんた見た目は人間だが、その力は人間のものじゃない,"you look like a normal human being,
but that power of yours isn't human.
I don't know...",,aguardando tradução/revisão
BW3_0800.bin,38,0x3735,0x373F,,まるで,It's more like...,,aguardando tradução/revisão
BW3_0800.bin,39,0x379A,0x37A4,,まるで,More like...,,aguardando tradução/revisão
BW3_0800.bin,40,0x37DC,0x37E6,,魔女？,a witch?,,aguardando tradução/revisão
BW3_0800.bin,41,0x382C,0x3833,,ああ,Yeah...,,aguardando tradução/revisão
BW3_0800.bin,42,0x3855,0x388F,,そのでっかい銃はさしずめ魔女のホウキだ,"And that giant gun is like your broom, huh?",,aguardando tradução/revisão
BW3_0800.bin,43,0x3971,0x39A8,,魔女ってのは悪魔の手先だと思ってたが,I thought that witches were friends with demons.,,aguardando tradução/revisão
BW3_0800.bin,44,0x3AB4,0x3AEE,,その魔女がなんで、やつらと戦っている？,So then why are you fighting against them anyway?,,aguardando tradução/revisão
BW3_0800.bin,45,0x3BD4,0x3BF9,,なんだあの巨大な物体は？,"Aw, shit! What the hell is that thing?!",,aguardando tradução/revisão
BW3_0800.bin,46,0x3CB9,0x3CEA,,この高度を飛べる悪魔がいるとはな,I didn't expect a flying demon at this altitude.,,aguardando tradução/revisão
BW3_0800.bin,47,0x3DF2,0x3E29,,アリシア　この状況、中からどう攻める,"Alicia, it will be difficult to attack from inside here.",,aguardando tradução/revisão
BW3_0800.bin,48,0x3F37,0x3F4A,,中じゃなきゃ,Then I'll just have to...,,aguardando tradução/revisão
BW3_0800.bin,49,0x3FC6,0x3FD9,,問題ない！！,...go out and meet it!,,aguardando tradução/revisão
BW3_0900.bin,1,0x717,0x770,,アリシア、さっきのは見事な一撃だったな,"Alicia, that was a hell of a job you did! And now",,aguardando tradução/revisão
BW3_0900.bin,2,0x846,0x888,,それと、ちょうど良いニュースが入った,I've got some good news.,,aguardando tradução/revisão
BW3_0900.bin,3,0x912,0x941,,もうすぐ司令部に到着だ,We'll be landing at HQ soon!,,aguardando tradução/revisão
BW3_0900.bin,4,0x9E8,0xA14,,悪いニュースもあるわ,I've got some bad news too.,,aguardando tradução/revisão
BW3_0900.bin,5,0xAB2,0xAE6,,エンジンにダメージを受けた,An engine took a hit.,,aguardando tradução/revisão
BW3_0900.bin,6,0xB70,0xBA8,,これより不時着する、衝撃に備えろ,"We'll make an emergency landing!
Brace for impact!",,aguardando tradução/revisão
BW3_0900.bin,7,0xCB6,0xCE5,,アリシア、こんな時だが,"Alicia, just one thing...",,aguardando tradução/revisão
BW3_0900.bin,8,0xD62,0xDA9,,１００００フィートでの発砲はやめておけ,"No more shooting at 10,000 feet.",,aguardando tradução/revisão
BW3_0900.bin,9,0xE5D,0xE97,,アリシア、さっきのは見事な一撃だったな,"Alicia, that was a hell of a job you did! And now",,aguardando tradução/revisão
BW3_0900.bin,10,0xF6F,0xFA6,,それと、ちょうど良いニュースが入った,I've got some good news.,,aguardando tradução/revisão
BW3_0900.bin,11,0x1030,0x1052,,もうすぐ司令部に到着だ,We'll be landing at HQ soon!,,aguardando tradução/revisão
BW3_0900.bin,12,0x10FA,0x1119,,悪いニュースもあるわ,I've got some bad news too.,,aguardando tradução/revisão
BW3_0900.bin,13,0x11B7,0x11DF,,エンジンにダメージを受けた,An engine took a hit.,,aguardando tradução/revisão
BW3_0900.bin,14,0x1269,0x129A,,これより不時着する、衝撃に備えろ,"We'll make an emergency landing!
Brace for impact!",,aguardando tradução/revisão
BW3_0900.bin,15,0x13AB,0x13CD,,アリシア、こんな時だが,"Alicia, just one thing...",,aguardando tradução/revisão
BW3_0900.bin,16,0x144A,0x1484,,１００００フィートでの発砲はやめておけ,"No more shooting at 10,000 feet.",,aguardando tradução/revisão
BW4_0110.bin,1,0x2E4,0x37C,,"やれやれ、まさか助かるとは思わなかったぜ
ここからなら、司令部は歩いていける距離だ","Nice going. I didn't think we were going to make it.
We're close enough to walk to the HQ from here.",,aguardando tradução/revisão
BW4_0110.bin,2,0x56C,0x5AD,,ここまでくれば、ひとまずは安全だな,"We've made it this far, so we can relax a little.",,aguardando tradução/revisão
BW4_0110.bin,3,0x6DB,0x738,,"けが人とお年寄りの面倒をみます
後で救助に来てください",I'll look after the old and injured. Please come back for us later.,,aguardando tradução/revisão
BW4_0110.bin,4,0x8A6,0x921,,"やれやれ、まさか助かるとは思わなかったぜ
ここからなら、司令部は歩いていける距離だ","Nice going. I didn't think we were going to make it.
We're close enough to walk to HQ from here.",,aguardando tradução/revisão
BW4_0110.bin,5,0xB15,0xB49,,ここまでくれば、ひとまずは安全だな,"We've made it this far, so we can relax a little.",,aguardando tradução/revisão
BW4_0110.bin,6,0xC7B,0xCCC,,"けが人とお年寄りの面倒をみます
後で救助に来てください","I'll look after the old and injured.
Please come back for us.",,aguardando tradução/revisão
BW4_0300.bin,1,0xC21,0xC4B,,いいか,People!,,aguardando tradução/revisão
BW4_0300.bin,2,0xC78,0xCA9,,これから、俺達は人類の敵,We've got a job to do. All of us!,,aguardando tradução/revisão
BW4_0300.bin,3,0xD51,0xDAA,,奴ら悪魔共の巣窟に向かって、一大侵攻作戦を開始する,"We're gonna go clean up the rat's nest
where all those demons are coming from.",,aguardando tradução/revisão
BW4_0300.bin,4,0xEFB,0xF5A,,森の最深部には、悪魔共がこの世に出現するポイントがある,"In the deepest part of the forest,
there's a point that all these demons come through.",,aguardando tradução/revisão
BW4_0300.bin,5,0x1100,0x113B,,そこを潰し、奴らの発生を封じる,Destroy that point and stop the demons from entering our world.,,aguardando tradução/revisão
BW4_0300.bin,6,0x1296,0x12C2,,それが、今回の任務だ,That's your mission today!,,aguardando tradução/revisão
BW4_0300.bin,7,0x135D,0x13BF,,敵がどんな種類か、どれだけ数がいるのか、正確な情報はない,"As for what kind of demons or how many we might be fighting,
we have no real idea.",,aguardando tradução/revisão
BW4_0300.bin,8,0x155B,0x159F,,だが、俺達はそれでも前に進むしかない,"Even so, all we can do as soldiers is move forward!",,aguardando tradução/revisão
BW4_0300.bin,9,0x16C6,0x1701,,俺達の命が人類の未来を切り開く,You are all fighting for the future of the human race!,,aguardando tradução/revisão
BW4_0300.bin,10,0x17FF,0x1831,,人類の為に俺達は逃げない,"To save humanity, we will not run!",,aguardando tradução/revisão
BW4_0300.bin,11,0x1907,0x1933,,人類の為に俺達は戦う,"To save humanity, we will fight to our death!",,aguardando tradução/revisão
BW4_0300.bin,12,0x1A42,0x1A76,,人類の為に俺達は命をかける,"To save humanity, we will put our lives on the line!",,aguardando tradução/revisão
BW4_0300.bin,13,0x1B89,0x1BA9,,分かったか！,Do you hear me!,,aguardando tradução/revisão
BW4_0300.bin,14,0x1BF7,0x1C3C,,"分かったら、出発だ！
もたもたするな！",Then let's roll! We've got a job to do!,,aguardando tradução/revisão
BW4_0300.bin,15,0x1D3E,0x1D48,,いいか,People!,,aguardando tradução/revisão
BW4_0300.bin,16,0x1D75,0x1D9A,,これから、俺達は人類の敵,We've got a job to do. All of us!,,aguardando tradução/revisão
BW4_0300.bin,17,0x1E43,0x1E8F,,奴ら悪魔共の巣窟に向かって、一大侵攻作戦を開始する,"We're gonna go clean up the rat's nest
where all those demons are coming from.",,aguardando tradução/revisão
BW4_0300.bin,18,0x1FE6,0x2038,,森の最深部には、悪魔共がこの世に出現するポイントがある,"In the deepest part of the forest,
there's a point that all these demons come through.",,aguardando tradução/revisão
BW4_0300.bin,19,0x21E6,0x2214,,そこを潰し、奴らの発生を封じる,Destroy that point and stop the demons from entering our world.,,aguardando tradução/revisão
BW4_0300.bin,20,0x2374,0x2393,,それが、今回の任務だ,That's your mission today!,,aguardando tradução/revisão
BW4_0300.bin,21,0x242E,0x2483,,敵がどんな種類か、どれだけ数がいるのか、正確な情報はない,"As for what kind of demons or how many we might be fighting,
we have no real idea.",,aguardando tradução/revisão
BW4_0300.bin,22,0x2626,0x265D,,だが、俺達はそれでも前に進むしかない,"Even so, all we can do as soldiers is move forward!",,aguardando tradução/revisão
BW4_0300.bin,23,0x2789,0x27B7,,俺達の命が人類の未来を切り開く,You are all fighting for the future of the human race!,,aguardando tradução/revisão
BW4_0300.bin,24,0x28B9,0x28DE,,人類の為に俺達は逃げない,"To save humanity, we will not run!",,aguardando tradução/revisão
BW4_0300.bin,25,0x29B7,0x29D6,,人類の為に俺達は戦う,"To save humanity, we will fight to our death!",,aguardando tradução/revisão
BW4_0300.bin,26,0x2AE9,0x2B11,,人類の為に俺達は命をかける,"To save humanity, we will put our lives on the line!",,aguardando tradução/revisão
BW4_0300.bin,27,0x2C28,0x2C3B,,分かったか！,Do you hear me?,,aguardando tradução/revisão
BW4_0300.bin,28,0x2C89,0x2CC2,,"分かったら、出発だ！
もたもたするな！",Then let's roll! We've got a job to do!,,aguardando tradução/revisão
BW5_0100.bin,1,0x2E4,0x331,,"こちら、第十二突撃隊
ブラボーチーム","This is the 12th Brigade, Bravo Team.",,aguardando tradução/revisão
BW5_0100.bin,2,0x3FF,0x44C,,"現在、目標地点まで残り８０００メートル
敵影見られず","We're currently 8,000 meters from our target.
Enemy radar has not picked us up.",,aguardando tradução/revisão
BW5_0100.bin,3,0x5F9,0x65C,,"はい、はい
了解！
第二種戦闘態勢のまま、二時方向に侵攻を継続します","Okay, okay.
......Roger!
Secondary battle group ready. We're coming in at two o'clock.",,aguardando tradução/revisão
BW5_0100.bin,4,0x7FF,0x834,,"こちら、第十二突撃隊
ブラボーチーム","This is the 12th Brigade, Bravo Team.",,aguardando tradução/revisão
BW5_0100.bin,5,0x902,0x94F,,"現在、目標地点まで残り８０００メートル
敵影見られず","We're currently 8,000 meters from our target.
Enemy radar has not picked us up.",,aguardando tradução/revisão
BW5_0100.bin,6,0xAFC,0xB5F,,"はい、はい
了解！
第二種戦闘態勢のまま、二時方向に侵攻を継続します","Okay, okay.
......Roger!
Secondary battle group ready. We're coming in at two o'clock.",,aguardando tradução/revisão
BW5_0200.bin,1,0x7EE,0x81A,,これは？,What's this?,,aguardando tradução/revisão
BW5_0200.bin,2,0x869,0x88E,,捧げよ、とあるな,It says to make a sacrifice,,aguardando tradução/revisão
BW5_0200.bin,3,0x92E,0x953,,生贄の思念と肉体,of the body and the spirit...,,aguardando tradução/revisão
BW5_0200.bin,4,0x9DE,0xA3D,,それを媒介として、何らかの《場》のようなものが形成され,"With that as an intermediary, some kind of ""place"" will be formed...",,aguardando tradução/revisão
BW5_0200.bin,5,0xB39,0xB79,,そこを通って奴らはこの世界に現れる,Those demons are entering the world through there.,,aguardando tradução/revisão
BW5_0200.bin,6,0xC68,0xC8E,,だが、逆に言えば,So the reverse must also be true...,,aguardando tradução/revisão
BW5_0200.bin,7,0xD5C,0xD8E,,その媒介となっているもの,The thing that's serving as the intermediary.,,aguardando tradução/revisão
BW5_0200.bin,8,0xE45,0xEA4,,生贄の肉体を破壊してしまえば、奴らはもう出てはこれない,"If we destroy its body, they won't be able to come through anymore.",,aguardando tradução/revisão
BW5_0200.bin,9,0xFDF,0x1002,,そういうことだ,I believe that's true.,,aguardando tradução/revisão
BW5_0200.bin,10,0x1077,0x1084,,これは？,What's this?,,aguardando tradução/revisão
BW5_0200.bin,11,0x10D3,0x10EC,,捧げよ、とあるな,It says to make a sacrifice,,aguardando tradução/revisão
BW5_0200.bin,12,0x118C,0x11A5,,生贄の思念と肉体,of the body and the spirit...,,aguardando tradução/revisão
BW5_0200.bin,13,0x1230,0x1282,,それを媒介として、何らかの《場》のようなものが形成され,"With that as an intermediary, some kind of ""place"" will be formed...",,aguardando tradução/revisão
BW5_0200.bin,14,0x137E,0x13B2,,そこを通って奴らはこの世界に現れる,Those demons are entering the world through there.,,aguardando tradução/revisão
BW5_0200.bin,15,0x14A4,0x14BD,,だが、逆に言えば,So the reverse must also be true...,,aguardando tradução/revisão
BW5_0200.bin,16,0x158D,0x15B2,,その媒介となっているもの,The thing that's serving as the intermediary.,,aguardando tradução/revisão
BW5_0200.bin,17,0x166A,0x16BC,,生贄の肉体を破壊してしまえば、奴らはもう出てはこれない,"If we destroy its body, they won't be able to come through anymore.",,aguardando tradução/revisão
BW5_0200.bin,18,0x17FB,0x1811,,そういうことだ,I believe that's true.,,aguardando tradução/revisão
BW5_0250.bin,1,0x136,0x18E,,"あれだ
しかし、まだ意識があるとは驚きだ","...There it is.
But I'm surprised to see that it's still conscious.",,aguardando tradução/revisão
BW5_0250.bin,2,0x2CB,0x307,,"あれだ
しかし、まだ意識があるとは驚きだ","...There it is.
But I'm surprised to see that it's still conscious.",,aguardando tradução/revisão
BW5_0350.bin,1,0x23A5,0x23F1,,"この生贄を
この男を殺すことで","By killing this man, this sacrifice,",,aguardando tradução/revisão
BW5_0350.bin,2,0x24A9,,,この男を殺すことで,,,sem par em inglês; traduzir a partir do japonês
BW5_0350.bin,3,0x24CE,0x2500,,新たな悪魔の出現は止まる,you can stop more demons from appearing.,,aguardando tradução/revisão
BW5_0350.bin,4,0x25DE,0x263A,,２００６年９月８日――　娘の旅行まで残り１ヶ月となった,"2006/09/08
There's only one month left before my daughter's trip.",,aguardando tradução/revisão
BW5_0350.bin,5,0x278A,0x27BD,,13歳になったら旅行をしたい,She said she wanted to travel when she turned 13.,,aguardando tradução/revisão
BW5_0350.bin,6,0x28D9,0x292C,,母親が生まれ育った地中海の海を一度見てみたいと,"She said she wanted to see the Mediterranean Sea
where her mother was born.",,aguardando tradução/revisão
BW5_0350.bin,7,0x2A83,0x2AD0,,そう言い始めたのは去年の今頃だっただろうか,It was just last year that she started talking about it.,,aguardando tradução/revisão
BW5_0350.bin,8,0x2BB7,0x2C22,,２００６年９月１６日――　今日は、ちょっとしたパーティーだった,"2006/09/16
We had a little party here today.",,aguardando tradução/revisão
BW5_0350.bin,9,0x2D10,0x2D4E,,突然、娘が誕生日だと祝ってくれた,My daughter threw me a surprise birthday party.,,aguardando tradução/revisão
BW5_0350.bin,10,0x2E74,0x2ED8,,なにやら台所で長いこと格闘していたのは、そのせいだったのだ,She's been toiling away all day in the kitchen getting ready.,,aguardando tradução/revisão
BW5_0350.bin,11,0x3006,0x304A,,もう自分の歳など忘れていたというのに,I had totally forgotten what day it was.,,aguardando tradução/revisão
BW5_0350.bin,12,0x3147,0x316C,,本当に優しい子だ,What a sweet girl she is.,,aguardando tradução/revisão
BW5_0350.bin,13,0x31ED,0x3264,,２００６年９月２２日――　帰宅すると、娘が見慣れぬ格好で出迎えてくれた,"2006/09/22
When I came home,
she greeted me in an outfit I'd never seen before.",,aguardando tradução/revisão
BW5_0350.bin,14,0x3400,0x3441,,今日は友達と服を買いに行ったようだ,Apparently she'd been clothes shopping with a friend today.,,aguardando tradução/revisão
BW5_0350.bin,15,0x3550,0x3597,,本当はもっと地味な服にして欲しいのだが,I would have preferred something less showy.  ,,aguardando tradução/revisão
BW5_0350.bin,16,0x3689,0x36CB,,変な虫がつかないかどうか気がかりだ,I worry about her attracting unwanted attention.,,aguardando tradução/revisão
BW5_0350.bin,17,0x37E2,0x3826,,日ごとに、亡くなった妻に似てきている,"Everyday she looks more and more like her mother,
God rest her soul...",,aguardando tradução/revisão
BW5_0350.bin,18,0x398B,0x39E4,,２００６年１０月８日――　明日はいよいよ出発の日だ,"2006/10/08
Tomorrow is finally the day I've been dreading.",,aguardando tradução/revisão
BW5_0350.bin,19,0x3AFE,0x3B60,,短い間でも、私と離れるのは寂しいと昨夜は突然泣き出したが,"Last night she suddenly started crying, saying she'd miss me terribly,",,aguardando tradução/revisão
BW5_0350.bin,20,0x3CFC,0x3D50,,そんな事も忘れたように楽しそうに準備をしている,but now she's happily getting ready as if nothing happened.,,aguardando tradução/revisão
BW5_0350.bin,21,0x3E93,0x3ED7,,あの子は親思いの本当に心の優しい子だ,"What a sweet, lovely girl she is.",,aguardando tradução/revisão
BW5_0350.bin,22,0x3F94,0x3FD5,,私にとって命よりも大事な最愛の娘だ,"My beloved daughter, more precious to me than life itself.",,aguardando tradução/revisão
BW5_0350.bin,23,0x40FE,0x412C,,アリシア　なぜ、ためらう,"Alicia, what are you waiting for?",,aguardando tradução/revisão
BW5_0350.bin,24,0x41BE,0x41DE,,その男を殺せ,Kill that man.,,aguardando tradução/revisão
BW5_0350.bin,25,0x4236,0x4269,,悪魔共をこの世に出現させ,"This man who allowed the demons into this world,",,aguardando tradução/revisão
BW5_0350.bin,26,0x4386,0x43D1,,世界中をこんな地獄にする引き金を引いた男,who turned the Earth into the living hell that it's become.,,aguardando tradução/revisão
BW5_0350.bin,27,0x44E9,0x4525,,それも、たった一つの望みの為に,Who did it all for one single purpose...,,aguardando tradução/revisão
BW5_0350.bin,28,0x45F9,0x462E,,自分の娘を生き返らせる為に,To bring his own daughter back to life...,,aguardando tradução/revisão
BW5_0350.bin,29,0x46F6,0x470B,,でも,But,,aguardando tradução/revisão
BW5_0350.bin,30,0x4730,0x47BE,,"その生き返った娘が、全てを知り苦しみながら
生きなければならないと分かっていたと思う？","did he know that his daughter would have to live with the knowledge 
of all the suffering that her life had brought.",,aguardando tradução/revisão
BW5_0350.bin,31,0x49C6,0x49E4,,ねえ、なぜ,Why? Why? Please tell me.,,aguardando tradução/revisão
BW5_0350.bin,32,0x4A84,0x4AD8,,なぜ、そっと死なせておくことができなかったの？,Why couldn't you just let me die in peace?,,aguardando tradução/revisão
BW5_0350.bin,33,0x4BCC,0x4BE2,,ねえ？,Why?,,aguardando tradução/revisão
BW5_0350.bin,34,0x4C24,0x4C5A,,あなたの娘はもう死んだのよ,The daughter you knew..She's dead...,,aguardando tradução/revisão
BW5_0350.bin,35,0x4D31,0x4D3E,,アリシア,A..l...i..c...i...a...,,aguardando tradução/revisão
BW5_0350.bin,36,0x4D8C,0x4DD7,,ここにいるのは、あなたが愛した娘じゃない,What you see here isn't your beloved daughter.,,aguardando tradução/revisão
BW5_0350.bin,37,0x4EC2,0x4F21,,途方もない罪を償う為に、戦い続けなければいけなくなった,"You see someone
who fights to make up for the endless crimes laid at her feet...",,aguardando tradução/revisão
BW5_0350.bin,38,0x50F5,0x510D,,魔女よ,A witch.,,aguardando tradução/revisão
BW5_0350.bin,39,0x5150,0x5161,,私,Don't forget...,,aguardando tradução/revisão
BW5_0350.bin,40,0x51BE,0x51E8,,今でも愛しているわ,I will always love you. ,,aguardando tradução/revisão
BW5_0350.bin,41,0x526C,0x5281,,パパ,Papa...,,aguardando tradução/revisão
BW5_0350.bin,42,0x52AD,0x52DA,,"この生贄を
この男を殺すことで","By killing this man, this sacrifice,",,aguardando tradução/revisão
BW5_0350.bin,43,0x5393,,,この男を殺すことで,,,sem par em inglês; traduzir a partir do japonês
BW5_0350.bin,44,0x53AF,0x53D4,,新たな悪魔の出現は止まる,you can stop more demons from appearing.,,aguardando tradução/revisão
BW5_0350.bin,45,0x54B5,0x5507,,２００６年９月８日――　娘の旅行まで残り１ヶ月となった,"9/8/2006
There's only one month left before my daughter's trip.",,aguardando tradução/revisão
BW5_0350.bin,46,0x565D,0x5684,,13歳になったら旅行をしたい,She said she wanted to travel when she turned 13.,,aguardando tradução/revisão
BW5_0350.bin,47,0x57A5,0x57EB,,母親が生まれ育った地中海の海を一度見てみたいと,"She said she wanted to see the Mediterranean Sea
where her mother was born.",,aguardando tradução/revisão
BW5_0350.bin,48,0x5947,0x5987,,そう言い始めたのは去年の今頃だっただろうか,It was just last year that she started talking about it.,,aguardando tradução/revisão
BW5_0350.bin,49,0x5A71,0x5ACF,,２００６年９月１６日――　今日は、ちょっとしたパーティーだった,"9/16/2006
We had a little party here today.",,aguardando tradução/revisão
BW5_0350.bin,50,0x5BC1,0x5BF2,,突然、娘が誕生日だと祝ってくれた,My daughter threw me a surprise birthday party.,,aguardando tradução/revisão
BW5_0350.bin,51,0x5D1D,0x5D75,,なにやら台所で長いこと格闘していたのは、そのせいだったのだ,She's been toiling away all day in the kitchen getting ready.,,aguardando tradução/revisão
BW5_0350.bin,52,0x5EA8,0x5EDF,,もう自分の歳など忘れていたというのに,I had totally forgotten what day it was.,,aguardando tradução/revisão
BW5_0350.bin,53,0x5FE0,0x5FF9,,本当に優しい子だ,What a sweet girl she is.,,aguardando tradução/revisão
BW5_0350.bin,54,0x607A,0x60E4,,２００６年９月２２日――　帰宅すると、娘が見慣れぬ格好で出迎えてくれた,"9/22/2006
When I came home,
she greeted me in an outfit I'd never seen before.",,aguardando tradução/revisão
BW5_0350.bin,55,0x6288,0x62BC,,今日は友達と服を買いに行ったようだ,Apparently she'd been clothes shopping with a friend today.,,aguardando tradução/revisão
BW5_0350.bin,56,0x63CF,0x6409,,本当はもっと地味な服にして欲しいのだが,I would have preferred something less showy.,,aguardando tradução/revisão
BW5_0350.bin,57,0x64FD,0x6531,,変な虫がつかないかどうか気がかりだ,I worry about her attracting unwanted attention.,,aguardando tradução/revisão
BW5_0350.bin,58,0x6646,0x667D,,日ごとに、亡くなった妻に似てきている,"Everyday she looks more and more like her mother,
God rest her soul...",,aguardando tradução/revisão
BW5_0350.bin,59,0x67E0,0x682C,,２００６年１０月８日――　明日はいよいよ出発の日だ,"10/8/2006
Tomorrow is finally the day I've been dreading.",,aguardando tradução/revisão
BW5_0350.bin,60,0x6945,0x699A,,短い間でも、私と離れるのは寂しいと昨夜は突然泣き出したが,"Last night she suddenly started crying, saying she'd miss me terribly,",,aguardando tradução/revisão
BW5_0350.bin,61,0x6B36,0x6B7C,,そんな事も忘れたように楽しそうに準備をしている,but now she's happily getting ready as if nothing happened.,,aguardando tradução/revisão
BW5_0350.bin,62,0x6CBC,0x6CF3,,あの子は親思いの本当に心の優しい子だ,"What a sweet, lovely girl she is.",,aguardando tradução/revisão
BW5_0350.bin,63,0x6DB3,0x6DE7,,私にとって命よりも大事な最愛の娘だ,"My beloved daughter, more precious to me than life itself.",,aguardando tradução/revisão
BW5_0350.bin,64,0x6F14,0x6F39,,アリシア　なぜ、ためらう,"Alicia, what are you waiting for?",,aguardando tradução/revisão
BW5_0350.bin,65,0x6FCB,0x6FDE,,その男を殺せ,Kill that man.,,aguardando tradução/revisão
BW5_0350.bin,66,0x7036,0x705B,,悪魔共をこの世に出現させ,"This man who allowed the demons into this world,",,aguardando tradução/revisão
BW5_0350.bin,67,0x7175,0x71B2,,世界中をこんな地獄にする引き金を引いた男,who turned the Earth into the living hell that it's become.,,aguardando tradução/revisão
BW5_0350.bin,68,0x72C7,0x72F5,,それも、たった一つの望みの為に,Who did it all for one single purpose...,,aguardando tradução/revisão
BW5_0350.bin,69,0x73C4,0x73EC,,自分の娘を生き返らせる為に,To bring his own daughter back to life...,,aguardando tradução/revisão
BW5_0350.bin,70,0x74B6,0x74BD,,でも,But...,,aguardando tradução/revisão
BW5_0350.bin,71,0x74DE,0x755F,,"その生き返った娘が、全てを知り苦しみながら
生きなければならないと分かっていたと思う？","...did he know that his daughter would have to live with the knowledge 
of all the suffering that her life had brought?",,aguardando tradução/revisão
BW5_0350.bin,72,0x776B,0x777B,,ねえ、なぜ,Why? Why? Please tell me.,,aguardando tradução/revisão
BW5_0350.bin,73,0x7814,0x785A,,なぜ、そっと死なせておくことができなかったの？,Why couldn't you just let me die in peace?,,aguardando tradução/revisão
BW5_0350.bin,74,0x794A,0x7954,,ねえ？,Why?,,aguardando tradução/revisão
BW5_0350.bin,75,0x7980,0x79A8,,あなたの娘はもう死んだのよ,The daughter you knew... She's dead...,,aguardando tradução/revisão
BW5_0350.bin,76,0x7A7D,0x7A8A,,アリシア,A..l...i..c...i...a...,,aguardando tradução/revisão
BW5_0350.bin,77,0x7B14,0x7B51,,ここにいるのは、あなたが愛した娘じゃない,What you see here isn't your beloved daughter.,,aguardando tradução/revisão
BW5_0350.bin,78,0x7C38,0x7C8A,,途方もない罪を償う為に、戦い続けなければいけなくなった,"You see someone
who fights to make up for the endless crimes laid at her feet...",,aguardando tradução/revisão
BW5_0350.bin,79,0x7E5F,0x7E69,,魔女よ,A witch.,,aguardando tradução/revisão
BW5_0350.bin,80,0x7EA5,0x7EA9,,私,Don't forget...,,aguardando tradução/revisão
BW5_0350.bin,81,0x7F00,0x7F1C,,今でも愛しているわ,I will always love you.,,aguardando tradução/revisão
BW5_0350.bin,82,0x7F98,0x7F9F,,パパ,Papa...,,aguardando tradução/revisão
BW6_0100.bin,1,0x112B,0x115D,,無事だったか,"Hey, you're okay!",,aguardando tradução/revisão
BW6_0100.bin,2,0x11BF,0x11EE,,エンジントラブルだって,"A little engine trouble, huh?",,aguardando tradução/revisão
BW6_0100.bin,3,0x128B,0x12EA,,この都市も、少し離れてる間にだいぶ様変わりしちまったな,"This whole city...
It's really fallen apart during the time we were away.",,aguardando tradução/revisão
BW6_0100.bin,4,0x1458,0x14B8,,"九回裏、コールド負け直前
怪我人続出で、チームもガタガタ","It's the bottom of the ninth inning.
Injuries are piling up and the team is falling apart.",,aguardando tradução/revisão
BW6_0100.bin,5,0x1687,0x16E6,,おまけに、ホームグラウンドで観客席もからっぽって所か？,And on top of that our own fans have left the ball park and have gone home.,,aguardando tradução/revisão
BW6_0100.bin,6,0x1865,0x187F,,どうした,What's wrong?,,aguardando tradução/revisão
BW6_0100.bin,7,0x18CB,0x190C,,いつになく、シリアスな表情してるぜ,All of a sudden you look so serious.,,aguardando tradução/revisão
BW6_0100.bin,8,0x19C4,0x1A33,,"ここからスコアボードひっくり返せるか
それはあんたにかかってるんだ","Can we still turn this game around?
The answer all depends on you.",,aguardando tradução/revisão
BW6_0100.bin,9,0x1B7D,0x1BA0,,なんでもないわ,It's nothing.,,aguardando tradução/revisão
BW6_0100.bin,10,0x1BE0,0x1C00,,気にしないで,I'm fine...,,aguardando tradução/revisão
BW6_0100.bin,11,0x1C48,0x1C6B,,なあ、アリシア,"Listen, Alicia.",,aguardando tradução/revisão
BW6_0100.bin,12,0x1CBF,0x1D31,,"どんな訳があるのか知らんが
これまで共に闘ってきたお前を信頼している","I'm not sure exactly why, but after fighting by your side, I feel like I can really rely on you.",,aguardando tradução/revisão
BW6_0100.bin,13,0x1F28,0x1F6C,,お前も少しは俺を頼りにしていいんだぞ,"I want you to know, you can count on me too.",,aguardando tradução/revisão
BW6_0100.bin,14,0x206C,0x20A1,,まあ、言いたくなきゃいいさ,"Well, If you don't want to talk, it's fine.",,aguardando tradução/revisão
BW6_0100.bin,15,0x2185,0x21B1,,さて、この後の作戦だ,"Now...
About what we do next...",,aguardando tradução/revisão
BW6_0100.bin,16,0x2262,0x22B8,,今の俺達の戦力じゃ、雑魚共もろくに相手ができねぇ,"With the firepower we've got,
we can't even fight the weaker demons.",,aguardando tradução/revisão
BW6_0100.bin,17,0x2460,0x24B0,,この都市には、まだ取り残されている仲間がいる,"We need help, and I've still got some friends left here.",,aguardando tradução/revisão
BW6_0100.bin,18,0x25DC,0x2620,,まずは、俺達はそいつらの救出に向かう, We've got to go and rescue them as soon as possible!,,aguardando tradução/revisão
BW6_0100.bin,19,0x2723,0x2763,,アリシア、最後に生き残るのは俺達だ,"Alicia!
We're the only ones left that can do it!",,aguardando tradução/revisão
BW6_0100.bin,20,0x287C,0x28A3,,ええ、協力するわ,Okay... I'll do my best.,,aguardando tradução/revisão
BW6_0100.bin,21,0x2938,0x294B,,無事だったか,"Hey, you're okay!",,aguardando tradução/revisão
BW6_0100.bin,22,0x29AD,0x29CF,,エンジントラブルだって,"A little engine trouble, huh?",,aguardando tradução/revisão
BW6_0100.bin,23,0x2A6C,0x2ABE,,この都市も、少し離れてる間にだいぶ様変わりしちまったな,"This whole city...
It's really fallen apart during the time we were away.",,aguardando tradução/revisão
BW6_0100.bin,24,0x2C33,0x2C87,,"九回裏、コールド負け直前
怪我人続出で、チームもガタガタ","It's the bottom of the ninth inning.
Injuries are piling up and the team is falling apart.",,aguardando tradução/revisão
BW6_0100.bin,25,0x2E5E,0x2EB0,,おまけに、ホームグラウンドで観客席もからっぽって所か？,And on top of that our own fans have left the ball park and have gone home.,,aguardando tradução/revisão
BW6_0100.bin,26,0x3035,0x3042,,どうした,What's wrong?,,aguardando tradução/revisão
BW6_0100.bin,27,0x308E,0x30C2,,いつになく、シリアスな表情してるぜ,All of a sudden you look so serious.,,aguardando tradução/revisão
BW6_0100.bin,28,0x317B,0x31DE,,"ここからスコアボードひっくり返せるか
それはあんたにかかってるんだ","Can we still turn this game around?
The answer all depends on you.",,aguardando tradução/revisão
BW6_0100.bin,29,0x332C,0x3342,,なんでもないわ,It's nothing.,,aguardando tradução/revisão
BW6_0100.bin,30,0x3382,0x3395,,気にしないで,I'm fine...,,aguardando tradução/revisão
BW6_0100.bin,31,0x33DD,0x33F3,,なあ、アリシア,"Listen, Alicia.",,aguardando tradução/revisão
BW6_0100.bin,32,0x3447,0x34AD,,"どんな訳があるのか知らんが
これまで共に闘ってきたお前を信頼している","I'm not sure exactly why, but after fighting by your side, I feel like I can really rely on you.",,aguardando tradução/revisão
BW6_0100.bin,33,0x36AC,0x36E3,,お前も少しは俺を頼りにしていいんだぞ,"I want you to know, you can count on me too.",,aguardando tradução/revisão
BW6_0100.bin,34,0x37E6,0x380E,,まあ、言いたくなきゃいいさ,"Well, if you don't want to talk, it's fine.",,aguardando tradução/revisão
BW6_0100.bin,35,0x38F6,0x3915,,さて、この後の作戦だ,"Now...

About what we do next...",,aguardando tradução/revisão
BW6_0100.bin,36,0x39CB,0x3A14,,今の俺達の戦力じゃ、雑魚共もろくに相手ができねぇ,"With the firepower we've got,
we can't even fight the weaker demons.",,aguardando tradução/revisão
BW6_0100.bin,37,0x3BC4,0x3C07,,この都市には、まだ取り残されている仲間がいる,"We need help, and I've still got some friends left here.",,aguardando tradução/revisão
BW6_0100.bin,38,0x3D37,0x3D6E,,まずは、俺達はそいつらの救出に向かう,We've got to go and rescue them as soon as possible!,,aguardando tradução/revisão
BW6_0100.bin,39,0x3E73,0x3EA7,,アリシア、最後に生き残るのは俺達だ,"Alicia!
We're the only ones left that can do it!",,aguardando tradução/revisão
BW6_0100.bin,40,0x3FC4,0x3FDD,,ええ、協力するわ,Okay... I'll do my best.,,aguardando tradução/revisão
BW6_0200.bin,1,0x640,0x69D,,"マクスウェル
ここから先は、私一人で行くわ","Maxwell. You and the others go somewhere safe.
From here on, I'm going in alone.",,aguardando tradução/revisão
BW6_0200.bin,2,0x812,0x82F,,なんだと？,What did you say?,,aguardando tradução/revisão
BW6_0200.bin,3,0x87E,0x8BC,,ここの悪魔の結界に魔法は通じない,"Listen.
Magic doesn't work against this demon's shield.",,aguardando tradução/revisão
BW6_0200.bin,4,0x9DF,0xA20,,だから、あなた達の協力が必要なのよ,That's the reason why I need your help.,,aguardando tradução/revisão
BW6_0200.bin,5,0xAD5,0xB22,,私が、奴と遭遇するまでは戦力を減らさないで,Don't let up your attack until I get through to him.,,aguardando tradução/revisão
BW6_0200.bin,6,0xC1D,0xC58,,つまり俺達の力が必要ってことか,So you mean you need our help.,,aguardando tradução/revisão
BW6_0200.bin,7,0xD03,0xD23,,わかった！　,I got it!,,aguardando tradução/revisão
BW6_0200.bin,8,0xD61,0xDA0,,"マクスウェル
ここから先は、私一人で行くわ","Maxwell. You and the others go somewhere safe.
From here on in, I'm going alone.",,aguardando tradução/revisão
BW6_0200.bin,9,0xF1D,0xF2D,,なんだと？,What did you say?,,aguardando tradução/revisão
BW6_0200.bin,10,0xF7C,0xFAD,,ここの悪魔の結界に魔法は通じない,"Listen.
Magic doesn't work against this demon's shield.",,aguardando tradução/revisão
BW6_0200.bin,11,0x10D4,0x1108,,だから、あなた達の協力が必要なのよ,That's the reason why I need your help.,,aguardando tradução/revisão
BW6_0200.bin,12,0x11BE,0x11FE,,私が、奴と遭遇するまでは戦力を減らさないで,Don't let up on your attack until I get through to him.,,aguardando tradução/revisão
BW6_0200.bin,13,0x12FF,0x132D,,つまり俺達の力が必要ってことか,So you mean you need our help.,,aguardando tradução/revisão
BW6_0200.bin,14,0x13D9,0x13EC,,わかった！　,I got it!,,aguardando tradução/revisão
BW6_0300.bin,1,0x569,0x59C,,再びご対面ね,So we meet again.,,aguardando tradução/revisão
BW6_0300.bin,2,0x618,0x638,,体が動かない,I...can't...can't move...,,aguardando tradução/revisão
BW6_0300.bin,3,0x6DA,0x6ED,,待て,Wait!,,aguardando tradução/revisão
BW6_0300.bin,4,0x715,0x75F,,奴の結界がある限り、我々の攻撃は通じない,"As long as its shields are up, your attacks can't reach it.",,aguardando tradução/revisão
BW6_0300.bin,5,0x897,0x8DB,,人間共の援護なしでは勝機は見出せぬぞ,"Without the help of the humans, we have no chance of winning.",,aguardando tradução/revisão
BW6_0300.bin,6,0x9EF,0xA1B,,待たせたな、アリシア,"Having fun without me, Alicia?",,aguardando tradução/revisão
BW6_0300.bin,7,0xAD7,0xAEA,,再びご対面ね,So we meet again.,,aguardando tradução/revisão
BW6_0300.bin,8,0xB66,0xB79,,体が動かない,I...can't...can't move...,,aguardando tradução/revisão
BW6_0300.bin,9,0xC1C,0xC23,,待て,Wait!,,aguardando tradução/revisão
BW6_0300.bin,10,0xC4B,0xC88,,奴の結界がある限り、我々の攻撃は通じない,"As long as its shields are up, your attacks can't reach it.",,aguardando tradução/revisão
BW6_0300.bin,11,0xDC4,0xDFB,,人間共の援護なしでは勝機は見出せぬぞ,"Without the help of the humans, we have no chance of winning.",,aguardando tradução/revisão
BW6_0300.bin,12,0xF13,0xF32,,待たせたな、アリシア,"Having fun without me, Alicia?",,aguardando tradução/revisão
BW6_0500.bin,1,0x136,0x177,,アリシア、気は済んだか,"So, are you satisfied?",,aguardando tradução/revisão
BW6_0500.bin,2,0x1E7,0x209,,アリシア、気は済んだか,"So, are you satisfied?",,aguardando tradução/revisão
BW6_0600.bin,1,0x2049,0x2099,,まさか、本当にやっつけちまうとは,"Man, I hope that thing really is finished for good.",,aguardando tradução/revisão
BW6_0600.bin,2,0x21A7,0x21D0,,夢じゃないだろうな,"You and me did pretty well, huh.",,aguardando tradução/revisão
BW6_0600.bin,3,0x2279,0x22CF,,だが、多くの人が死に、街もご覧の通りの瓦礫の山だ,"But a lot of people have died.
And the city is nothing but a pile of rubble.",,aguardando tradução/revisão
BW6_0600.bin,4,0x246A,0x24A2,,勝利と呼ぶには程遠い光景だな,It's pretty hard to think of it as a victory.,,aguardando tradução/revisão
BW6_0600.bin,5,0x257A,0x25CD,,まだ、世界中のいたる所で悲惨な光景が続いている,Most of the rest of the world is still living lives of pure misery.,,aguardando tradução/revisão
BW6_0600.bin,6,0x271A,0x2761,,地球が絶望という暗闇に覆われているんだ,"This planet...it's facing a dark, dangerous time now.",,aguardando tradução/revisão
BW6_0600.bin,7,0x287C,0x289F,,だが、アリシア,"But you, Alicia.",,aguardando tradução/revisão
BW6_0600.bin,8,0x28F8,0x2939,,あんたは、その暗闇に差し込んだ光だ,You're like a bright light shining in that darkness.,,aguardando tradução/revisão
BW6_0600.bin,9,0x2A51,0x2AE9,,"あんたがいれば、人類はいつか悪魔共を駆逐して
昔のような平和をとり戻すことができるかもしれない","With you around,
we may just be able to drive out those demons
and bring back peace to this crazy world of ours.",,aguardando tradução/revisão
BW6_0600.bin,10,0x2CED,0x2D49,,俺達に再び希望を持たせてくれた事に心から感謝している,"You gave us back our sense of hope for the future,
and for that I really have to thank you.",,aguardando tradução/revisão
BW6_0600.bin,11,0x2F0B,0x2F70,,それと、あんたには俺達という仲間がいる事を忘れないで欲しい,"And another thing... 
I want you to always remember that you've got a friend right here in me.",,aguardando tradução/revisão
BW6_0600.bin,12,0x310A,0x311E,,さて,Well!,,aguardando tradução/revisão
BW6_0600.bin,13,0x313E,0x3188,,俺達はすぐ、次の戦地にいかなきゃならない,It's time for us to move on to the next battlefield.,,aguardando tradução/revisão
BW6_0600.bin,14,0x3294,0x32E0,,まだ雑魚共の生き残りがうろついているからな,We have to clean up the demons that are still wandering around.,,aguardando tradução/revisão
BW6_0600.bin,15,0x3427,0x3477,,行き先が決まってるなら、途中まで送っていくぜ,"If you know where you're going, we can drop you on our way.",,aguardando tradução/revisão
BW6_0600.bin,16,0x35A4,0x35BE,,アリシア,Alicia...,,aguardando tradução/revisão
BW6_0600.bin,17,0x35D3,0x3603,,"その
飛び物はやめておけ",Do not ride on that flying machine.,,aguardando tradução/revisão
BW6_0600.bin,18,0x36BE,,,飛び物はやめておけ,,,sem par em inglês; traduzir a partir do japonês
BW6_0600.bin,19,0x36E4,0x372E,,私、空とは相性が悪いみたいね遠慮しとくわ,"You know, flying just doesn't agree with me.
I think I'll pass.",,aguardando tradução/revisão
BW6_0600.bin,20,0x384B,0x3863,,そうか,I hear you...,,aguardando tradução/revisão
BW6_0600.bin,21,0x38AD,0x38EB,,なら、ここでお別れって事になるな,"Well then,
I guess this is the part where we say goodbye.",,aguardando tradução/revisão
BW6_0600.bin,22,0x3A09,0x3A24,,元気でな,Stay well now.,,aguardando tradução/revisão
BW6_0600.bin,23,0x3A77,0x3AAA,,俺はあんたみたいな魔女が,I don't think of you as a witch anymore...,,aguardando tradução/revisão
BW6_0600.bin,24,0x3B76,0x3BC4,,いや、素敵な女性がいた事を決して忘れないよ,"No, I think of you as a beautiful woman and I'll never forget you.",,aguardando tradução/revisão
BW6_0600.bin,25,0x3D0E,0x3D4D,,へぇ、あんたも笑うことあるんだな,Is that a smile I see on your face?,,aguardando tradução/revisão
BW6_0600.bin,26,0x3E05,0x3E38,,私、笑ってなんかいないわ,You're wrong. I never smile.,,aguardando tradução/revisão
BW6_0600.bin,27,0x3ED6,0x3F09,,いや、今たしかに笑ったさ,Sorry. I saw you smile just now.,,aguardando tradução/revisão
BW6_0600.bin,28,0x3FDB,0x400B,,笑顔のほうがよく似合う,It makes you a lot cuter you know.,,aguardando tradução/revisão
BW6_0600.bin,29,0x40C0,0x40F3,,まさか口説いてるつもり？,Are you trying to hit on me?,,aguardando tradução/revisão
BW6_0600.bin,30,0x4171,0x41A4,,やっぱりあんた、魔女だよ,"Once a witch, always a witch. 
See you...",,aguardando tradução/revisão
BW6_0600.bin,31,0x42A9,0x42EA,,“巨大悪魔に勝利、その影に美女の姿あり”,"Démon géant anéanti.
Derrière la victoire,
une beauté sourit.",,aguardando tradução/revisão
BW6_0600.bin,32,0x4406,0x443E,,“またも勝利、我らがレジスタンス”,"Une victoire de plus
pour la résistance.",,aguardando tradução/revisão
BW6_0600.bin,33,0x44E0,0x4521,,“悪魔勢力に対し巻き返し、相当数を撃破”,"L'humanité reprend l'avantage.
Pertes importantes chez les démons.",,aguardando tradução/revisão
BW6_0600.bin,34,0x4656,0x4691,,“悪魔個体数が減少、増加認められず”,"Les rangs des démons diminuent.
Aucun signe d'augmentation.",,aguardando tradução/revisão
BW6_0600.bin,35,0x4789,0x47D9,,“ウィルス抗体発見、ワクチンの開発急ピッチで進む”,"Anticorps du virus découvert.
Développement d'un vaccin
à allure soutenue.",,aguardando tradução/revisão
BW6_0600.bin,36,0x4934,0x4975,,“食料供給徐々に回復、半年後には備蓄も”,"Ressources alimentaires en hausse.
Surplus attendus d'ici six mois.",,aguardando tradução/revisão
BW6_0600.bin,37,0x4AA0,0x4AE1,,“暫定政府樹立、治安回復に努めると声明”,"Gouvernement provisoire installé,
qui promet de rétablir l'ordre
public.",,aguardando tradução/revisão
BW6_0600.bin,38,0x4C18,0x4C5A,,“噂の魔女現る、その名は「アリシア」”,"Une sorcière de légende
surgie du passé.
Alicia, la ""Bullet Witch"".",,aguardando tradução/revisão
BW6_0600.bin,39,0x4D6B,0x4D9C,,まさか、本当にやっつけちまうとは,"Man, I hope that thing really is finished for good.",,aguardando tradução/revisão
BW6_0600.bin,40,0x4EAE,0x4ECA,,夢じゃないだろうな,"You and me did pretty well, huh?",,aguardando tradução/revisão
BW6_0600.bin,41,0x4F74,0x4FBD,,だが、多くの人が死に、街もご覧の通りの瓦礫の山だ,"But a lot of people have died.

And the city is nothing but a pile of rubble.",,aguardando tradução/revisão
BW6_0600.bin,42,0x5160,0x518B,,勝利と呼ぶには程遠い光景だな,It's pretty hard to think of it as a victory.,,aguardando tradução/revisão
BW6_0600.bin,43,0x5267,0x52AD,,まだ、世界中のいたる所で悲惨な光景が続いている,Most of the rest of the world is still living lives of pure misery.,,aguardando tradução/revisão
BW6_0600.bin,44,0x53FF,0x5439,,地球が絶望という暗闇に覆われているんだ,"This planet...it's facing a dark, dangerous time now.",,aguardando tradução/revisão
BW6_0600.bin,45,0x5559,0x556F,,だが、アリシア,"But you, Alicia.",,aguardando tradução/revisão
BW6_0600.bin,46,0x55C8,0x55FC,,あんたは、その暗闇に差し込んだ光だ,You're like a bright light shining in that darkness.,,aguardando tradução/revisão
BW6_0600.bin,47,0x5718,0x57A5,,"あんたがいれば、人類はいつか悪魔共を駆逐して
昔のような平和をとり戻すことができるかもしれない","With you around,
we may just be able to drive out those demons
and bring back peace to this crazy world of ours.",,aguardando tradução/revisão
BW6_0600.bin,48,0x59B1,0x5A00,,俺達に再び希望を持たせてくれた事に心から感謝している,"You gave us back our sense of hope for the future,
and for that I really have to thank you.",,aguardando tradução/revisão
BW6_0600.bin,49,0x5BCA,0x5C22,,それと、あんたには俺達という仲間がいる事を忘れないで欲しい,"And another thing... 
I want you to always remember that you've got a friend right here in me.",,aguardando tradução/revisão
BW6_0600.bin,50,0x5DC4,0x5DCB,,さて,Well!,,aguardando tradução/revisão
BW6_0600.bin,51,0x5DEB,0x5E28,,俺達はすぐ、次の戦地にいかなきゃならない,It's time to move on to the next battlefield.,,aguardando tradução/revisão
BW6_0600.bin,52,0x5F30,0x5F70,,まだ雑魚共の生き残りがうろついているからな,We have to clean up the demons that are still wandering around.,,aguardando tradução/revisão
BW6_0600.bin,53,0x60BD,0x6100,,行き先が決まってるなら、途中まで送っていくぜ,"If you know where you're going, we can drop you on our way.",,aguardando tradução/revisão
BW6_0600.bin,54,0x6232,0x623F,,アリシア,Alicia...,,aguardando tradução/revisão
BW6_0600.bin,55,0x6272,0x6296,,"その
飛び物はやめておけ",Do not ride on that flying machine.,,aguardando tradução/revisão
BW6_0600.bin,56,0x6353,,,飛び物はやめておけ,,,sem par em inglês; traduzir a partir do japonês
BW6_0600.bin,57,0x636F,0x63AC,,私、空とは相性が悪いみたいね遠慮しとくわ,"You know, flying just doesn't agree with me.
I think I'll pass.",,aguardando tradução/revisão
BW6_0600.bin,58,0x64CD,0x64D7,,そうか,I hear you...,,aguardando tradução/revisão
BW6_0600.bin,59,0x651A,0x654B,,なら、ここでお別れって事になるな,"Well then,
I guess this is the part where we say goodbye.",,aguardando tradução/revisão
BW6_0600.bin,60,0x6666,0x6673,,元気でな,Stay well now.,,aguardando tradução/revisão
BW6_0600.bin,61,0x66BF,0x66E4,,俺はあんたみたいな魔女が,I don't think of you as a witch anymore...,,aguardando tradução/revisão
BW6_0600.bin,62,0x67AB,0x67EB,,いや、素敵な女性がいた事を決して忘れないよ,"No, I think of you as a beautiful woman and I'll never forget you.",,aguardando tradução/revisão
BW6_0600.bin,63,0x6933,0x6964,,へぇ、あんたも笑うことあるんだな,Is that a smile I see on your face?,,aguardando tradução/revisão
BW6_0600.bin,64,0x6A16,0x6A3B,,私、笑ってなんかいないわ,You're wrong. I never smile.,,aguardando tradução/revisão
BW6_0600.bin,65,0x6AD3,0x6AF8,,いや、今たしかに笑ったさ,Sorry. I saw you smile just now.,,aguardando tradução/revisão
BW6_0600.bin,66,0x6BC6,0x6BE8,,笑顔のほうがよく似合う,"It makes you look a lot cuter, you know.",,aguardando tradução/revisão
BW6_0600.bin,67,0x6C9E,0x6CC3,,まさか口説いてるつもり？,Are you trying to hit on me?,,aguardando tradução/revisão
BW6_0600.bin,68,0x6D3A,0x6D5F,,やっぱりあんた、魔女だよ,"Once a witch, always a witch. 
See you...",,aguardando tradução/revisão
BW6_0600.bin,69,0x6E61,0x6E9E,,“巨大悪魔に勝利、その影に美女の姿あり”,"Démon géant anéanti.
Derrière la victoire,
une beauté sourit.",,aguardando tradução/revisão
BW6_0600.bin,70,0x6FC1,0x6FF5,,“またも勝利、我らがレジスタンス”,"Une victoire de plus
pour la résistance.",,aguardando tradução/revisão
BW6_0600.bin,71,0x709B,0x70D8,,“悪魔勢力に対し巻き返し、相当数を撃破”,"L'humanité reprend l'avantage.
Pertes importantes chez les démons.",,aguardando tradução/revisão
BW6_0600.bin,72,0x7212,0x7249,,“悪魔個体数が減少、増加認められず”,"Les rangs des démons diminuent.
Aucun signe d'augmentation.",,aguardando tradução/revisão
BW6_0600.bin,73,0x7345,0x7391,,“ウィルス抗体発見、ワクチンの開発急ピッチで進む”,"Anticorps du virus découvert.
Développement d'un vaccin
à allure soutenue.",,aguardando tradução/revisão
BW6_0600.bin,74,0x74F4,0x7531,,“食料供給徐々に回復、半年後には備蓄も”,"Ressources alimentaires en hausse.
Surplus attendus d'ici six mois.",,aguardando tradução/revisão
BW6_0600.bin,75,0x7661,0x769E,,“暫定政府樹立、治安回復に努めると声明”,"Gouvernement provisoire installé,
qui promet de rétablir l'ordre
public.",,aguardando tradução/revisão
BW6_0600.bin,76,0x77DC,0x7816,,“噂の魔女現る、その名は「アリシア」”,"Une sorcière de légende
surgie du passé.
Alicia, la ""Bullet Witch"".",,aguardando tradução/revisão
cmtxt00.bin,1,0x630,0x64F,,ガイスト捜索戦,Ｇｅｉｓｔ Ｓｅａｒｃｈ and Ｄｅｓｔｒｏｙ,,aguardando tradução/revisão
cmtxt00.bin,2,0x79A,0x7B0,,ガイスト捜索戦,Geist Search and Destroy,,aguardando tradução/revisão
cmtxt01.bin,1,0x630,0x652,,ワンショットキル,Ｏｎｅ Ｓｈｏｔ Ｋｉｌｌ,,aguardando tradução/revisão
cmtxt01.bin,2,0x743,0x75C,,ワンショットキル,One-Shot Kill,,aguardando tradução/revisão
cmtxt02.bin,1,0x630,0x646,,芋虫の街,Ｃａｔｅｒｐｉｌｌａｒ Ｃｉｔｙ,,aguardando tradução/revisão
cmtxt02.bin,2,0x75A,0x767,,芋虫の街,Caterpillar City,,aguardando tradução/revisão
cmtxt03.bin,1,0x630,0x647,,7ミニッツ,7 Ｍｉｎｕｔｅｓ,,aguardando tradução/revisão
cmtxt03.bin,2,0x6E0,0x6EE,,7ミニッツ,7 Minutes,,aguardando tradução/revisão
cmtxt04.bin,1,0x630,0x65E,,ダイナマイトビューティー,Ｄｙｎａｍｉｔｅ Ｂｅａｕｔｙ,,aguardando tradução/revisão
cmtxt04.bin,2,0x766,0x78B,,ダイナマイトビューティー,Dynamite Beauty,,aguardando tradução/revisão
cmtxt05.bin,1,0x630,0x649,,エンドレス,Ｅｎｄｌｅｓｓ,,aguardando tradução/revisão
cmtxt05.bin,2,0x6FB,0x70B,,エンドレス,Endless,,aguardando tradução/revisão
cmtxt16.bin,1,0x630,0x662,,"翻る黒衣
エクストラステージ","Ｃｌａｄ ｉｎ Ｓｔｒｅａｍｉｎｇ Ｂｌａｃｋ
Ｅｘｔｒａ Ｅｄｉｔｉｏｎ",,aguardando tradução/revisão
cmtxt16.bin,2,0x84A,0x874,,"翻る黒衣
エクストラステージ","Clad in Streaming Black
Extra Edition",,aguardando tradução/revisão
cmtxt17.bin,1,0x630,0x65F,,"叫ぶ街
エクストラステージ","Ｃｉｔｙ ｏｆ Ｓｃｒｅａｍｓ
Ｅｘｔｒａ Ｅｄｉｔｉｏｎ",,aguardando tradução/revisão
cmtxt17.bin,2,0x836,0x85D,,"叫ぶ街
エクストラステージ","City of Screams
Extra Edition",,aguardando tradução/revisão
cmtxt18.bin,1,0x630,0x667,,"炎上10000ｆｔ
エクストラステージ","10,000 ｆｔ ｏｆ Ｆｌａｍｅｓ
Ｅｘｔｒａ Ｅｄｉｔｉｏｎ",,aguardando tradução/revisão
cmtxt18.bin,2,0x80A,0x839,,"炎上10000ｆｔ
エクストラステージ","10,000 Feet of Flames
Extra Edition",,aguardando tradução/revisão
cmtxt19.bin,1,0x630,0x662,,"暁の渓谷
エクストラステージ","Ｄａｗｎ ｉｎ ｔｈｅ Ｖａｌｌｅｙ
Ｅｘｔｒａ Ｅｄｉｔｉｏｎ",,aguardando tradução/revisão
cmtxt19.bin,2,0x827,0x851,,"暁の渓谷
エクストラステージ","Dawn in the Valley
Extra Edition",,aguardando tradução/revisão
cmtxt20.bin,1,0x630,0x665,,"繋がれた魂
エクストラステージ","Ｔｈｅ Ｂｏｕｎｄ Ｓｏｕｌ
Ｅｘｔｒａ Ｅｄｉｔｉｏｎ",,aguardando tradução/revisão
cmtxt20.bin,2,0x818,0x845,,"繋がれた魂
エクストラステージ","The Bound Soul
Extra Edition",,aguardando tradução/revisão
cmtxt21.bin,1,0x630,0x665,,"混沌の果て
エクストラステージ","Ｔｈｅ Ｅｎｄ ｏｆ Ｃｈａｏｓ
Ｅｘｔｒａ Ｅｄｉｔｉｏｎ",,aguardando tradução/revisão
cmtxt21.bin,2,0x820,0x84D,,"混沌の果て
エクストラステージ","The End of Chaos
Extra Edition",,aguardando tradução/revisão
cmtxt32.bin,1,0x630,0x656,,"翻る黒衣
大魔法解除","Ｃｌａｄ ｉｎ Ｓｔｒｅａｍｉｎｇ Ｂｌａｃｋ
Ｇｒｅａｔ ｓｐｅｌｌｓ ｕｎｌｏｃｋｅｄ",,aguardando tradução/revisão
cmtxt32.bin,2,0x845,0x863,,"翻る黒衣
大魔法解除","Clad in Streaming Black
Great spells unlocked",,aguardando tradução/revisão
cmtxt33.bin,1,0x630,0x653,,"叫ぶ街
大魔法解除","Ｃｉｔｙ ｏｆ Ｓｃｒｅａｍｓ
Ｇｒｅａｔ ｓｐｅｌｌｓ ｕｎｌｏｃｋｅｄ",,aguardando tradução/revisão
cmtxt33.bin,2,0x83B,0x856,,"叫ぶ街
大魔法解除","City of Screams
Great spells unlocked",,aguardando tradução/revisão
cmtxt34.bin,1,0x630,0x661,,"炎上１００００tf
大魔法解除","10,000 ｆｔ ｏｆ Ｆｌａｍｅｓ
Ｇｒｅａｔ ｓｐｅｌｌｓ ｕｎｌｏｃｋｅｄ",,aguardando tradução/revisão
cmtxt34.bin,2,0x816,0x83F,,"炎上１００００ft
大魔法解除","10,000 Feet of Flames
Great spells unlocked",,aguardando tradução/revisão
cmtxt35.bin,1,0x630,0x656,,"暁の渓谷
大魔法解除","Ｄａｗｎ ｉｎ ｔｈｅ Ｖａｌｌｅｙ
Ｇｒｅａｔ ｓｐｅｌｌｓ ｕｎｌｏｃｋｅｄ",,aguardando tradução/revisão
cmtxt35.bin,2,0x82D,0x84B,,"暁の渓谷
大魔法解除","Dawn in the Valley
Great spells unlocked",,aguardando tradução/revisão
cmtxt36.bin,1,0x630,0x659,,"繋がれた魂
大魔法解除","Ｔｈｅ Ｂｏｕｎｄ Ｓｏｕｌ
Ｇｒｅａｔ ｓｐｅｌｌｓ ｕｎｌｏｃｋｅｄ",,aguardando tradução/revisão
cmtxt36.bin,2,0x81E,0x83F,,"繋がれた魂
大魔法解除","The Bound Soul
Great spells unlocked",,aguardando tradução/revisão
cmtxt37.bin,1,0x630,0x659,,"混沌の果て
大魔法解除","Ｔｈｅ Ｅｎｄ ｏｆ Ｃｈａｏｓ
Ｇｒｅａｔ ｓｐｅｌｌｓ ｕｎｌｏｃｋｅｄ",,aguardando tradução/revisão
cmtxt37.bin,2,0x825,0x846,,"混沌の果て
大魔法解除","The End of Chaos
Great spells unlocked",,aguardando tradução/revisão
costxt01.bin,EN-1,,0x631,,,Ｓｐｅｃｉａｌ Ｃｏｓｔｕｍｅ 1,,candidato sem fonte japonesa; conferir idioma e duplicatas
costxt01.bin,EN-2,,0x734,,,Ｓｐｅｃｉａｌ Ｃｏｓｔｕｍｅ 1,,candidato sem fonte japonesa; conferir idioma e duplicatas
costxt01.bin,EN-3,,0x762,,,Special Costume 1,,candidato sem fonte japonesa; conferir idioma e duplicatas
costxt02.bin,EN-1,,0x631,,,Ｓｐｅｃｉａｌ Ｃｏｓｔｕｍｅ 2,,candidato sem fonte japonesa; conferir idioma e duplicatas
costxt02.bin,EN-2,,0x733,,,Ｓｐｅｃｉａｌ Ｃｏｓｔｕｍｅ 2,,candidato sem fonte japonesa; conferir idioma e duplicatas
costxt02.bin,EN-3,,0x761,,,Special Costume 2,,candidato sem fonte japonesa; conferir idioma e duplicatas
costxt03.bin,EN-1,,0x631,,,Ｓｐｅｃｉａｌ Ｃｏｓｔｕｍｅ ３,,candidato sem fonte japonesa; conferir idioma e duplicatas
costxt03.bin,EN-2,,0x66A,,,Ｓｐｅｃｉａｌ Ｃｏｓｔｕｍｅ 3,,candidato sem fonte japonesa; conferir idioma e duplicatas
costxt03.bin,EN-3,,0x763,,,Ｓｐｅｃｉａｌ Ｃｏｓｔｕｍｅ ３,,candidato sem fonte japonesa; conferir idioma e duplicatas
costxt03.bin,EN-4,,0x793,,,Special Costume 3,,candidato sem fonte japonesa; conferir idioma e duplicatas
costxt04.bin,EN-1,,0x631,,,Ｓｐｅｃｉａｌ Ｃｏｓｔｕｍｅ 4,,candidato sem fonte japonesa; conferir idioma e duplicatas
costxt04.bin,EN-2,,0x733,,,Ｓｐｅｃｉａｌ Ｃｏｓｔｕｍｅ 4,,candidato sem fonte japonesa; conferir idioma e duplicatas
costxt04.bin,EN-3,,0x761,,,Special Costume 4,,candidato sem fonte japonesa; conferir idioma e duplicatas
costxt05.bin,EN-1,,0x631,,,Ｓｐｅｃｉａｌ Ｃｏｓｔｕｍｅ 5,,candidato sem fonte japonesa; conferir idioma e duplicatas
costxt05.bin,EN-2,,0x733,,,Ｓｐｅｃｉａｌ Ｃｏｓｔｕｍｅ 5,,candidato sem fonte japonesa; conferir idioma e duplicatas
costxt05.bin,EN-3,,0x761,,,Special Costume 5,,candidato sem fonte japonesa; conferir idioma e duplicatas
hlp.bin,1,0x5EC4,0x5F89,,"<col yellow>［ＨＥＬＰ］<col end>
 ゲームの操作については、ＳＴＡＲＴボタンを押し
 ポーズ画面のＨＥＬＰ項目で確認することができます。","<col yellow>［Ｈｅｌｐ］<col end>
Ｔｏ ｖｉｅｗ ｇａｍｅ ｃｏｎｔｒｏｌｓ， ｐｒｅｓｓ ｔｈｅ ＳＴＡＲＴ ｂｕｔｔｏｎ
ａｎｄ ｓｅｌｅｃｔ Ｈｅｌｐ ｏｎ ｔｈｅ ｐａｕｓｅ ｍｅｎｕ．
                                                                        ",,aguardando tradução/revisão
hlp.bin,2,0x6545,0x659E,,魔法　「Ｅｌｅｍｅｎｔ Ｓｈｏｔ」　が使用可能になりました。,"Ｍａｇｉｃ： Ｅｌｅｍｅｎｔ Ｓｈｏｔ ｃａｎ ｎｏｗ ｂｅ ｕｓｅｄ．
                                                                 ",,aguardando tradução/revisão
hlp.bin,3,0x67E4,0x683D,,魔法　「Ａｎｃｉｅｎｔ Ｗａｌｌ」　が使用可能になりました。,"Ｍａｇｉｃ： Ａｎｃｉｅｎｔ Ｗａｌｌ ｃａｎ ｎｏｗ ｂｅ ｕｓｅｄ．
                                                                 ",,aguardando tradução/revisão
hlp.bin,4,0x6A77,0x6ACA,,魔法　「Ｒｏｓｅ Ｓｐｅａｒ」　が使用可能になりました。,"Ｍａｇｉｃ： Ｒｏｓｅ Ｓｐｅａｒ ｃａｎ ｎｏｗ ｂｅ ｕｓｅｄ．
                                                                  ",,aguardando tradução/revisão
hlp.bin,5,0x6CF4,0x6D47,,魔法　「Ｗｉｌｌ Ｐｏｗｅｒ」　が使用可能になりました。,"Ｍａｇｉｃ： Ｗｉｌｌｐｏｗｅｒ ｃａｎ ｎｏｗ ｂｅ ｕｓｅｄ．
                                                                 ",,aguardando tradução/revisão
hlp.bin,6,0x6F65,0x6FB7,,魔法　「Ｓａｃｒｉｆｉｃｅ」　が使用可能になりました。,"Ｍａｇｉｃ： Ｓａｃｒｉｆｉｃｅ ｃａｎ ｎｏｗ ｂｅ ｕｓｅｄ．
                                                                 ",,aguardando tradução/revisão
hlp.bin,7,0x71CF,0x7228,,魔法　「Ｒａｖｅｎｓ Ｐａｎｉｃ」　が使用可能になりました。,"Ｍａｇｉｃ： Ｒａｖｅｎｓ Ｐａｎｉｃ ｃａｎ ｎｏｗ ｂｅ ｕｓｅｄ．
                                                                     ",,aguardando tradução/revisão
hlp.bin,8,0x745E,0x74AD,,大魔法　「Ｔｈｕｎｄｅｒ」　が使用可能になりました。,"Ｍａｇｉｃ： Ｌｉｇｈｔｎｉｎｇ ｃａｎ ｎｏｗ ｂｅ ｕｓｅｄ．
                                                  ",,aguardando tradução/revisão
hlp.bin,9,0x7695,0x76E4,,大魔法　「Ｔｏｒｎａｄｏ」　が使用可能になりました。,"Ｍａｇｉｃ： Ｔｏｒｎａｄｏ ｃａｎ ｎｏｗ ｂｅ ｕｓｅｄ．
                                                            ",,aguardando tradução/revisão
hlp.bin,10,0x78DF,0x7928,,大魔法　「Ｍｅｔｅｏ」　が使用可能になりました。,Ｍａｇｉｃ: Ｍｅｔｅｏｒ ｃａｎ ｎｏｗ ｂｅ ｕｓｅｄ.     ,,aguardando tradução/revisão
hlp.bin,11,0x7AD9,0x7BA3,,"<col yellow>【ＨＰゲージ】　－ 体力 －<col end>
画面右上の水色のゲージはHP（体力）を、白いバーは最大ＨＰを示します。
どちらも時間で回復します。","<col yellow>［ＨＰ Ｇａｕｇｅ］ - ＨＰ -<col end>
Ｔｈｅ ｂｌｕｅ ｇａｕｇｅ ｉｎ ｔｈｅ ｕｐｐｅｒ ｒｉｇｈｔ ｈａｎｄ ｃｏｒｎｅｒ ｏｆ ｔｈｅ ｓｃｒｅｅｎ
 ｉｓ ｃｕｒｒｅｎｔ ＨＰ （ｈｉｔ ｐｏｉｎｔｓ），
 ｗｈｉｌｅ ｔｈｅ ｗｈｉｔｅ ｂａｒ ｒｅｐｒｅｓｅｎｔｓ ｍａｘｉｍｕｍ ＨＰ．
 Ｂｏｔｈ ｒｅｃｏｖｅｒ ｏｖｅｒ ｔｉｍｅ．
                                                                                                        ",,aguardando tradução/revisão
hlp.bin,12,0x86B3,0x87D0,,"<col yellow>【ＭＰゲージ】　－ 魔力 －<col end>
画面右上の紫のゲージはアリシアの現在のMP（魔力）を
白いバーはＭＰの最大値を示します。
ＭＰは時間で回復します。
ＭＰの最大値は敵を銃で倒すと増加します。","<col yellow>[ＭＰ Ｇａｕｇｅ] - ＭＰ -<col end>
Ｔｈｅ ｐｕｒｐｌｅ ｇａｕｇｅ ｉｎ ｔｈｅ ｕｐｐｅｒ ｒｉｇｈｔ ｈａｎｄ ｃｏｒｎｅｒ ｏｆ ｔｈｅ ｓｃｒｅｅｎ ｉｓ 
ｙｏｕｒ ｃｕｒｒｅｎｔ ＭＰ (ｍａｇｉｃ ｐｏｗｅｒ), 
ｗｈｉｌｅ ｔｈｅ ｗｈｉｔｅ ｂａｒ ｒｅｐｒｅｓｅｎｔｓ ｍａｘｉｍｕｍ ＭＰ. 
ＭＰ ｒｅｃｏｖｅｒｓ ｏｖｅｒ ｔｉｍｅ. Ｉｎ ｏｒｄｅｒ ｔｏ ｉｎｃｒｅａｓｅ ｍａｘｉｍｕｍ ＭＰ, 
ｙｏｕ ｍｕｓｔ ｄｅｆｅａｔ ｅｎｅｍｉｅｓ ｗｉｔｈ ｙｏｕｒ ｇｕｎｒｏｄ.
                                                                                                                         
                                                       ",,aguardando tradução/revisão
hlp.bin,13,0x961B,0x9706,,"<col yellow>【銃撃戦】<col end>
ダメージを受けないように、周囲の
物影に隠れながら戦うようにしましょう。
<kico mcha>を押してしゃがむ事で
車などの影に隠れる事もできます。","<col yellow>[Ｇｕｎ Ｂａｔｔｌｅｓ]<col end>
Ｔｒｙ ｔｏ ｆｉｇｈｔ ｗｈｉｌｅ ｔａｋｉｎｇ ａｄｖａｎｔａｇｅ
ｏｆ ｃｏｖｅｒ ｉｎ ｙｏｕｒ ｓｕｒｒｏｕｎｄｉｎｇｓ ｔｏ 
ａｖｏｉｄ ｔａｋｉｎｇ ｄａｍａｇｅ． 
Ｃｌｉｃｋ <kico mcha> ｔｏ ｃｒｏｕｃｈ 
ａｎｄ ｈｉｄｅ ｂｅｈｉｎｄ ｃａｒｓ ａｎｄ ｏｔｈｅｒ ｏｂｊｅｃｔｓ．
　　　　　　　　　　　　　　　　　　　　",,aguardando tradução/revisão
hlp.bin,14,0xA111,0xA243,,"<col yellow>【銃撃戦】<col end>
ガンサイトで良く狙うことによって、効率よく敵が倒せます。
<kico mcam>の押し込みで射撃に適した
[シューティングビュー]に切り替わります。
立ち止まるか、しゃがめばさらに命中率が上昇します。","<col yellow>[Ｇｕｎ Ｂａｔｔｌｅｓ]<col end>
Ｕｓｉｎｇ ｔｈｅ ｇｕｎｓｉｇｈｔ
ｔｏ ａｉｍ ｃａｒｅｆｕｌｌｙ ｉｎｃｒｅａｓｅｓ ｙｏｕｒ ａｃｃｕｒａｃｙ 
ａｎｄ ｈｅｌｐｓ ｙｏｕ ｄｅｆｅａｔ ｅｎｅｍｉｅｓ． 
Ｃｌｉｃｋ <kico mcam> ｔｏ ｓｗｉｔｃｈ ｔｏ ｓｈｏｏｔｉｎｇ ｖｉｅｗ， 
ｗｈｉｃｈ ｉｓ ｍａｄｅ ｆｏｒ ａｉｍｉｎｇ ｓｈｏｔｓ. 
Ｓｔａｎｄｉｎｇ ｓｔｉｌｌ ｏｒ ｃｒｏｕｃｈｉｎｇ ｗｉｌｌ ｆｕｒｔｈｅｒ ｉｎｃｒｅａｓｅ ｙｏｕｒ ａｃｃｕｒａｃｙ．
　　　　　　　　　　　　　　　　　　　　　",,aguardando tradução/revisão
hlp.bin,15,0xAF8C,0xB066,,"<col yellow>【回避アクション】<col end>
グレネードやミサイルの爆発は<kico dod>を押して
回避アクションでかわす事ができます。
敵の弾丸も当たりにくくなります。","<col yellow>[Ｄｏｄｇｅ Ａｃｔｉｏｎｓ]<col end>
Ｐｕｌｌ <kico dod> ｔｏ ｅｘｅｃｕｔｅ 
ａ ｄｏｄｇｅ ａｃｔｉｏｎ ａｎｄ ｅｓｃａｐｅ 
ｔｈｅ ｅｘｐｌｏｓｉｏｎｓ ｏｆ ｇｒｅｎａｄｅｓ ｏｒ 
ｍｉｓｓｉｌｅｓ． Ｉｔ ｗｉｌｌ ａｌｓｏ ｂｅ ｈａｒｄｅｒ 
ｆｏｒ ｅｎｅｍｙ ｂｕｌｌｅｔｓ ｔｏ ｈｉｔ ｙｏｕ.
　　　　　　　　　　　　　　　",,aguardando tradução/revisão
hlp.bin,16,0xB9B6,0xBAA8,,"<col blue>【Ｓａｃｒｉｆｉｃｅ】<col end>
負傷して「うずくまっている人」を回復させる魔法です。
傷付いて動けなくなっている人を見つけたら
近づいてから詠唱してみましょう。","<col blue>［Ｓａｃｒｉｆｉｃｅ］<col end>
Ｔｈｉｓ ｍａｇｉｃ ｈｅａｌｓ ｉｎｊｕｒｅｄ ｐｅｏｐｌｅ ｆｏｕｎｄ ｃｕｒｌｅｄ ｕｐ ｏｎ ｔｈｅ ｇｒｏｕｎｄ． 
Ｉｆ ｙｏｕ ｆｉｎｄ ｓｏｍｅｏｎｅ ｗｈｏ ｉｓ ｔｏｏ ｉｎｊｕｒｅｄ ｔｏ ｍｏｖｅ， 
ｔｒｙ ｃａｓｔｉｎｇ ｔｈｉｓ ｓｐｅｌｌ ｏｎ ｔｈｅｍ．
                                                              ",,aguardando tradução/revisão
hlp.bin,17,0xC3A2,0xC492,,"<col blue>【Ａｎｃｉｅｎｔ Ｗａｌｌ】<col end>
魔法の壁を目の前につくり、敵の攻撃を防ぐ魔法です。
敵の行く手を塞いだり、人々を守る盾に使ったり。
使い方は多種多様です。","<col blue>［Ａｎｃｉｅｎｔ Ｗａｌｌ］<col end>
Ｃｒｅａｔｅｓ ａ ｍａｇｉｃ ｗａｌｌ ｉｎ ｆｒｏｎｔ ｏｆ ｙｏｕ 
ｔｈａｔ ｃａｎ ｂｌｏｃｋ ｅｎｅｍｙ ａｔｔａｃｋｓ． 
Ｏｔｈｅｒ ｐｏｓｓｉｂｌｅ ｕｓｅｓ ｉｎｃｌｕｄｅ ｏｂｓｔｒｕｃｔｉｎｇ ｅｎｅｍｙ ｍｏｖｅｍｅｎｔ
 ａｎｄ ｄｅｆｅｎｄｉｎｇ ｃｉｔｉｚｅｎｓ．
                                                                    ",,aguardando tradução/revisão
hlp.bin,18,0xCDC6,0xCEDA,,"<col blue>【Ｒａｖｅｎｓ Ｐａｎｉｃ】<col end>
カラスの大群を呼び出し敵を混乱に陥れる魔法です。
正面方向の敵に次々とカラスがむらがり、敵数体の移動と攻撃を封じてます。
室内では使用できません。","<col blue>［Ｒａｖｅｎｓ Ｐａｎｉｃ］<col end>
Ｍａｇｉｃ ｔｈａｔ ｓｕｍｍｏｎｓ ａ ｈｏｒｄｅ ｏｆ ｒａｖｅｎｓ
 ｔｏ ｃｏｎｆｕｓｅ ａｎｄ ｓｔｏｐ ｅｎｅｍｉｅｓ． 
Ｔｈｅ Ｒａｖｅｎｓ ｗｉｌｌ ｓｗａｒｍ ｍｕｌｔｉｐｌｅ ｅｎｅｍｉｅｓ ｉｎ ｙｏｕｒ ｌｉｎｅ ｏｆ ｓｉｇｈｔ， 
ｐｒｅｖｅｎｔｉｎｇ ｔｈｅｍ ｆｒｏｍ ｍｏｖｉｎｇ ｏｒ ａｔｔａｃｋｉｎｇ． 
Ｔｈｉｓ ｓｐｅｌｌ ｃａｎｎｏｔ ｂｅ ｕｓｅｄ ｉｎｄｏｏｒｓ．
                                                                ",,aguardando tradução/revisão
hlp.bin,19,0xDBB9,0xDCAF,,"<col blue>【Ｗｉｌｌ Ｐｏｗｅｒ】<col end>
色々な物を、視点方向へ吹き飛ばす魔法です。
吹き飛ばした物をぶつける事で、敵を倒したり
バリケードを粉砕したりすることが出来ます。","<col blue>［Ｗｉｌｌｐｏｗｅｒ］<col end>
Ｍａｇｉｃ ｔｈａｔ ａｌｌｏｗｓ ｙｏｕ ｔｏ ｐｕｓｈ ｖａｒｉｏｕｓ ｔｈｉｎｇｓ
 ｉｎ ｔｈｅ ｄｉｒｅｃｔｉｏｎ ｙｏｕ ａｒｅ ｆａｃｉｎｇ． 
Ｙｏｕ ｃａｎ ｄｅｆｅａｔ ｅｎｅｍｉｅｓ ｏｒ ｓｍａｓｈ ｂａｒｒｉｃａｄｅｓ ｂｙ ｋｎｏｃｋｉｎｇ ｏｂｊｅｃｔｓ
 ｉｎｔｏ ｔｈｅｍ．
                                                                                         ",,aguardando tradução/revisão
hlp.bin,20,0xE68C,0xE764,,"<col blue>【Ｒｏｓｅ Ｓｐｅａｒ】<col end>
視点方向へ向かってバラを投げます。
バラの落下地点の周辺から、
次々とバラのトゲが突き出て敵を串刺しにします。","<col blue>［Ｒｏｓｅ Ｓｐｅａｒ］<col end>
Ｔｈｒｏｗｓ ａ ｒｏｓｅ ｉｎ ｔｈｅ ｄｉｒｅｃｔｉｏｎ ｙｏｕ ａｒｅ ｆａｃｉｎｇ． 
Ａ ｓｕｃｃｅｓｓｉｏｎ ｏｆ ｓｐｉｋｅｓ ｗｉｌｌ ｓｈｏｏｔ ｕｐ ｆｒｏｍ ｔｈｅ ｇｒｏｕｎｄ， 
ｉｍｐａｌｉｎｇ ａｌｌ ｅｎｅｍｉｅｓ ｗｉｔｈｉｎ ａ ｃｅｒｔａｉｎ ｒａｄｉｕｓ ｏｆ
 ｗｈｅｒｅ ｔｈｅ ｒｏｓｅ ｌａｎｄｅｄ．
                                                                ",,aguardando tradução/revisão
hlp.bin,21,0xF1E3,0xF2B8,,"<col blue>【Ｔｈｕｎｄｅｒ】<col end>
絶大な攻撃力を持つ一撃必殺の大魔法です。
詠唱後、ガンサイトで狙いをつけて
<kico sht>を押した地点に稲妻が落ちます。","<col blue>[Ｌｉｇｈｔｎｉｎｇ]<col end>
Ｐｏｗｅｒｆｕｌ， ｏｎｅ-ｈｉｔ-ｋｉｌｌ ｍａｇｉｃ ｗｉｔｈ ｔｈｅ ｈｉｇｈｅｓｔ ｄａｍａｇｅ ｉｎ ｔｈｅ ｇａｍｅ．
Ａｆｔｅｒ ｃａｓｔｉｎｇ， ｕｓｅ ｔｈｅ ｇｕｎｓｉｇｈｔ ｔｏ ａｉｍ， 
ａｎｄ ｔｈｅｎ ｐｕｌｌ <kico sht> ｔｏ ｃａｌｌ ｄｏｗｎ ａ ｌｉｇｈｔｎｉｎｇ ｂｏｌｔ
ｏｎ ｔｈａｔ ｌｏｃａｔｉｏｎ.
　　　　　　　　　　　　　　　　　　　",,aguardando tradução/revisão
hlp.bin,22,0xFD3F,0xFE63,,"<col blue>【Ｔｏｒｎａｄｏ】<col end>
正面に巨大な竜巻を巻き起こし
全てを巻き上げる大魔法です。
敵の一掃をするだけでなく
ヘリコプターやバリケードも破壊できます。
正面方向に障害物があると詠唱できません。","<col blue>[Ｔｏｒｎａｄｏ]<col end>
Ｃｒｅａｔｅｓ ａ ｇｉｇａｎｔｉｃ ｔｏｒｎａｄｏ ｉｎ ｆｒｏｎｔ ｏｆ ｙｏｕ
ｔｈａｔ ｐｕｌｌｓ ｅｖｅｒｙｔｈｉｎｇ ｕｐ ｉｎｔｏ ｔｈｅ ａｉｒ.
Ｎｏｔ ｏｎｌｙ ｃａｎ ｉｔ ｃｌｅａｒ ｏｕｔ ｅｎｅｍｉｅｓ,
ｉｔ ｃａｎ ａｌｓｏ ｄｅｓｔｒｏｙ ｈｅｌｉｃｏｐｔｅｒｓ ａｎｄ ｂａｒｒｉｃａｄｅｓ.
Ｔｈｅ ｓｐｅｌｌ ｃａｎｎｏｔ ｂｅ ｃａｓｔ
ｉｆ ｔｈｅｒｅ ａｒｅ ｏｂｓｔａｃｌｅｓ ｉｎ ｆｒｏｎｔ ｏｆ ｙｏｕ.                          ",,aguardando tradução/revisão
hlp.bin,23,0x10B3D,0x10BE6,,"<col blue>【Ｍｅｔｅｏ】<col end>
隕石の大群を正面方向の広範囲に降らせ
ありとあらゆる物を破壊しつくす究極の大魔法です。","<col blue>［Ｍｅｔｅｏｒ］<col end>
Ｃａｌｌｓ ｄｏｗｎ ａ ｍｅｔｅｏｒ ｓｈｏｗｅｒ
ｔｈａｔ ｃｏｍｐｌｅｔｅｌｙ ｄｅｓｔｒｏｙｓ ｅｖｅｒｙｔｈｉｎｇ ｉｎ ｓｉｇｈｔ.
                                                                             ",,aguardando tradução/revisão
hlp.bin,24,0x11107,0x111A5,,"<col blue>【Ｅｌｅｍｅｎｔ Ｓｈｏｔ】<col end>
ガンロッドのフォームに合わせて
様々な魔法効果が発動する魔法です。","<col blue>［Ｅｌｅｍｅｎｔ Ｓｈｏｔ］<col end>
Ａｃｔｉｖａｔｅｓ ｖａｒｉｏｕｓ ｅｌｅｍｅｎｔａｌ ｅｆｆｅｃｔｓ ｄｅｐｅｎｄｉｎｇ ｏｎ
 ｔｈｅ ｆｏｒｍ ｏｆ ｔｈｅ ｇｕｎｒｏｄ．
                                                                  ",,aguardando tradução/revisão
hlp.bin,25,0x1171C,0x11864,,"<col blue>【Ｅｌｅｍｅｎｔ Ｓｈｏｔ】　－ 炎属性 －<col end>
マシンガンフォーム装備時に
Ｅｌｅｍｅｎｔ Ｓｈｏｔを詠唱すると炎属性が発動します。
弾丸を「連続ヒット」させることで炎上させます。
頑丈な敵も短時間で倒す事ができます。","<col blue>[Ｅｌｅｍｅｎｔ Ｓｈｏｔ] - Ｆｉｒｅ -<col end>
Ｗｈｅｎ ｙｏｕ ｈａｖｅ ｔｈｅ Ｍａｃｈｉｎｅ ｇｕｎ Ｆｏｒｍ ｅｑｕｉｐｐｅｄ,
Ｅｌｅｍｅｎｔ Ｓｈｏｔ ｗｉｌｌ ｕｎｌｅａｓｈ ａ ｆｉｒｅ ｅｆｆｅｃｔ. 
Ｙｏｕｒ ｂｕｌｌｅｔｓ ｗｉｌｌ ｃａｕｓｅ ｅｎｅｍｉｅｓ ｔｏ ｂｕｒｓｔ ｉｎｔｏ ｆｌａｍｅｓ
ｗｉｔｈ ｃｏｎｓｅｃｕｔｉｖｅ ｈｉｔｓ.
Ｅｖｅｎ ｔｏｕｇｈ ｆｏｅｓ ｃａｎ ｂｅ ｄｅｆｅａｔｅｄ
ｉｎ ａ ｓｈｏｒｔ ａｍｏｕｎｔ ｏｆ ｔｉｍｅ.
                                                          ",,aguardando tradução/revisão
hlp.bin,26,0x12579,0x126CA,,"<col blue>【Ｅｌｅｍｅｎｔ Ｓｈｏｔ】　－ 風属性 －<col end>
ショットガンフォーム装備時に
Ｅｌｅｍｅｎｔ Ｓｈｏｔを詠唱すると風属性が発動します。
突風で近くの敵をよろめかせて
攻撃と動きを封じながら一方的に攻撃ができるようになります。","<col blue>[Ｅｌｅｍｅｎｔ Ｓｈｏｔ] - Ｗｉｎｄ -<col end>
Ｗｈｅｎ ｙｏｕ ｈａｖｅ ｔｈｅ Ｓｈｏｔｇｕｎ Ｆｏｒｍ ｅｑｕｉｐｐｅｄ, 
Ｅｌｅｍｅｎｔ Ｓｈｏｔ ｗｉｌｌ ｕｎｌｅａｓｈ ａ ｗｉｎｄ ｅｆｆｅｃｔ.
Ｙｏｕｒ ｓｈｏｔｓ ｗｉｌｌ ｃｒｅａｔｅ ｓｑｕａｌｌｓ 
ｔｈａｔ ｓｔｕｎ ｅｎｅｍｉｅｓ ａｎｄ ｐｒｅｖｅｎｔ ｔｈｅｍ ｆｒｏｍ ｍｏｖｉｎｇ ｏｒ ａｔｔａｃｋｉｎｇ 
ｓｏ ｙｏｕ ｃａｎ ｆｉｒｅ ｏｎ ｔｈｅｍ ｗｉｔｈｏｕｔ ｒｅｓｉｓｔａｎｃｅ.
                                                  ",,aguardando tradução/revisão
hlp.bin,27,0x133C6,0x1352E,,"<col blue>【Ｅｌｅｍｅｎｔ Ｓｈｏｔ】　－ 光属性 －<col end>
キャノンフォーム装備時に
Ｅｌｅｍｅｎｔ Ｓｈｏｔを詠唱すると光属性が発動します。
<kico mcam>の押し込みで「狙撃モード」に切り替わります。
遠方から攻撃したり、敵の頭など急所を狙ってみましょう。","<col blue>［Ｅｌｅｍｅｎｔ Ｓｈｏｔ］ - Ｌｉｇｈｔ -<col end>
Ｗｈｅｎ ｙｏｕ ｈａｖｅ ｔｈｅ Ｃａｎｎｏｎ Ｆｏｒｍ ｅｑｕｉｐｐｅｄ， 
Ｅｌｅｍｅｎｔ Ｓｈｏｔ ｗｉｌｌ ｕｎｌｅａｓｈ ａ ｌｉｇｈｔ ｅｆｆｅｃｔ． 
Ｐｒｅｓｓ <kico mcam> ｔｏ ｓｗｉｔｃｈ ｔｏ ”ｓｎｉｐｅｒ ｍｏｄｅ”． 
Ｔｈｉｓ ｌｅｔｓ ｙｏｕ ａｔｔａｃｋ ｆｒｏｍ ｌｏｎｇ ｄｉｓｔａｎｃｅｓ，
 ａｎｄ ａｉｍ ｆｏｒ ｅｎｅｍｉｅｓ’ ｈｅａｄｓ ｏｒ ｖｉｔａｌｓ．
                                                        ",,aguardando tradução/revisão
hlp.bin,28,0x141B0,0x14301,,"<col blue>【Ｅｌｅｍｅｎｔ Ｓｈｏｔ】　－ 雷属性 －<col end>
ガトリングフォーム装備時に
Ｅｌｅｍｅｎｔ Ｓｈｏｔを詠唱すると雷属性が発動します。
一体の敵に弾丸を「連続ヒット」させることで
周囲の敵を巻き込んで感電させることができます。","<col blue>［Ｅｌｅｍｅｎｔ Ｓｈｏｔ］ - Ｌｉｇｈｔｎｉｎｇ -<col end>
Ｗｈｅｎ ｙｏｕ ｈａｖｅ ｔｈｅ Ｇａｔｌｉｎｇ Ｆｏｒｍ ｅｑｕｉｐｐｅｄ， 
Ｅｌｅｍｅｎｔ Ｓｈｏｔ ｗｉｌｌ ｕｎｌｅａｓｈ ａ Ｌｉｇｈｔｎｉｎｇ ｅｆｆｅｃｔ． 
Ｃｏｎｓｅｃｕｔｉｖｅ ｈｉｔｓ ｏｎ ａ ｓｉｎｇｌｅ ｅｎｅｍｙ ｓｐｒｅａｄ ｔｈｅ ｓｈｏｃｋｉｎｇ ｅｆｆｅｃｔ
 ｔｏ ｎｅａｒｂｙ ｆｏｅｓ ａｓ ｗｅｌｌ．
                                                         ",,aguardando tradução/revisão
hlp.bin,29,0x14E00,0x14F0A,,"<col blue>【Ａｎｃｉｅｎｔ Ｗａｌｌ】　－ 応用編 －<col end>
ガイスト兵に至近距離から発砲されると大ダメージを受けます。
Ａｎｃｉｅｎｔ Ｗａｌｌで道を塞ぎ、彼らの突進を食い止めましょう。","<col blue>［Ａｎｃｉｅｎｔ Ｗａｌｌ］ - Ａｄｖａｎｃｅｄ -<col end>
Ｉｆ ｙｏｕ ａｒｅ ｓｈｏｔ ｂｙ ｇｅｉｓｔｓ ｆｒｏｍ ｃｌｏｓｅ ｒａｎｇｅ， 
ｙｏｕ ｗｉｌｌ ｔａｋｅ ｈｅａｖｙ ｄａｍａｇｅ． 
Ｂｌｏｃｋ ｔｈｅｉｒ ｐａｔｈ ｗｉｔｈ Ａｎｃｉｅｎｔ Ｗａｌｌ ｓｏ ｔｈｅｙ ｃａｎ’ｔ ｃｈａｒｇｅ ｙｏｕ．
                                                                ",,aguardando tradução/revisão
hlp.bin,30,0x158CF,0x159D3,,"<col blue>【Ａｎｃｉｅｎｔ Ｗａｌｌ】　－ 応用編 －<col end>
ガイスト兵隊長による一斉射撃命令には注意が必要です。
蜂の巣にされないように、Ａｎｃｉｅｎｔ Ｗａｌｌで身を守りましょう。","<col blue>[Ａｎｃｉｅｎｔ Ｗａｌｌ] - Ａｄｖａｎｃｅｄ -<col end>
Ｙｏｕ ｎｅｅｄ ｔｏ ｂｅ ｃａｒｅｆｕｌ ｗｈｅｎ ａ ｇｅｉｓｔ ｃｏｍｍａｎｄｅｒ ｇｉｖｅｓ
ｔｈｅ ｏｒｄｅｒ ｔｏ ｆｉｒｅ ｉｎ ｖｏｌｌｅｙｓ. 
Ｐｒｏｔｅｃｔ ｙｏｕｒｓｅｌｆ ｗｉｔｈ Ａｎｃｉｅｎｔ Ｗａｌｌ
ｓｏ ｙｏｕ ｄｏｎ'ｔ ｇｅｔ ｔｕｒｎｅｄ ｉｎｔｏ Ｓｗｉｓｓ ｃｈｅｅｓｅ.
                                                   ",,aguardando tradução/revisão
hlp.bin,31,0x163FA,0x16566,,"<col blue>【Ａｎｃｉｅｎｔ Ｗａｌｌ】　－ 応用編 －<col end>
ガイスト狙撃兵は百発百中の腕の持ち主です。
赤いレーザーサイトに狙われた場合は
走り回らずに物陰かＡｎｃｉｅｎｔ Ｗａｌｌに身を隠しましょう。
回避アクションでは、狙撃兵の弾丸は回避できません。","<col blue>［Ａｎｃｉｅｎｔ Ｗａｌｌ］ - Ａｄｖａｎｃｅｄ -<col end>
Ｇｅｉｓｔ ｓｈａｒｐｓｈｏｏｔｅｒｓ ｈａｒｄｌｙ ｅｖｅｒ ｍｉｓｓ．
 Ｗｈｅｎ ｙｏｕ ｓｅｅ ａ ｒｅｄ ｌａｓｅｒ ｓｉｇｈｔ ｏｎ ｙｏｕ， 
ｓｔａｙ ｃａｌｍ ａｎｄ ｕｓｅ Ａｎｃｉｅｎｔ Ｗａｌｌ ｔｏ ｈｉｄｅ ｙｏｕｒｓｅｌｆ． 
Ｙｏｕ ｃａｎ’ｔ ｅｖａｄｅ ａ ｓｎｉｐｅｒ’ｓ ｂｕｌｌｅｔｓ ｗｉｔｈ ｄｏｄｇｅ ａｃｔｉｏｎｓ． 
                                            ",,aguardando tradução/revisão
hlp.bin,32,0x17251,0x17340,,"<col blue>【Ｒａｖｅｎｓ Ｐａｎｉｃ】　－ 応用編 －<col end>
敵の数が多い時はＲａｖｅｎｓ Ｐａｎｉｃを詠唱しましょう。
敵を混乱させることで、戦況が格段に楽になります。","<col blue>［Ｒａｖｅｎｓ Ｐａｎｉｃ］ - Ａｄｖａｎｃｅｄ -<col end>
Ｗｈｅｎ ｆａｃｉｎｇ ｌｏｔｓ ｏｆ ｅｎｅｍｉｅｓ， ｃａｓｔ Ｒａｖｅｎｓ Ｐａｎｉｃ．
 Ｔｈｉｓ ｗｉｌｌ ｃｏｎｆｕｓｅ ｙｏｕｒ ｆｏｅｓ ａｎｄ ｍａｋｅ ｔｈｅ ｂａｔｔｌｅ ｅａｓｉｅｒ．
                                                     ",,aguardando tradução/revisão
hlp.bin,33,0x17BA0,0x17C83,,"<col blue>【Ｒａｖｅｎｓ Ｐａｎｉｃ】　－ 応用編 －<col end>
攻撃が当たらない動きの素早い敵は
Ｒａｖｅｎｓ Ｐａｎｉｃでその動きを封じてから攻撃に転じましょう。","<col blue>［Ｒａｖｅｎｓ Ｐａｎｉｃ］ - Ａｄｖａｎｃｅｄ -<col end>
Ｆｏｒ ｅｎｅｍｉｅｓ ｔｈａｔ ａｒｅ ｔｏｏ ｆａｓｔ ｔｏ ｈｉｔ，
 ｔｒｙ ｓｔｏｐｐｉｎｇ ｔｈｅｍ ｗｉｔｈ Ｒａｖｅｎｓ Ｐａｎｉｃ ｂｅｆｏｒｅ ａｔｔａｃｋｉｎｇ．
　　　　　　　　　　　　　　　　　　　　　　　　　　　　　　　　　　　　　　　　　　　",,aguardando tradução/revisão
hlp.bin,34,0x18389,0x1843F,,"<col blue>【Ｗｉｌｌ Ｐｏｗｅｒ】　－ 応用編 －<col end>
道を封鎖している障害物を
Ｗｉｌｌ Ｐｏｗｅｒで吹き飛ばすことができます。","<col blue>［Ｗｉｌｌｐｏｗｅｒ］ - Ａｄｖａｎｃｅｄ -<col end>
Ｙｏｕ ｃａｎ ｕｓｅ Ｗｉｌｌｐｏｗｅｒ
 ｔｏ ｐｕｓｈ ａｗａｙ ｏｂｓｔａｃｌｅｓ ｂｌｏｃｋｉｎｇ ｙｏｕｒ ｐａｔｈ．
                                                          ",,aguardando tradução/revisão
hlp.bin,35,0x189EC,0x18ACF,,"<col blue>【Ｗｉｌｌ Ｐｏｗｅｒ】　－ 応用編 －<col end>
敵に、車や爆発するドラム缶をＷｉｌｌ Ｐｏｗｅｒでぶつける事で
より大きなダメージを与える事ができます。","<col blue>［Ｗｉｌｌｐｏｗｅｒ］ - Ａｄｖａｎｃｅｄ -<col end>
Ｙｏｕ ｃａｎ ｄｅａｌ ｅｖｅｎ ｂｉｇｇｅｒ ｄａｍａｇｅ ｔｏ ｅｎｅｍｉｅｓ
 ｂｙ ｕｓｉｎｇ Ｗｉｌｌｐｏｗｅｒ ｔｏ ｒａｍ ｃａｒｓ ｏｒ ｅｘｐｌｏｓｉｖｅ ｄｒｕｍｓ ｉｎｔｏ ｔｈｅｍ．
                                                                      ",,aguardando tradução/revisão
hlp.bin,36,0x19319,0x19414,,"<col blue>【Ｗｉｌｌ Ｐｏｗｅｒ】　－ 応用編 －<col end>
バリケード周辺は、ガイスト兵の連携が強く危険です。
Ｗｉｌｌ Ｐｏｗｅｒで、車などをぶつけてバリケードを破壊しましょう。","<col blue>［Ｗｉｌｌｐｏｗｅｒ］ - Ａｄｖａｎｃｅｄ -<col end>
Ｉｔ ｉｓ ｖｅｒｙ ｄａｎｇｅｒｏｕｓ ａｒｏｕｎｄ ｂａｒｒｉｃａｄｅｓ
 ｂｅｃａｕｓｅ ｔｈｅ ｇｅｉｓｔｓ ｗｉｌｌ ｂｅ ｗｏｒｋｉｎｇ ａｓ ａ ｔｅａｍ．
Ｕｓｅ Ｗｉｌｌｐｏｗｅｒ ｔｏ ｒａｍ ｔｈｅ ｂａｒｒｉｃａｄｅ ｗｉｔｈ ａ ｃａｒ ａｎｄ ｄｅｓｔｒｏｙ ｉｔ．
                                                                            ",,aguardando tradução/revisão
hlp.bin,37,0x19E36,0x19F2B,,"<col blue>【Ｒｏｓｅ Ｓｐｅａｒ】　－ 応用編 －<col end>
密集している敵の中心部にうまくバラを投げこむと
まとめて串刺しにする事ができます。
バラの落下地点を予測しましょう。","<col blue>［Ｒｏｓｅ Ｓｐｅａｒ］ - Ａｄｖａｎｃｅｄ -<col end>
Ｉｆ ｙｏｕ ｔｈｒｏｗ ｔｈｅ ｒｏｓｅ ｉｎｔｏ ｔｈｅ ｍｉｄｄｌｅ ｏｆ ａ ｃｌｕｓｔｅｒ ｏｆ ｅｎｅｍｉｅｓ
 ｙｏｕ ｃａｎ ｉｍｐａｌｅ ｔｈｅｍ ａｌｌ ａｔ ｏｎｃｅ． 
Ｔｒｙ ｔｏ ａｉｍ ｔｈｅ ｒｏｓｅ’ｓ ｌａｎｄｉｎｇ ｐｏｉｎｔ ｃａｒｅｆｕｌｌｙ．
                                                                              ",,aguardando tradução/revisão
hlp.bin,38,0x1A8DC,0x1A99B,,"<col blue>【Ｒｏｓｅ Ｓｐｅａｒ】　－ 応用編 －<col end>
Ｒｏｓｅ Ｓｐｅａｒは物影にかくれている敵も
容赦なく串刺しにする事ができます。","<col blue>[Ｒｏｓｅ Ｓｐｅａｒ] - Ａｄｖａｎｃｅｄ -<col end>
Ｒｏｓｅ Ｓｐｅａｒ ｃａｎ ｍｅｒｃｉｌｅｓｓｌｙ ｉｍｐａｌｅ ｅｎｅｍｉｅｓ 
ｈｉｄｉｎｇ ｂｅｈｉｎｄ ｃｏｖｅｒ ａｓ ｗｅｌｌ.
                                                                             ",,aguardando tradução/revisão
hlp.bin,39,0x1AF6A,0x1AFF4,,"<col sky>【結界】<col end>
道を封鎖する邪魔な「結界」は
通過する事も破壊する事も決して出来ません。","<col sky>［Ｂａｒｒｉｅｒｓ］<col end>
Ｂａｒｒｉｅｒｓ ｉｎｔｅｒｆｅｒｅ ｗｉｔｈ ｙｏｕｒ ｐｒｏｇｒｅｓｓ ｂｙ ｂｌｏｃｋｉｎｇ ｐａｔｈｓ
 ａｎｄ ｂｅｉｎｇ ｃｏｍｐｌｅｔｅｌｙ ｉｍｐａｓｓｉｂｌｅ ａｎｄ ｉｎｄｅｓｔｒｕｃｔｉｂｌｅ．
                                                    ",,aguardando tradução/revisão
hlp.bin,40,0x1B6D1,0x1B7DA,,"<col sky>【ウォルナッツヘッド】<col end>
結界をつくり出す怪物「ウォルナッツヘッド」は
念力で周囲のモノを浮かせて飛ばしてくる事があります。
回避アクションで華麗に避けつつ倒しましょう。","<col sky>［Ｗａｌｎｕｔ Ｈｅａｄｓ］<col end>
Ｗａｌｎｕｔ Ｈｅａｄｓ ｃｒｅａｔｅ ｂａｒｒｉｅｒｓ ａｎｄ ｕｓｅ ｔｈｅｉｒ ｍｉｎｄｓ
 ｔｏ ｐｉｃｋ ｎｅａｒｂｙ ｏｂｊｅｃｔｓ ａｎｄ ｔｈｒｏｗ ｔｈｅｍ ａｔ ｙｏｕ． 
Ｕｓｅ ｄｏｄｇｅ ａｃｔｉｏｎｓ ｔｏ ｅｖａｄｅ ｔｈｅｉｒ ａｔｔａｃｋｓ ａｓ ｙｏｕ ｄｅｆｅａｔ ｔｈｅｍ．
　　　　　　　　　　　　　　　　　　　　　　　　　　　　　　　　　　　　　　　　　　",,aguardando tradução/revisão
hlp.bin,41,0x1C221,0x1C2A7,,"<col sky>【ギガース】<col end>
一見無敵の「ギガース」ですが、どこかに弱点があるかもしれません。","<col sky>［Ｇｉｇａｓ］<col end>
Ｇｉｇａｓ ｍａｙ ｓｅｅｍ ｉｎｖｉｎｃｉｂｌｅ，
 ｂｕｔ ｔｈｅｙ ｍａｙ ｈａｖｅ ａ ｗｅａｋ ｐｏｉｎｔ ｓｏｍｅｗｈｅｒｅ．
                                                      ",,aguardando tradução/revisão
hlp.bin,42,0x1C7E9,0x1C8F9,,"<col sky>【怨霊魂】<col end>
「スクリーマー」が吐き出す怨霊魂にとりつかれると
人間は恐ろしい怪物に変貌してしまいます。
「怨霊魂」は回避アクションでかわしつつ
銃で狙い撃ちして行きましょう。","<col sky>［Ｇｒｕｄｇｅ Ｓｐｉｒｉｔｓ］<col end>
Ｉｆ ｔｈｅｙ ａｒｅ ｐｏｓｓｅｓｓｅｄ ｂｙ ｔｈｅ ｇｒｕｄｇｅ ｓｐｉｒｉｔｓ ｓｐｉｔ ｏｕｔ
 ｂｙ Ｓｃｒｅａｍｅｒｓ， ｈｕｍａｎｓ ｗｉｌｌ ｔｕｒｎ ｉｎｔｏ ｈｏｒｒｉｆｉｃ ｍｏｎｓｔｅｒｓ． 
Ｄｏｄｇｅ ｔｈｅ ｇｒｕｄｇｅ ｓｐｉｒｉｔｓ
 ｗｈｉｌｅ ｍａｋｉｎｇ ａｉｍｅｄ ｓｈｏｔｓ ｗｉｔｈ ｙｏｕｒ ｇｕｎ．
                                                       ",,aguardando tradução/revisão
hlp.bin,43,0x1D41D,0x1D4EF,,"<col sky>【攻略ヒント】<col end>
ガソリンスタンドを大爆発させる事で敵をまとめて倒す事ができます。
中にある車などを爆発させて引火させてみましょう。","<col sky>［Ｈｉｎｔ］<col end>
Ｙｏｕ ｃａｎ ｄｅｆｅａｔ ａ ｌｏｔ ｏｆ ｅｎｅｍｉｅｓ ａｔ ｏｎｃｅ
 ｂｙ ｂｌｏｗｉｎｇ ｕｐ ｔｈｅ ｇａｓ ｓｔａｔｉｏｎ． 
Ｔｒｙ ｔｏ ｍａｋｅ ｏｎｅ ｏｆ ｔｈｅ ｃａｒｓ ｉｎｓｉｄｅ ｅｘｐｌｏｄｅ ａｎｄ ｓｔａｒｔ ａ ｆｉｒｅ．
                                                      ",,aguardando tradução/revisão
hlp.bin,44,0x1DEA1,0x1DF7C,,"<col sky>【攻略ヒント】<col end>
老朽化した天井を落盤させて敵を下敷きにする事ができます。
崩れそうな天井の下に敵を誘い出し、天井を銃で撃ってみましょう。","<col sky>[Ｈｉｎｔ]<col end>
Ｙｏｕ ｃａｎ ｍａｋｅ ａ ｗｅａｋｅｎｅｄ ｃｅｉｌｉｎｇ ｔｏ ｃａｖｅ ｉｎ
ａｎｄ ｃｒｕｓｈ ｅｎｅｍｉｅｓ ｆｌａｔ. 
Ｌｕｒｅ ｙｏｕｒ ｆｏｅｓ ｕｎｄｅｒ ａｎ ａｒｅａ 
ｔｈａｔ ｓｅｅｍｓ ｌｉｋｅ ｉｔ ｃｏｕｌｄ ｃｏｌｌａｐｓｅ, 
ａｎｄ ｔｈｅｎ ｓｈｏｏｔ ｔｈｅ ｃｅｉｌｉｎｇ ｗｉｔｈ ｙｏｕｒ ｇｕｎ.
                                                             ",,aguardando tradução/revisão
hlp.bin,45,0x1E959,0x1E9CA,,"<col red>【ミッション】<col end>
橋の上の敵と装甲車を全滅させ、結界を取り除こう。","<col red>［Ｍｉｓｓｉｏｎ］<col end>
Ｄｅｓｔｒｏｙ ａｌｌ ｔｈｅ ｔａｎｋｓ ｏｎ ｔｏｐ ｏｆ ｔｈｅ ｂｒｉｄｇｅ
 ａｎｄ ｒｅｍｏｖｅ ｔｈｅ ｂａｒｒｉｅｒ．
                              ",,aguardando tradução/revisão
hlp.bin,46,0x1EE50,0x1EED9,,"<col red>【ミッション】<col end>
民衆を恐ろしい怪物に変えてしまう「スクリーマー」を探して倒そう。","<col red>[Ｍｉｓｓｉｏｎ]<col end>
Ｆｉｎｄ ｔｈｅ Ｓｃｒｅａｍｅｒ 
ｔｈａｔ ｉｓ ｃｈａｎｇｉｎｇ ｃｉｖｉｌｉａｎｓ ｉｎｔｏ ｍｏｎｓｔｅｒｓ
ａｎｄ ｄｅｆｅａｔ ｉｔ.
                                                 ",,aguardando tradução/revisão
hlp.bin,47,0x1F428,0x1F4B1,,"<col red>【ミッション】<col end>
ヘリコプターで次々と増援される敵を全滅させて、基地を守り切ろう。","<col red>［Ｍｉｓｓｉｏｎ］<col end>
Ｄｅｆｅｎｄ ｔｈｅ ｂａｓｅ ｆｒｏｍ ａｌｌ ｔｈｅ ｅｎｅｍｉｅｓ ｃｏｍｉｎｇ ｉｎ ｂｙ ｈｅｌｉｃｏｐｔｅｒ．
                                                              ",,aguardando tradução/revisão
hlp.bin,48,0x1F958,0x1FA18,,"<col red>【ミッション】<col end>
滑走路の結界を作り出している「ウォルナッツヘッド」を全て倒し
飛行機の発進を邪魔する結界を取り除こう。","<col red>［Ｍｉｓｓｉｏｎ］<col end>
Ｒｅｍｏｖｅ ａｌｌ ｔｈｅ ｂａｒｒｉｅｒｓ ｂｌｏｃｋｉｎｇ
 ｔｈｅ ｐｌａｎｅ’ｓ ｐｒｏｇｒｅｓｓ ｄｏｗｎ ｔｈｅ ｒｕｎｗａｙ
 ｂｙ ｄｅｆｅａｔｉｎｇ ａｌｌ ｔｈｅ Ｗａｌｎｕｔ Ｈｅａｄｓ ｃｒｅａｔｉｎｇ ｔｈｅｍ．
                                                            ",,aguardando tradução/revisão
hlp.bin,49,0x2015B,0x201C0,,"<col red>【攻略ヒント】<col end>
口の中を銃で狙い撃ちし、撃退しましょう。","<col sky>［Ｈｉｎｔ］<col end>
Ｙｏｕ ｃａｎ ｒｅｐｕｌｓｅ ｉｔｓ ａｔｔａｃｋｓ ｂｙ ｓｈｏｏｔｉｎｇ ｉｔ ｉｎ ｔｈｅ ｍｏｕｔｈ
 ｗｉｔｈ ｙｏｕｒ ｇｕｎ．
                                        ",,aguardando tradução/revisão
hlp.bin,50,0x2093F,0x209FD,,"<col yellow>［ＨＥＬＰ］<col end>
 ゲームの操作については、ＳＴＡＲＴボタンを押し
 ポーズ画面のＨＥＬＰ項目で確認することができます。","<col yellow>[Help]<col end>
To view game controls, press the pause button
and select Help on the Pause menu.
",,aguardando tradução/revisão
hlp.bin,51,0x20C5D,0x20CB6,,魔法　「Ｅｌｅｍｅｎｔ Ｓｈｏｔ」　が使用可能になりました。,"Magic: Element Shot can now be used.
",,aguardando tradução/revisão
hlp.bin,52,0x20D78,0x20DD1,,魔法　「Ａｎｃｉｅｎｔ Ｗａｌｌ」　が使用可能になりました。,"Magic: Ancient Wall can now be used.
",,aguardando tradução/revisão
hlp.bin,53,0x20E8F,0x20EE2,,魔法　「Ｒｏｓｅ Ｓｐｅａｒ」　が使用可能になりました。,"Magic: Rose Spear can now be used.
",,aguardando tradução/revisão
hlp.bin,54,0x20F99,0x20FEC,,魔法　「Ｗｉｌｌ Ｐｏｗｅｒ」　が使用可能になりました。,"Magic: Willpower can now be used.
",,aguardando tradução/revisão
hlp.bin,55,0x210A0,0x210F2,,魔法　「Ｓａｃｒｉｆｉｃｅ」　が使用可能になりました。,"Magic: Sacrifice can now be used.
",,aguardando tradução/revisão
hlp.bin,56,0x211A2,0x211FB,,魔法　「Ｒａｖｅｎｓ Ｐａｎｉｃ」　が使用可能になりました。,"Magic: Ravens Panic can now be used.
",,aguardando tradução/revisão
hlp.bin,57,0x212B8,0x21307,,大魔法　「Ｔｈｕｎｄｅｒ」　が使用可能になりました。,"Magic: Lightning can now be used.
",,aguardando tradução/revisão
hlp.bin,58,0x213AC,0x213FB,,大魔法　「Ｔｏｒｎａｄｏ」　が使用可能になりました。,"Magic: Tornado can now be used.
",,aguardando tradução/revisão
hlp.bin,59,0x214A3,0x214EC,,大魔法　「Ｍｅｔｅｏ」　が使用可能になりました。,Magic: Meteor can now be used.,,aguardando tradução/revisão
hlp.bin,60,0x2158F,0x2165B,,"<col yellow>【ＨＰゲージ】　－ 体力 －<col end>
画面右上の水色のゲージはHP（体力）を、白いバーは最大ＨＰを示します。
どちらも時間で回復します。","<col yellow>[HP Gauge] - HP -<col end>
The blue gauge in the upper right hand corner of the screen
represents Alicia's current HP (hit points), while the white
bar represents her maximum HP. Both recover over time.
",,aguardando tradução/revisão
hlp.bin,61,0x21AE2,0x21C03,,"<col yellow>【ＭＰゲージ】　－ 魔力 －<col end>
画面右上の紫のゲージはアリシアの現在のMP（魔力）を
白いバーはＭＰの最大値を示します。
ＭＰは時間で回復します。
ＭＰの最大値は敵を銃で倒すと増加します。","<col yellow>[MP Gauge] - MP -<col end>
The purple gauge in the upper right hand corner of the screen
represents Alicia's current MP (magic power), while the white
bar represents her maximum MP.
MP recovers over time. To raise maximum MP, you must
defeat enemies with your gunrod.",,aguardando tradução/revisão
hlp.bin,62,0x221B9,0x222A8,,"<col yellow>【銃撃戦】<col end>
ダメージを受けないように、周囲の
物影に隠れながら戦うようにしましょう。
<kico mcha>を押してしゃがむ事で
車などの影に隠れる事もできます。","<col yellow>[Gun Battles]<col end>
In a gunfight, use whatever's available
for cover.
Click <kico mcha> to crouch 
and hide behind cars or other objects.",,aguardando tradução/revisão
hlp.bin,63,0x226AE,0x227E4,,"<col yellow>【銃撃戦】<col end>
ガンサイトで良く狙うことによって、効率よく敵が倒せます。
<kico mcam>の押し込みで射撃に適した
[シューティングビュー]に切り替わります。
立ち止まるか、しゃがめばさらに命中率が上昇します。","<col yellow>[Gun Battles]<col end>
Aim your gunsight carefully to fire
more accurately. Click <kico mcam> to 
zoom in on your target. You can further
increase your accuracy by standing still
and/or crouching.",,aguardando tradução/revisão
hlp.bin,64,0x22D26,0x22E03,,"<col yellow>【回避アクション】<col end>
グレネードやミサイルの爆発は<kico dod>を押して
回避アクションでかわす事ができます。
敵の弾丸も当たりにくくなります。","<col yellow>[Dodge Actions]<col end>
Pull <kico dod> to execute 
a dodge action and escape 
the explosions of grenades or 
missiles. It will also be harder 
for enemy bullets to hit you.
",,aguardando tradução/revisão
hlp.bin,65,0x231EF,0x232E4,,"<col blue>【Ｓａｃｒｉｆｉｃｅ】<col end>
負傷して「うずくまっている人」を回復させる魔法です。
傷付いて動けなくなっている人を見つけたら
近づいてから詠唱してみましょう。","<col blue>[Sacrifice]<col end>
This magic heals people who are too injured
to move. If you find someone curled up on the
ground, try casting this spell on them.",,aguardando tradução/revisão
hlp.bin,66,0x23671,0x23764,,"<col blue>【Ａｎｃｉｅｎｔ Ｗａｌｌ】<col end>
魔法の壁を目の前につくり、敵の攻撃を防ぐ魔法です。
敵の行く手を塞いだり、人々を守る盾に使ったり。
使い方は多種多様です。","<col blue>[Ancient Wall]<col end>
Creates a magic wall in front of you 
that can block enemy attacks. 
Other possible uses include obstructing
enemy movement and defending citizens.",,aguardando tradução/revisão
hlp.bin,67,0x23B12,0x23C29,,"<col blue>【Ｒａｖｅｎｓ Ｐａｎｉｃ】<col end>
カラスの大群を呼び出し敵を混乱に陥れる魔法です。
正面方向の敵に次々とカラスがむらがり、敵数体の移動と攻撃を封じてます。
室内では使用できません。","<col blue>[Ravens Panic]<col end>
Magic that summons a horde of ravens
to confuse and fluster enemies. 
The Ravens will swarm multiple enemies in your line of sight, 
preventing them from moving or attacking. 
This spell cannot be used indoors.",,aguardando tradução/revisão
hlp.bin,68,0x24158,0x24251,,"<col blue>【Ｗｉｌｌ Ｐｏｗｅｒ】<col end>
色々な物を、視点方向へ吹き飛ばす魔法です。
吹き飛ばした物をぶつける事で、敵を倒したり
バリケードを粉砕したりすることが出来ます。","<col blue>[Willpower]<col end>
Telekinetically push various objects
in the direction you are facing.
You can defeat enemies or smash barricades
by knocking objects into them.
",,aguardando tradução/revisão
hlp.bin,69,0x24629,0x24704,,"<col blue>【Ｒｏｓｅ Ｓｐｅａｒ】<col end>
視点方向へ向かってバラを投げます。
バラの落下地点の周辺から、
次々とバラのトゲが突き出て敵を串刺しにします。","<col blue>[Rose Spear]<col end>
Throws a rose in the direction you are facing. 
A succession of spikes will shoot up from the ground, 
impaling all enemies within a certain radius of
where the rose landed.
",,aguardando tradução/revisão
hlp.bin,70,0x24B3D,0x24C15,,"<col blue>【Ｔｈｕｎｄｅｒ】<col end>
絶大な攻撃力を持つ一撃必殺の大魔法です。
詠唱後、ガンサイトで狙いをつけて
<kico sht>を押した地点に稲妻が落ちます。","<col blue>[Lightning]<col end>
Powerful, one-hit-kill magic with the highest damage in the game.
After casting, use the gunsight to aim, 
then pull <kico sht> to call down a lightning bolt
on that location.",,aguardando tradução/revisão
hlp.bin,71,0x25071,0x2519A,,"<col blue>【Ｔｏｒｎａｄｏ】<col end>
正面に巨大な竜巻を巻き起こし
全てを巻き上げる大魔法です。
敵の一掃をするだけでなく
ヘリコプターやバリケードも破壊できます。
正面方向に障害物があると詠唱できません。","<col blue>[Tornado]<col end>
Creates a gigantic tornado in front of you
that pulls everything up into the air.
Not only can it clear out enemies,
it can also destroy helicopters and barricades.
The spell cannot be cast if there are
obstacles in front of you.",,aguardando tradução/revisão
hlp.bin,72,0x256DA,0x25785,,"<col blue>【Ｍｅｔｅｏ】<col end>
隕石の大群を正面方向の広範囲に降らせ
ありとあらゆる物を破壊しつくす究極の大魔法です。","<col blue>[Meteor]<col end>
Calls down a meteor shower
that completely destroys everything in sight.
",,aguardando tradução/revisão
hlp.bin,73,0x2599F,0x25A3F,,"<col blue>【Ｅｌｅｍｅｎｔ Ｓｈｏｔ】<col end>
ガンロッドのフォームに合わせて
様々な魔法効果が発動する魔法です。","<col blue>[Element Shot]<col end>
Activates various elemental effects depending on
the form of the gunrod.
",,aguardando tradução/revisão
hlp.bin,74,0x25C74,0x25DC0,,"<col blue>【Ｅｌｅｍｅｎｔ Ｓｈｏｔ】　－ 炎属性 －<col end>
マシンガンフォーム装備時に
Ｅｌｅｍｅｎｔ Ｓｈｏｔを詠唱すると炎属性が発動します。
弾丸を「連続ヒット」させることで炎上させます。
頑丈な敵も短時間で倒す事ができます。","<col blue>[Element Shot] - Fire -<col end>
When you have the Machine Gun equipped,
Element Shot will unleash a fire effect. 
Shoot enemies repeatedly to set them
on fire, bringing down even tough foes
quickly.",,aguardando tradução/revisão
hlp.bin,75,0x262CF,0x26424,,"<col blue>【Ｅｌｅｍｅｎｔ Ｓｈｏｔ】　－ 風属性 －<col end>
ショットガンフォーム装備時に
Ｅｌｅｍｅｎｔ Ｓｈｏｔを詠唱すると風属性が発動します。
突風で近くの敵をよろめかせて
攻撃と動きを封じながら一方的に攻撃ができるようになります。","<col blue>[Element Shot] - Wind -<col end>
When you have the Shotgun Form equipped, 
Element Shot will unleash a wind effect.
Your shots will create squalls that stun groups
of enemies, letting you continue firing on them
without resistance.",,aguardando tradução/revisão
hlp.bin,76,0x26949,0x26AB5,,"<col blue>【Ｅｌｅｍｅｎｔ Ｓｈｏｔ】　－ 光属性 －<col end>
キャノンフォーム装備時に
Ｅｌｅｍｅｎｔ Ｓｈｏｔを詠唱すると光属性が発動します。
<kico mcam>の押し込みで「狙撃モード」に切り替わります。
遠方から攻撃したり、敵の頭など急所を狙ってみましょう。","<col blue>[Element Shot] - Light -<col end>
With the Cannon Form, use Element Shot, then
press <kico mcam> to switch to ""sniper mode,""
where you can perform instant-kill headshots.
Power up Element Shot to zoom in farther.",,aguardando tradução/revisão
hlp.bin,77,0x26FC8,0x2711D,,"<col blue>【Ｅｌｅｍｅｎｔ Ｓｈｏｔ】　－ 雷属性 －<col end>
ガトリングフォーム装備時に
Ｅｌｅｍｅｎｔ Ｓｈｏｔを詠唱すると雷属性が発動します。
一体の敵に弾丸を「連続ヒット」させることで
周囲の敵を巻き込んで感電させることができます。","<col blue>[Element Shot] - Lightning -<col end>
When you have the Gatling Form equipped, 
Element Shot will unleash a lightning effect. 
Consecutive hits on a single enemy spread the shocking effect
to nearby foes as well.",,aguardando tradução/revisão
hlp.bin,78,0x27586,0x27692,,"<col blue>【Ａｎｃｉｅｎｔ Ｗａｌｌ】　－ 応用編 －<col end>
ガイスト兵に至近距離から発砲されると大ダメージを受けます。
Ａｎｃｉｅｎｔ Ｗａｌｌで道を塞ぎ、彼らの突進を食い止めましょう。","<col blue>[Ancient Wall] - Advanced -<col end>
Geists' weapons are much deadlier
at close range. If they charge, hold
them back with an Ancient Wall.",,aguardando tradução/revisão
hlp.bin,79,0x27A60,0x27B66,,"<col blue>【Ａｎｃｉｅｎｔ Ｗａｌｌ】　－ 応用編 －<col end>
ガイスト兵隊長による一斉射撃命令には注意が必要です。
蜂の巣にされないように、Ａｎｃｉｅｎｔ Ｗａｌｌで身を守りましょう。","<col blue>[Ancient Wall] - Advanced -<col end>
Geist officers can order their troops to
fire in organized volleys.
Protect yourself with Ancient Wall
so you don't get turned into Swiss cheese.",,aguardando tradução/revisão
hlp.bin,80,0x27F76,0x280E6,,"<col blue>【Ａｎｃｉｅｎｔ Ｗａｌｌ】　－ 応用編 －<col end>
ガイスト狙撃兵は百発百中の腕の持ち主です。
赤いレーザーサイトに狙われた場合は
走り回らずに物陰かＡｎｃｉｅｎｔ Ｗａｌｌに身を隠しましょう。
回避アクションでは、狙撃兵の弾丸は回避できません。","<col blue>[Ancient Wall] - Advanced -<col end>
Geist sharpshooters hardly ever miss.
When you see a red laser sight on you, 
stay calm and use Ancient Wall to hide yourself. 
You can't evade a sniper's bullets with dodge actions.",,aguardando tradução/revisão
hlp.bin,81,0x28620,0x28711,,"<col blue>【Ｒａｖｅｎｓ Ｐａｎｉｃ】　－ 応用編 －<col end>
敵の数が多い時はＲａｖｅｎｓ Ｐａｎｉｃを詠唱しましょう。
敵を混乱させることで、戦況が格段に楽になります。","<col blue>[Ravens Panic] - Advanced -<col end>
When badly outnumbered, cast Ravens Panic.
Confuse your enemies and even the odds.",,aguardando tradução/revisão
hlp.bin,82,0x28A67,0x28B4C,,"<col blue>【Ｒａｖｅｎｓ Ｐａｎｉｃ】　－ 応用編 －<col end>
攻撃が当たらない動きの素早い敵は
Ｒａｖｅｎｓ Ｐａｎｉｃでその動きを封じてから攻撃に転じましょう。","<col blue>[Ravens Panic] - Advanced -<col end>
Some enemies move too fast to shoot. Cast Ravens
Panic to trip them up, then shoot them.",,aguardando tradução/revisão
hlp.bin,83,0x28E13,0x28ECB,,"<col blue>【Ｗｉｌｌ Ｐｏｗｅｒ】　－ 応用編 －<col end>
道を封鎖している障害物を
Ｗｉｌｌ Ｐｏｗｅｒで吹き飛ばすことができます。","<col blue>[Willpower] - Advanced -<col end>
You can use Willpower to push away
obstacles blocking your path.",,aguardando tradução/revisão
hlp.bin,84,0x2912B,0x29210,,"<col blue>【Ｗｉｌｌ Ｐｏｗｅｒ】　－ 応用編 －<col end>
敵に、車や爆発するドラム缶をＷｉｌｌ Ｐｏｗｅｒでぶつける事で
より大きなダメージを与える事ができます。","<col blue>[Willpower] - Advanced -<col end>
You can devastate enemies by using Willpower
to ram cars or explosive drums into them.",,aguardando tradução/revisão
hlp.bin,85,0x29558,0x29655,,"<col blue>【Ｗｉｌｌ Ｐｏｗｅｒ】　－ 応用編 －<col end>
バリケード周辺は、ガイスト兵の連携が強く危険です。
Ｗｉｌｌ Ｐｏｗｅｒで、車などをぶつけてバリケードを破壊しましょう。","<col blue>[Willpower] - Advanced -<col end>
The geists who man barricades are especially
skilled in team tactics, making them much
more dangerous. Use Willpower to ram
the barricade with a car and destroy it.",,aguardando tradução/revisão
hlp.bin,86,0x29A7D,0x29B75,,"<col blue>【Ｒｏｓｅ Ｓｐｅａｒ】　－ 応用編 －<col end>
密集している敵の中心部にうまくバラを投げこむと
まとめて串刺しにする事ができます。
バラの落下地点を予測しましょう。","<col blue>[Rose Spear] - Advanced -<col end>
If you throw a rose into a cluster of enemies,
you can impale them all at once. 
It's worth putting in the practice to throw
the roses precisely where you want them.",,aguardando tradução/revisão
hlp.bin,87,0x29F75,0x2A036,,"<col blue>【Ｒｏｓｅ Ｓｐｅａｒ】　－ 応用編 －<col end>
Ｒｏｓｅ Ｓｐｅａｒは物影にかくれている敵も
容赦なく串刺しにする事ができます。","<col blue>[Rose Spear] - Advanced -<col end>
Rose Spear impales enemies without mercy,
even if they're hiding behind cover.",,aguardando tradução/revisão
hlp.bin,88,0x2A29C,0x2A328,,"<col sky>【結界】<col end>
道を封鎖する邪魔な「結界」は
通過する事も破壊する事も決して出来ません。","<col sky>[Barriers]<col end>
Certain enemies can block your path
with impassible, indestructible barriers.",,aguardando tradução/revisão
hlp.bin,89,0x2A5C1,0x2A6CD,,"<col sky>【ウォルナッツヘッド】<col end>
結界をつくり出す怪物「ウォルナッツヘッド」は
念力で周囲のモノを浮かせて飛ばしてくる事があります。
回避アクションで華麗に避けつつ倒しましょう。","<col sky>[Walnut Heads]<col end>
Walnut Heads create barriers and use their minds
to pick up nearby objects and throw them at you. 
Stay away from cars, and be ready to dodge.",,aguardando tradução/revisão
hlp.bin,90,0x2AAB9,0x2AB40,,"<col sky>【ギガース】<col end>
一見無敵の「ギガース」ですが、どこかに弱点があるかもしれません。","<col sky>[Gigas]<col end>
Gigas may seem invincible, but
they have a weak point somewhere...",,aguardando tradução/revisão
hlp.bin,91,0x2AD68,0x2AE7C,,"<col sky>【怨霊魂】<col end>
「スクリーマー」が吐き出す怨霊魂にとりつかれると
人間は恐ろしい怪物に変貌してしまいます。
「怨霊魂」は回避アクションでかわしつつ
銃で狙い撃ちして行きましょう。","<col sky>[Grudge Spirits]<col end>
Screamers spit out Grudge Spirits, which can
turn humans into horrific monsters.
Dodge the Grudge Spirits and aim 
carefully to shoot them down.",,aguardando tradução/revisão
hlp.bin,92,0x2B2C6,0x2B39A,,"<col sky>【攻略ヒント】<col end>
ガソリンスタンドを大爆発させる事で敵をまとめて倒す事ができます。
中にある車などを爆発させて引火させてみましょう。","<col sky>[Hint]<col end>
You can defeat a lot of enemies at once
by blowing up the gas station. 
Try to make one of the cars inside
explode and start a fire.",,aguardando tradução/revisão
hlp.bin,93,0x2B781,0x2B85E,,"<col sky>【攻略ヒント】<col end>
老朽化した天井を落盤させて敵を下敷きにする事ができます。
崩れそうな天井の下に敵を誘い出し、天井を銃で撃ってみましょう。","<col sky>[Hint]<col end>
You can cause a weakened ceiling to cave in
and crush enemies flat. 
Lure your foes into an unstable-looking
area, then shoot the ceiling.",,aguardando tradução/revisão
hlp.bin,94,0x2BC38,0x2BCAA,,"<col red>【ミッション】<col end>
橋の上の敵と装甲車を全滅させ、結界を取り除こう。","<col red>[Mission]<col end>
Destroy all the tanks on top of the bridge
and remove the barrier.
",,aguardando tradução/revisão
hlp.bin,95,0x2BE96,0x2BF20,,"<col red>【ミッション】<col end>
民衆を恐ろしい怪物に変えてしまう「スクリーマー」を探して倒そう。","<col red>[Mission]<col end>
Find the Screamer that is 
changing civilians into monsters
and defeat it.",,aguardando tradução/revisão
hlp.bin,96,0x2C151,0x2C1DB,,"<col red>【ミッション】<col end>
ヘリコプターで次々と増援される敵を全滅させて、基地を守り切ろう。","<col red>[Mission]<col end>
Defend the base from all the enemies coming in by helicopter.
",,aguardando tradução/revisão
hlp.bin,97,0x2C3C5,0x2C487,,"<col red>【ミッション】<col end>
滑走路の結界を作り出している「ウォルナッツヘッド」を全て倒し
飛行機の発進を邪魔する結界を取り除こう。","<col red>[Mission]<col end>
Defeat all the Walnut Heads to remove
all the barriers blocking the planes
from taking off.",,aguardando tradução/revisão
hlp.bin,98,0x2C753,0x2C7B9,,"<col red>【攻略ヒント】<col end>
口の中を銃で狙い撃ちし、撃退しましょう。","<col sky>[Hint]<col end>
You can repulse this creature's charging attack
by shooting it in the mouth.",,aguardando tradução/revisão
hlp2.bin,1,0x2E8D,0x2EA6,,基本操作１,Ｃｏｎｔｒｏｌｓ 1,,aguardando tradução/revisão
hlp2.bin,2,0x2F1E,0x3060,,"<col yellow>［移動］<col end>
<kico mcha>を倒した方向に移動します。
軽く倒すと歩き、大きく倒すと走ります。

<col yellow>［視点操作］<col end>
<kico mcam>で、アリシアを中心に視点の操作が
できます。
周囲の確認、射撃の照準あわせに
使います。","<col yellow>[Ｍｏｖｅ]<col end>
Ｍｏｖｅｓ ｙｏｕ ｉｎ ｔｈｅ
ｄｉｒｅｃｔｉｏｎ <kico mcha> ｉｓ
ｐｕｓｈｅｄ． Ｐｕｓｈ
ｌｉｇｈｔｌｙ ｔｏ ｗａｌｋ，
ａｎｄ ｐｕｓｈ ｈａｒｄ ｔｏ
ｒｕｎ．

<col yellow>[Ｖｉｅｗ Ｃｏｎｔｒｏｌｓ]<col end>
Ｕｓｅ <kico mcam> ｔｏ ｍｏｖｅ
ｔｈｅ ｖｉｅｗｐｏｉｎｔ
ａｒｏｕｎｄ Ａｌｉｃｉａ．
Ｔｈｉｓ ｉｓ ｕｓｅｆｕｌ
ｆｏｒ ｃｈｅｃｋｉｎｇ ｙｏｕｒ
ｓｕｒｒｏｕｎｄｉｎｇｓ ｏｒ
ｌｉｎｉｎｇ ｕｐ ｓｈｏｔｓ.",,aguardando tradução/revisão
hlp2.bin,3,0x3CD3,0x3CE3,,基本操作２,Ｃｏｎｔｒｏｌｓ ２,,aguardando tradução/revisão
hlp2.bin,4,0x3D5F,0x3E65,,"<col yellow>［しゃがみ］<col end>
<kico mcha>の押し込みで、しゃがみます。
そのまま<kico mcha>で移動できます。
物陰に隠れたい時などに使います。
また、しゃがむことによって命中率が
上昇します。","<col yellow>［Ｃｒｏｕｃｈ］<col end>
Ｃｌｉｃｋ <kico mcha> ｔｏ ｃｒｏｕｃｈ．
Ｙｏｕ ｃａｎ ｍｏｖｅ ｗｈｉｌｅ
ｃｒｏｕｃｈｅｄ ｕｓｉｎｇ <kico mcha>.
Ｃｒｏｕｃｈ ｔｏ ｈｉｄｅ
ｂｅｈｉｎｄ ｏｂｊｅｃｔｓ．
Ｃｒｏｕｃｈｉｎｇ ｗｉｌｌ ａｌｓｏ
ｉｎｃｒｅａｓｅ ｙｏｕｒ
ａｃｃｕｒａｃｙ.",,aguardando tradução/revisão
hlp2.bin,5,0x47A9,0x47B0,,射撃,Ｓｈｏｏｔ,,aguardando tradução/revisão
hlp2.bin,6,0x4817,0x4928,,"<kico sht>で、ガンサイトで狙った所を
射撃します。
<kico mcam>を押し込むことで、視点が周囲を
確認しやすい「アクションビュー」と
射撃に適した「シューティングビュー」へと
交互に切り替わります。","Ｐｕｌｌ <kico sht> ｔｏ ｓｈｏｏｔ
ｗｈａｔ ｙｏｕｒ ｇｕｎｓｉｇｈｔ
ｉｓ ａｉｍｉｎｇ ａｔ． Ｂｙ
ｃｌｉｃｋｉｎｇ <kico mcam>,
ｙｏｕ ｃａｎ ｓｗｉｔｃｈ
ｂｅｔｗｅｅｎ ""ａｃｔｉｏｎ
ｖｉｅｗ""， ｗｈｉｃｈ ｌｅｔｓ
ｙｏｕ ｃｈｅｃｋ ｙｏｕｒ
ｓｕｒｒｏｕｎｄｉｎｇｓ， ａｎｄ
""ｓｈｏｏｔｉｎｇ ｖｉｅｗ""，
ｗｈｉｃｈ ｉｓ ｇｏｏｄ ｆｏｒ
ａｉｍｉｎｇ ｓｈｏｔｓ.",,aguardando tradução/revisão
hlp2.bin,7,0x52DC,0x52E9,,リロード,Ｒｅｌｏａｄ,,aguardando tradução/revisão
hlp2.bin,8,0x5366,0x53D4,,"<kico rel>で、ガンロッドに弾丸をリロードします。
リロードにはMPを消費します。","Ｐｒｅｓｓ <kico rel> ｔｏ ｒｅｌｏａｄ
ｔｈｅ ｇｕｎｒｏｄ ｗｉｔｈ
ａｍｍｕｎｉｔｉｏｎ.
Ｒｅｌｏａｄｉｎｇ ｃｏｓｔｓ ＭＰ.",,aguardando tradução/revisão
hlp2.bin,9,0x5774,0x5781,,魔法詠唱,Ｍａｇｉｃ,,aguardando tradução/revisão
hlp2.bin,10,0x57B1,0x5976,,"<ico key_lb>（または<ico key_rb>）で、魔法を使用する
為の、魔法詠唱リングが表示されます。

さらに<ico key_lb>（または<ico key_rb>）を押すことで
魔法詠唱リングの階層が切り替わります。
<ico key_a>、<ico key_b>、<ico key_x>で、魔法詠唱リングの
各ボタンに対応した魔法が発動します。

<ico key_y>で、魔法詠唱リングの表示を
キャンセルします。","Ｐｒｅｓｓ <ico key_lb> (ｏｒ <ico key_rb>) ｔｏ
ｄｉｓｐｌａｙ ｔｈｅ ｍａｇｉｃ
ｒｉｎｇ ｆｒｏｍ ｗｈｉｃｈ ｙｏｕ
ｃａｎ ｓｅｌｅｃｔ ｓｐｅｌｌｓ ｆｏｒ ｕｓｅ.

Ｉｆ ｙｏｕ Ｃｏｎｔｉｎｕｅ ｔｏ
ｐｒｅｓｓ <ico key_lb> (ｏｒ <ico key_rb>), ｙｏｕ
ｃａｎ ｍｏｖｅ ｂｅｔｗｅｅｎ
ｔｈｅ ｄｉｆｆｅｒｅｎｔ
ｌｅｖｅｌｓ ｏｆ ｍａｇｉｃ
ｒｉｎｇｓ. Ｐｒｅｓｓ <ico key_a>, <ico key_b>, ｏｒ
<ico key_x> ｔｏ ｕｓｅ ｔｈｅ ｓｐｅｌｌ
ｏｎ ｔｈｅ ｍａｇｉｃ ｒｉｎｇ
ｔｈａｔ ｃｏｒｒｅｓｐｏｎｄｓ
ｗｉｔｈ ｔｈａｔ ｂｕｔｔｏｎ.",,aguardando tradução/revisão
hlp2.bin,11,0x67F7,0x67FE,,生贄,Ｓａｃｒｉｆｉｃｅ,,aguardando tradução/revisão
hlp2.bin,12,0x6865,0x6924,,"敵を倒すと、その肉体は生贄となって
アリシアのＭＰゲージの上限を
上昇させます。
強力な魔法の詠唱には多くの生贄が
必要となります。","Ｉｆ ｙｏｕ ｄｅｆｅａｔ ａｎ
ｅｎｅｍｙ， ｔｈｅｉｒ ｂｏｄｙ
ｗｉｌｌ ｂｅｃｏｍｅ ａ
ｓａｃｒｉｆｉｃｅ， ａｎｄ
ｉｎｃｒｅａｓｅ ｔｈｅ
ｍａｘｉｍｕｍ ｏｆ
Ａｌｉｃｉａ’ｓ ＭＰ ｇａｕｇｅ.
Ｔｈｅ ｍｏｓｔ ｐｏｗｅｒｆｕｌ
ｍａｇｉｃ ｓｐｅｌｌｓ ｗｉｌｌ
ｒｅｑｕｉｒｅ ｍａｎｙ
ｓａｃｒｉｆｉｃｅｓ.",,aguardando tradução/revisão
hlp2.bin,13,0x71F8,0x71FF,,格闘,Ｍｅｌｅｅ,,aguardando tradução/revisão
hlp2.bin,14,0x7266,0x730C,,"<kico atk>で、ガンロッドで周囲の敵を殴ります。
接近している敵をひるませて隙を
作りたい時や、囲まれた時に有効です。","Ｐｒｅｓｓ <kico atk> ｔｏ ｈｉｔ
ｅｎｅｍｉｅｓ ａｒｏｕｎｄ ｙｏｕ
ｗｉｔｈ ｔｈｅ ｇｕｎｒｏｄ．
Ｔｈｉｓ ｉｓ ｕｓｅｆｕｌ ｗｈｅｎ
ｙｏｕ ｗａｎｔ ｔｏ ｓｔｕｎ
ｎｅａｒｂｙ ｅｎｅｍｉｅｓ ｔｏ
ｃｒｅａｔｅ ａｎ ｏｐｅｎｉｎｇ，
ｏｒ ｗｈｅｎ ｙｏｕ ａｒｅ
ｓｕｒｒｏｕｎｄｅｄ ａｎｄ
ｎｅｅｄ ｔｏ ｅｓｃａｐｅ.",,aguardando tradução/revisão
hlp2.bin,15,0x7C91,0x7CA7,,回避アクション,Ｄｏｄｇｅ,,aguardando tradução/revisão
hlp2.bin,16,0x7D1E,0x7E27,,"<kico dod>で、華麗な体さばきにより
敵の攻撃を回避します。
銃弾の命中率をさげるだけでなく爆発や
格闘攻撃に対しても非常に有効です。
また、段差や障害物などを乗り越える
こともできます。","Ｐｒｅｓｓ <kico dod> ｔｏ ｄｏｄｇｅ
ｅｎｅｍｉｅｓ' ａｔｔａｃｋｓ
ｕｓｉｎｇ ａ ｇｒａｃｅｆｕｌ
ｐｈｙｓｉｃａｌ ｍａｎｅｕｖｅｒ.
Ｉｎ ａｄｄｉｔｉｏｎ ｔｏ
ｌｏｗｅｒｉｎｇ ｔｈｅ ｃｈａｎｃｅ
ｂｕｌｌｅｔｓ ｗｉｌｌ ｈｉｔ
ｙｏｕ, ｄｏｄｇｉｎｇ ｉｓ
ａｌｓｏ ｖｅｒｙ ｅｆｆｅｃｔｉｖｅ
ａｇａｉｎｓｔ ｍｅｌｅｅ
ａｔｔａｃｋｓ ａｎｄ
ｅｘｐｌｏｓｉｏｎｓ. Ｙｏｕ ｃａｎ
ａｌｓｏ ｕｓｅ ｉｔ ｔｏ ｌｅａｐ
ｕｐ ｓｔｅｐｓ ｏｒ ｏｖｅｒ
ｏｂｓｔａｃｌｅｓ.",,aguardando tradução/revisão
hlp2.bin,17,0x8CD2,0x8CD9,,結界,Ｂａｒｒｉｅｒｓ,,aguardando tradução/revisão
hlp2.bin,18,0x8D5C,0x8E21,,"民衆の退路を遮り、アリシアの進行を
阻む破壊不可能な魔法の壁です。
その結界をつくりだした
ウォルナッツヘッドを倒すことで
消滅します。","Ｉｎｄｅｓｔｒｕｃｔｉｂｌｅ 
ｍａｇｉｃ ｗａｌｌｓ ｃｒｅａｔｅｄ 
ｔｏ ｅｎｔｒａｐ ｃｉｖｉｌｉａｎｓ 
ａｎｄ ｉｍｐｅｄｅ Ａｌｉｃｉａ'ｓ 
ｐｒｏｇｒｅｓｓ． Ｔｏ ｒｅｍｏｖｅ 
ａ ｂａｒｒｉｅｒ ｙｏｕ ｍｕｓｔ 
ｄｅｆｅａｔ ｔｈｅ Ｗａｌｎｕｔ 
Ｈｅａｄ ｔｈａｔ ｃｒｅａｔｅｄ ｉｔ.",,aguardando tradução/revisão
hlp2.bin,19,0x9735,0x9CDE,,"エレメントショット

ガンロッド本来の力を発動させて
魔力を帯びた弾丸を発射する魔法です。
　　　　　　　　　　　　　　　　　　　　　　　　　
<col yellow>[詠唱方法]<col end>
リング1階層目で<ico key_a>を押すと
詠唱できます。
<col yellow>[魔法効果]<col end>
属性効果はガンロッドの種類に
よって異なります。
効果継続は一定時間と各ガンロッドの
残弾数によって変動します。
戦況を見極めて使い分けるとより優位に
戦闘を進めることが出来ます。　　　　　　　　　　　　　　　　　　　　　　　　　　　　　　　　　
　　　　　　　　　　　　　　　　　　　　　　　　　　　　　　
<col yellow>[マシンガンフォーム装備時]<col end>
炎の属性で、同じ敵に連続で弾を当てる
ことで対象を燃やすことができます。
<col yellow>[ショットガンフォーム装備時]<col end>
風の属性で、発砲と同時に周りの敵に
衝撃波を与えることができます。
<col yellow>[キャノンフォーム装備時]<col end>
光の属性で、<kico mcam>の押し込みで
ズームとなり狙いを定められます。
<col yellow>[ガトリングフォーム装備時]<col end>
雷の属性で、発砲対象の敵とその周りの
敵に放電し足止めすることができます。","Ｅｌｅｍｅｎｔ Ｓｈｏｔ

Ａ ｍａｇｉｃ ｓｐｅｌｌ ｔｈａｔ
ｕｎｌｅａｓｈｅｓ ｔｈｅ
ｇｕｎｒｏｄ'ｓ ｉｎｎａｔｅ
ｐｏｗｅｒｓ ａｎｄ ａｌｌｏｗｓ
ｉｔ ｔｏ ｆｉｒｅ ｍａｇｉｃａｌ
ｂｕｌｌｅｔｓ.

<col yellow>[Ｈｏｗ ｔｏ Ｃａｓｔ]<col end>
Ｐｒｅｓｓ <ico key_lb> (ｏｒ <ico key_rb>) ｔｗｉｃｅ, ｔｈｅｎ
ｐｒｅｓｓ <ico key_a> ｏｎ ｔｈｅ
ｓｅｃｏｎｄ ｒｉｎｇ.
<col yellow>[Ｓｐｅｌｌ Ｅｆｆｅｃｔ]<col end>
Ｔｈｅ ｅｌｅｍｅｎｔａｌ
ｅｆｆｅｃｔ ｄｉｆｆｅｒｓ
ｄｅｐｅｎｄｉｎｇ ｏｎ ｔｈｅ
ｆｏｒｍ ｏｆ ｔｈｅ ｇｕｎｒｏｄ.
Ｔｈｅ ｄｕｒａｔｉｏｎ ｏｆ ｔｈｅ
ｅｆｆｅｃｔ ｉｓ
ｄｅｔｅｒｍｉｎｅｄ ｂａｓｅｄ
ｏｎ ｓｅｔ ｔｉｍｅ ｌｉｍｉｔ
ａｎｄ ｔｈｅ ａｍｏｕｎｔ ｏｆ
ｂｕｌｌｅｔｓ ｌｅｆｔ ｉｎ ｔｈｅ
ｇｕｎｒｏｄ. Ｂｙ ｕｓｉｎｇ
ｔｈｉｓ ｓｐｅｌｌ ｐｒｏｐｅｒｌｙ
ｂａｓｅｄ ｕｐｏｎ ｔｈｅ
ｃｉｒｃｕｍｓｔａｎｃｅｓ, ｙｏｕ
ｃａｎ ｔａｋｅ ｔｈｅ ｕｐｐｅｒ
ｈａｎｄ ｉｎ ｂａｔｔｌｅｓ.

<col yellow>[Ｍａｃｈｉｎｅ ｇｕｎ Ｆｏｒｍ]<col end>
Ａ ｆｉｒｅ ｅｆｆｅｃｔ ｔｈａｔ
ｂｕｒｎｓ ｅｎｅｍｉｅｓ ｆｏｒ
ｍｏｒｅ ｄａｍａｇｅ ｔｈｅ
ｍｏｒｅ ｔｉｍｅｓ ｔｈｅｙ ａｒｅ
ｓｈｏｔ ｃｏｎｓｅｃｕｔｉｖｅｌｙ.
<col yellow>[Ｓｈｏｔｇｕｎ Ｆｏｒｍ]<col end>
Ａ ｗｉｎｄ ｅｆｆｅｃｔ ｔｈａｔ
ｈｉｔｓ ｅｎｅｍｉｅｓ ｗｉｔｈ ａ
ｗａｖｅ ｏｆ ｆｏｒｃｅ ｗｈｅｎ
ｓｈｏｔ.
<col yellow>[Ｃａｎｎｏｎ Ｆｏｒｍ]<col end>
Ａ ｌｉｇｈｔ ｅｆｆｅｃｔ ｔｈａｔ
ａｌｌｏｗｓ ｙｏｕ ｔｏ ｚｏｏｍ
ｂｙ ｐｒｅｓｓｉｎｇ <kico mcam> ｓｏ
ｔｈａｔ ｙｏｕ ｃａｎ ｍａｋｅ
ｓｎｉｐｅｒ ｓｈｏｔｓ.
<col yellow>[Ｇａｔｌｉｎｇ Ｆｏｒｍ]<col end>
Ａｎ ｅｌｅｃｔｒｉｃ ｅｆｆｅｃｔ
ｔｈａｔ ｓｈｏｃｋｓ ｅｎｅｍｉｅｓ
ａｒｏｕｎｄ ｙｏｕｒ ｔａｒｇｅｔ
ａｎｄ ｓｔｕｎｓ ｔｈｅｍ.",,aguardando tradução/revisão
hlp2.bin,20,0xCD74,0xD080,,"エンシェントウォール

魔法の壁を目の前に出現させる
魔法です。
　　　　　　　　　　　　　　　　　　　　　　　　　　　　　　　
<col yellow>[詠唱方法]<col end>
<kico mgc>を押した後に、リング1階層目で
<ico key_b>を押すと詠唱できます。
<col yellow>[魔法効果]<col end>
詠唱後、目の前に魔法の壁が出現します。
壁は一定ダメージ量と時間で消滅します。
　　　　　　　　　　　　　　　　　　　　　　　　　　　　　　　　　　　　　　　　　　　　　　　　　　　　　
激しい銃撃から身を隠したい時や
狭い道をふさいで敵の侵入を
少しの間食い止めたりすることに
有効です。","Ａｎｃｉｅｎｔ Ｗａｌｌ

Ａ ｓｐｅｌｌ ｔｈａｔ
ｃｒｅａｔｅｓ ａ ｍａｇｉｃ
ｗａｌｌ ｉｎ ｆｒｏｎｔ ｏｆ
ｙｏｕ．

<col yellow>[Ｈｏｗ ｔｏ Ｃａｓｔ]<col end>
Ｐｒｅｓｓ <ico key_lb> (ｏｒ <ico key_rb>) ａｎｄ
ｐｒｅｓｓ <ico key_b> ｔｏ
ａｃｔｉｖａｔｅ ｔｈｅ ｓｐｅｌｌ．
<col yellow>[Ｓｐｅｌｌ Ｅｆｆｅｃｔ]<col end>
Ｃｒｅａｔｅｓ ａ ｍａｇｉｃａｌ
ｗａｌｌ ｉｎ ｆｒｏｎｔ ｏｆ 
ｙｏｕ． Ｔｈｅ ｗａｌｌ ｗｉｌｌ 
ｄｉｓａｐｐｅａｒ Ａｆｔｅｒ ａ 
ｃｅｒｔａｉｎ ａｍｏｕｎｔ 
ｏｆ ｔｉｍｅ， ｏｒ ｉｆ ｉｔ 
ｔａｋｅｓ ｔｏｏ ｍｕｃｈ 
ｄａｍａｇｅ．

Ｕｓｅ ｉｔ ｔｏ ｈｉｄｅ ｆｒｏｍ 
ｅｎｅｍｙ ｇｕｎｆｉｒｅ ｏｒ 
ｔｏ ｂｌｏｃｋ ｏｆｆ ｓｍａｌｌ 
ｐａｓｓａｇｅｓ ｆｏｒ ａ 
ｓｈｏｒｔ ｔｉｍｅ.",,aguardando tradução/revisão
hlp2.bin,21,0xE3F3,0xE67F,,"ローズスピア

地面から銀のトゲを呼び出す「バラ」を
投げる魔法です

<col yellow>[詠唱方法]<col end>
<kico mgc>を押した後、リング1階層目で
<ico key_x>を押すと詠唱できます。
<col yellow>[魔法効果]<col end>
詠唱後ガンサイトの方向に向かって
地面から無数のトゲを呼び出す
「バラ」を投げます。
バラの着弾地点付近にいる敵をまとめて
串刺しにする事が可能となります。
　　　　　　　　　　　　　　　　　　　　　　　　　　　
密集した敵や、狭い箇所に固まっている
敵に有効です。","Ｒｏｓｅ Ｓｐｅａｒ

Ａ ｓｐｅｌｌ ｔｈａｔ ｌｅｔｓ
ｙｏｕ ｔｈｒｏｗ ａ ｒｏｓｅ
ｔｈａｔ ｓｕｍｍｏｎｓ ｓｉｌｖｅｒ
ｓｐｉｋｅｓ ｆｒｏｍ ｔｈｅ
ｇｒｏｕｎｄ.

<col yellow>[Ｈｏｗ ｔｏ Ｃａｓｔ]<col end>
Ｐｒｅｓｓ <ico key_lb> (ｏｒ <ico key_rb>), ｔｈｅｎ ｐｒｅｓｓ
<ico key_x> ｗｈｉｌｅ ｏｎ ｔｈｅ ｆｉｒｓｔ
ring.
<col yellow>[Ｓｐｅｌｌ Ｅｆｆｅｃｔ]<col end>
Ａｌｌｏｗｓ ｙｏｕ ｔｏ ｔｈｒｏｗ
ａ ｒｏｓｅ ｉｎ ｔｈｅ
ｄｉｒｅｃｔｉｏｎ ｔｈｅ
ｇｕｎｓｉｇｈｔ ｉｓ
ｐｏｉｎｔｉｎｇ ｔｈａｔ ｃａｌｌｓ
ｃｏｕｎｔｌｅｓｓ ｓｐｉｋｅｓ ｕｐ
ｆｒｏｍ ｔｈｅ ｇｒｏｕｎｄ.
Ｉｔ ｉｓ ｐｏｓｓｉｂｌｅ ｔｏ
ｉｍｐａｌｅ ｍｕｌｔｉｐｌｅ
ｅｎｅｍｉｅｓ ｉｆ ｔｈｅｙ
ａｒｅ ｂｕｎｃｈｅｄ
ｔｏｇｅｔｈｅｒ ｉｎ ａ
ｇｒｏｕｐ ａｒｏｕｎｄ ｔｈｅ
ｒｏｓｅ ｗｈｅｎ ｉｔ ｌａｎｄｓ.

Ｔｈｉｓ ｓｐｅｌｌ ｉｓ
ｕｓｅｆｕｌ ａｇａｉｎｓｔ
ｃｌｕｓｔｅｒｓ ｏｆ
ｅｎｅｍｉｅｓ ａｎｄ ｆｏｅｓ
ｉｎ ｅｎｃｌｏｓｅｄ
ｌｏｃａｔｉｏｎｓ.",,aguardando tradução/revisão
hlp2.bin,22,0xFFDB,0x10216,,"ウィルパワー

魔力による衝撃波で、近くの物体を
正面へ吹き飛ばす魔法です。

<col yellow>[詠唱方法]<col end>
<kico mgc>を2回押した後、リング2階層目で
<ico key_a>を押すと詠唱できます。
<col yellow>[魔法効果]<col end>
詠唱後すぐに魔力による衝撃波で
近くの物体を正面へ吹き飛ばします。

バリケードなど、ガンロッドだけでは
破壊が困難な障害物に対して
他の物体を衝突させて効果的に
破壊することができるので、有効です。","Ｗｉｌｌｐｏｗｅｒ

Ｕｎｌｅａｓｈｅｓ ａ ｍａｇｉｃａｌ
ｗａｖｅ ｏｆ ｆｏｒｃｅ ｔｈａｔ
ｐｕｓｈｅｓ ｂａｃｋ ｏｂｊｅｃｔｓ
ｉｎ ｆｒｏｎｔ ｏｆ ｙｏｕ.

<col yellow>[Ｈｏｗ ｔｏ Ｃａｓｔ]<col end>
Ｐｒｅｓｓ <ico key_a> ｗｈｉｌｅ ｏｎ ｔｈｅ
ｆｉｒｓｔ ｍａｇｉｃ ｒｉｎｇ.
<col yellow>[Ｓｐｅｌｌ Ｅｆｆｅｃｔ]<col end>
Ｕｎｌｅａｓｈｅｓ ａ ｗａｖｅ ｏｆ
ｆｏｒｃｅ ｕｐｏｎ ｃａｓｔｉｎｇ
ｔｈａｔ ｐｕｓｈｅｓ ｏｂｊｅｃｔｓ
ａｗａｙ.

Ｕｓｅｆｕｌ ｆｏｒ ｂｒｅａｋｉｎｇ
ｂａｒｒｉｃａｄｅｓ ａｎｄ
ｏｂｓｔａｃｌｅｓ ｎｏｔ
ｅａｓｉｌｙ ｄｅｓｔｒｏｙｅｄ
ｗｉｔｈ ｔｈｅ ｇｕｎｒｏｄ ｂｙ
ｒａｍｍｉｎｇ ｏｔｈｅｒ
ｏｂｊｅｃｔｓ ｉｎｔｏ ｔｈｅｍ.",,aguardando tradução/revisão
hlp2.bin,23,0x1152B,0x11869,,"サクリファイス
　　　　　　　　　　　　　　　　　　　　　　　　　　
傷で瀕死となった人々に自らの血を
分け与えて回復させる魔法です。
　　　　　　　　　　　　　　　　　　　　　　　　　　
<col yellow>[詠唱方法]<col end>
<kico mgc>を2回押した後、リング2階層目で
<ico key_b>を押すと詠唱できます。
<col yellow>[魔法効果]<col end>
目の前で瀕死状態の人に自らの血を
分け与えて人々を回復させる魔法。
代償としてアリシアの体力が
減少します。
　　　　　　　　　　　　　　　　　　　　　　　　　
瀕死の人がいない場合は発動しません。
うずくまって苦しんでいる人の側で
詠唱し回復すると良いでしょう。","Ｓａｃｒｉｆｉｃｅ

Ｍａｇｉｃ ｔｈａｔ ａｌｌｏｗｓ
ｙｏｕ ｔｏ ｈｅａｌ
ｃｒｉｔｉｃａｌｌｙ ｉｎｊｕｒｅｄ
ｐｅｏｐｌｅ ｕｓｉｎｇ ｙｏｕｒ
ｏｗｎ ｂｌｏｏｄ.

<col yellow>［Ｈｏｗ ｔｏ Ｃａｓｔ］<col end>
Ｐｒｅｓｓ <ico key_lb> (ｏｒ <ico key_rb>) ｔｗｉｃｅ, ｔｈｅｎ
ｐｒｅｓｓ <ico key_b> ｏｎ ｔｈｅ
ｓｅｃｏｎｄ ｒｉｎｇ.
<col yellow>［Ｓｐｅｌｌ Ｅｆｆｅｃｔ］<col end>
Ａｌｌｏｗｓ ｙｏｕ ｔｏ ｈｅａｌ
ｃｒｉｔｉｃａｌｌｙ ｉｎｊｕｒｅｄ
ｐｅｏｐｌｅ ｙｏｕ ｃｏｍｅ
ａｃｒｏｓｓ ｂｙ ｇｉｖｉｎｇ
ｔｈｅｍ ｓｏｍｅ ｏｆ ｙｏｕｒ
ｂｌｏｏｄ. Ａｌｉｃｉａ ｗｉｌｌ
ｌｏｓｅ ｓｏｍｅ ｏｆ ｈｅｒ ＨＰ
ａｓ ｐａｒｔ ｏｆ ｔｈｅ
ｃｏｓｔ, ｈｏｗｅｖｅｒ.

Ｔｈｅ ｓｐｅｌｌ ｗｉｌｌ ｎｏｔ
ｗｏｒｋ ｕｎｌｅｓｓ ｔｈｅｒｅ
ａｒｅ ｉｎｊｕｒｅｄ ｐｅｏｐｌｅ
ｎｅａｒｂｙ. Ｍｏｓｔ 
ｅｆｆｅｃｔｉｖｅ ｗｈｅｎ ｃａｓｔ 
ｎｅｘｔ ｔｏ ｔｈｏｓｅ ｗｈｏ 
ａｒｅ ｃｕｒｌｅｄ ｕｐ ｉｎ ｐａｉｎ.",,aguardando tradução/revisão
hlp2.bin,24,0x13021,0x1326D,,"レイヴンパニック

カラスの大群を呼び寄せて
敵に群がらせる魔法です。
　　　　　　　　　　　　　　　　　　　　　　　　　　　　
<col yellow>[詠唱方法]<col end>
<kico mgc>を2回押した後、リング2階層目で
<ico key_x>を押すと詠唱できます。
<col yellow>[魔法効果]<col end>
詠唱後にカラスの大群を呼び寄せ
敵に群がらせて足止めが出来ます。

素早い敵を足止めさせる時や
大群との乱戦時などに有効です。
部屋の中などでは詠唱できません。","Ｒａｖｅｎｓ Ｐａｎｉｃ

Magic that summons
ａ ｌａｒｇｅ ｈｏｒｄｅ ｏｆ
ｒａｖｅｎｓ ｔｏ ｓｗａｒｍ
ｏｖｅｒ ｔｈｅ ｅｎｅｍｙ.

<col yellow>[Ｈｏｗ ｔｏ Ｃａｓｔ]<col end>
Ｐｒｅｓｓ <ico key_lb> (ｏｒ <ico key_rb>) ｔｗｉｃｅ, ｔｈｅｎ
ｐｒｅｓｓ <ico key_x> ｏｎ ｔｈｅ
ｓｅｃｏｎｄ ｒｉｎｇ.
<col yellow>[Ｓｐｅｌｌ Ｅｆｆｅｃｔ]<col end>
Ｃａｌｌｓ ｄｏｗｎ ａ ｈｏｒｄｅ
ｏｆ ｒａｖｅｎｓ ｔｈａｔ
ｓｗａｒｍ ｏｖｅｒ
ｅｎｅｍｉｅｓ ａｎｄ ｓｔｏｐ
ｔｈｅｍ ｉｎ ｔｈｅｉｒ
ｔｒａｃｋｓ.

Ｕｓｅｆｕｌ ｆｏｒ ｓｔｏｐｐｉｎｇ
ｆａｓｔ ｅｎｅｍｉｅｓ ｏｒ
ｄｉｓｒｕｐｔｉｎｇ ｌａｒｇｅ
ｇｒｏｕｐｓ ｏｆ ｆｏｅｓ.
Ｃａｎｎｏｔ ｂｅ ｃａｓｔ
ｉｎｄｏｏｒｓ.",,aguardando tradução/revisão
hlp2.bin,25,0x145A7,0x14848,,"サンダー

強力な雷で、あらゆる敵を一撃で
葬りさる、究極の破壊力を持つ
大魔法です。
　　　　　　　　　　　　　　　　　　　　　　　　　　　　　　　　
<col yellow>[詠唱方法]<col end>
<kico mgc>を3回押した後、リング3階層目で
<ico key_a>を押すと詠唱開始します。
<col yellow>[魔法効果]<col end>
詠唱後専用ガンサイトが出現し
狙いを定めた後に<kico sht>を押すと
強力な稲妻が狙った地点に落ちます。
　　　　　　　　　　　　　　　　　　　　　　　　　　　　　　　　
一体の強大な敵に有効です。","Ｌｉｇｈｔｎｉｎｇ

Ａ ｐｏｗｅｒｆｕｌ ｍａｇｉｃ
ｓｐｅｌｌ ｔｈａｔ ｃａｌｌｓ
ｄｏｗｎ ａ Ｌｉｇｈｔｎｉｎｇ ｂｏｌｔ
ｃａｐａｂｌｅ ｏｆ
ｄｅｓｔｒｏｙｉｎｇ ａｌｍｏｓｔ
ａｎｙ ｅｎｅｍｙ ｗｉｔｈ
ｏｎｅ ｓｔｒｉｋｅ．

<col yellow>[Ｈｏｗ ｔｏ Ｃａｓｔ]<col end>
Ｐｒｅｓｓ <ico key_lb> (ｏｒ <ico key_rb>) ３ ｔｉｍｅｓ，
ｔｈｅｎ ｐｒｅｓｓ <ico key_a> ｏｎ ｔｈｅ
ｔｈｉｒｄ ｒｉｎｇ．
<col yellow>[Ｓｐｅｌｌ Ｅｆｆｅｃｔ]<col end>
Ｕｐｏｎ ｃａｓｔｉｎｇ ａ
ｓｐｅｃｉａｌ ｇｕｎｓｉｇｈｔ
ｗｉｌｌ ａｐｐｅａｒ． Ｏｎｃｅ
ｙｏｕ ｈａｖｅ ｓｅｔ ｙｏｕｒ
ｔａｒｇｅｔ， ｐｒｅｓｓ <kico sht> ｔｏ
ｃａｌｌ ｄｏｗｎ ａ
Ｌｉｇｈｔｎｉｎｇ ｂｏｌｔ ｏｎ ｔｈａｔ
ｌｏｃａｔｉｏｎ．

Ｅｆｆｅｃｔｉｖｅ ａｇａｉｎｓｔ
ｌａｒｇｅ， ｉｎｄｉｖｉｄｕａｌ
ｆｏｅｓ．",,aguardando tradução/revisão
hlp2.bin,26,0x15BC0,0x15DB8,,"トルネード

全てを天高く巻き上げる巨大な竜巻を
呼び出す大魔法です。

<col yellow>[詠唱方法]<col end>
<kico mgc>を3回押した後、リング3階層目で
<ico key_b>を押すと詠唱開始します。
<col yellow>[魔法効果]<col end>
詠唱後前方に、全てを天高く巻き上げる
巨大な竜巻を呼び出します。

大量の魔力と引き換えに、ヘリや
敵の大軍勢を混乱状態に陥れ、大打撃を
与える事ができます。","Ｔｏｒｎａｄｏ

Ｐｏｗｅｒｆｕｌ ｍａｇｉｃ ｔｈａｔ
ｓｕｍｍｏｎｓ ａ ｇｉａｎｔ
ｔｏｒｎａｄｏ ｔｏ ｂｌｏｗ
ｅｖｅｒｙｔｈｉｎｇ ｈｉｇｈ
ｉｎｔｏ ｔｈｅ ａｉｒ.

<col yellow>[Ｈｏｗ ｔｏ Ｃａｓｔ]<col end>
Ｐｒｅｓｓ <ico key_lb> (ｏｒ <ico key_rb>) ３ ｔｉｍｅｓ,
ｔｈｅｎ ｐｒｅｓｓ <ico key_b> ｏｎ ｔｈｅ
ｔｈｉｒｄ ｒｉｎｇ.
<col yellow>[Ｓｐｅｌｌ Ｅｆｆｅｃｔ]<col end>
Ｕｐｏｎ ｃａｓｔｉｎｇ, ａ
ｇｉａｎｔ ｔｏｒｎａｄｏ
ａｐｐｅａｒｓ ｔｈａｔ ｔｈｒｏｗｓ
ｅｖｅｒｙｔｈｉｎｇ ｉｎ ｉｔｓ
ｐａｔｈ ｕｐ ｉｎｔｏ ｔｈｅ
ａｉｒ.

Ｔｈｏｕｇｈ ｉｔ ｃｏｓｔｓ ａ
ｌｏｔ ｏｆ ＭＰ, ｔｈｉｓ
ｓｐｅｌｌ ｉｓ ｕｓｅｆｕｌ ｆｏｒ
ｄｅａｌｉｎｇ ｈｅａｖｙ
ｄａｍａｇｅ ｔｏ
ｈｅｌｉｃｏｐｔｅｒｓ ｏｒ
ｌａｒｇｅ ｍｏｂｓ ｏｆ
ｅｎｅｍｉｅｓ.",,aguardando tradução/revisão
hlp2.bin,27,0x17277,0x17565,,"メテオ

空から次々と隕石を降り注がせ
辺り一面を火の海に変えてしまう
究極の大魔法です。
　　　　　　　　　　　　　　　　　　　　　　　　
<col yellow>[詠唱方法]<col end>
<kico mgc>を3回押した後、リング3階層目で
<ico key_x>を押すと詠唱開始します。
<col yellow>[魔法効果]<col end>
詠唱後空から次々と隕石を降り注がせ
超高層ビルなども破壊してしまいます。
　　　　　　　　　　　　　　　　　　　　　　　　　　　
大量の魔力と引き換えに
眼前に広がる広範囲の
あらゆる物を破壊しつくし灰へと
変えてしまいます。
多くの敵を一網打尽にできます。","Ｍｅｔｅｏｒ

Ｐｏｗｅｒｆｕｌ ｍａｇｉｃ ｔｈａｔ
ｃａｌｌｓ ｄｏｗｎ ａ ｍｅｔｅｏｒ
ｔｈａｔ ｔｕｒｎｓ ｔｈｅ
ｅｎｔｉｒｅ ｖｉｃｉｎｉｔｙ
ｉｎｔｏ ａ ｓｅａ ｏｆ
ｆｌａｍｅ.

<col yellow>[Ｈｏｗ ｔｏ Ｃａｓｔ]<col end>
Ｐｒｅｓｓ <ico key_lb> (ｏｒ <ico key_rb>) ３ ｔｉｍｅｓ,
ｔｈｅｎ ｐｒｅｓｓ <ico key_x> ｏｎ ｔｈｅ
ｔｈｉｒｄ ｒｉｎｇ.
<col yellow>[Ｓｐｅｌｌ Ｅｆｆｅｃｔ]<col end>
Ｃａｌｌｓ ｄｏｗｎ ａ ｍｅｔｅｏｒ
ｓｈｏｗｅｒ ｔｈａｔ ｉｓ
ｃａｐａｂｌｅ ｏｆ
ｄｅｓｔｒｏｙｉｎｇ ｅｖｅｎ
ｓｋｙｓｃｒａｐｅｒｓ.

Ｔｈｏｕｇｈ ｉｔ ｃｏｓｔｓ
ａ ｌｏｔ ｏｆ ＭＰ, ｔｈｉｓ
ｓｐｅｌｌ ｒｅｄｕｃｅｓ
ｅｖｅｒｙｔｈｉｎｇ ｉｎ
ｓｉｇｈｔ ｔｏ ａｓｈ, ｓｏ
ｉｔ ｉｓ ｕｓｅｆｕｌ ｆｏｒ
ｔａｋｉｎｇ ｏｕｔ ｍａｎｙ
ｅｎｅｍｉｅｓ ｉｎ ｏｎｅ
ｆｅｌｌ ｓｗｏｏｐ.",,aguardando tradução/revisão
hlp2.bin,28,0x18832,0x18839,,民衆,Ｃｉｖｉｌｉａｎｓ,,aguardando tradução/revisão
hlp2.bin,29,0x188A4,0x189B2,,"怪物達の果て無き殺戮に日々怯え
逃げ惑うだけの哀れな存在。
その目には希望の光を感じることは
もはや難しいだろう。
しかし、彼らに救いの手を差し伸べる事で
何か良い事があるかもしれない。","Ｔｈｅｉｒ ｅｘｉｓｔｅｎｃｅ ｈａｓ
ｂｅｅｎ ｒｅｄｕｃｅｄ ｔｏ
ｅｎｄｌｅｓｓ ｄａｙｓ ｏｆ
ｒｕｎｎｉｎｇ ｉｎ ｆｅａｒ
ｏｆ ｔｈｅ ｍｏｎｓｔｅｒｓ
ａｎｄ ｔｈｅｉｒ ｅｎｄｌｅｓｓ
ｓｌａｕｇｈｔｅｒ． Ｔｈｅｙ
ｈａｖｅ ａｌｌ ｂｕｔ ｇｉｖｅｎ
ｕｐ ｈｏｐｅ， ｈｏｗｅｖｅｒ
ｓｏｍｅ ｇｏｏｄ ｍａｙ
ｓｔｉｌｌ ｃｏｍｅ ｆｒｏｍ
ｓａｖｉｎｇ ｔｈｅｍ．",,aguardando tradução/revisão
hlp2.bin,30,0x193B6,0x193C9,,レジスタンス,Ｔｈｅ Ｒｅｓｉｓｔａｎｃｅ,,aguardando tradução/revisão
hlp2.bin,31,0x19465,0x1958C,,"「逃走」より「闘争」を選んだ人々が
アメリカ陸軍の生き残りと力を合わせ
結成した武装組織。
長引く戦いで極めて劣勢の状況に
追い詰められてはいるが、時に
頼もしい協力者としてアリシアと共に
戦ってくれる。","Ａ ｈｅａｖｉｌｙ ａｒｍｅｄ
ｍｉｌｉｔｉａ ｍａｄｅ ｕｐ ｏｆ
ｔｈｅ ｒｅｍｎａｎｔｓ ｏｆ ｔｈｅ
ＵＳ ｍｉｌｉｔａｒｙ ａｎｄ
ｔｈｏｓｅ ｗｈｏ ｗｏｕｌｄ
ｒａｔｈｅｒ ｆｉｇｈｔ ｔｈａｎ
ｆｌｅｅ． Ｔｈｏｕｇｈ ｔｈｅｙ
ａｒｅ ｅｘｔｒｅｍｅｌｙ
ｏｕｔｎｕｍｂｅｒｅｄ ｉｎ
ｔｈｉｓ ｌｏｎｇ ｓｔｒｕｇｇｌｅ，
ｔｈｅｙ ｗｉｌｌ ｓｔｉｌｌ
ｓｏｍｅｔｉｍｅｓ ｊｏｉｎ
Ａｌｉｃｉａ ａｓ
ｄｅｐｅｎｄａｂｌｅ ａｌｌｉｅｓ
ｉｎ ｈｅｒ ｂａｔｔｌｅｓ．",,aguardando tradução/revisão
hlp2.bin,32,0x1A1A6,0x1A1B9,,マクスウェル,Ｍａｘｗｅｌｌ,,aguardando tradução/revisão
hlp2.bin,33,0x1A1CF,0x1A314,,"戦死した前指揮官の代理として
一部隊を束ねるレジスタンスの隊長。
悪魔とガイスト兵達に猛攻をうける
都市から、民衆を避難させる作戦を
行っている所でアリシアと出会う。
陽気で頼りがいがあり
仲間を大切にするナイスガイである。","Ｂｅｃａｍｅ ｌｅａｄｅｒ ｏｆ
ｔｈｉｓ ｕｎｉｔ ｏｆ ｔｈｅ
Ｒｅｓｉｓｔａｎｃｅ ａｆｔｅｒ
ｔｈｅ ｐｒｅｖｉｏｕｓ
ｃｏｍｍａｎｄｅｒ ｄｉｅｄ ｉｎ
ｂａｔｔｌｅ． Ｈｅ ｍｅｔ
Ａｌｉｃｉａ ｗｈｉｌｅ
ｅｖａｃｕａｔｉｎｇ ａ ｃｉｔｙ
ｕｎｄｅｒ ａｔｔａｃｋ ｂｙ
ｄｅｍｏｎｓ ａｎｄ ｇｅｉｓｔｓ．
Ｃｈｅｅｒｆｕｌ ａｎｄ
ｔｒｕｓｔｗｏｒｔｈｙ， ｈｅ
ｉｓ ａ ｎｉｃｅ ｇｕｙ ｗｈｏ
ａｌｗａｙｓ ｌｏｏｋｓ ａｆｔｅｒ
ｈｉｓ ｆｒｉｅｎｄｓ．",,aguardando tradução/revisão
hlp2.bin,34,0x1B04E,0x1B058,,装甲車,Ｔａｎｋｓ,,aguardando tradução/revisão
hlp2.bin,35,0x1B0C4,0x1B183,,"圧倒的な火力と鋼の装甲をもつ
戦闘車両。
ガイスト兵達の攻守の切り札であり
並の武器や魔法だけで立ち向かうのは
無謀の極みと言える。","Ｃｏｍｂａｔ ｖｅｈｉｃｌｅｓ
ｅｑｕｉｐｐｅｄ ｗｉｔｈ ｓｔｅｅｌ
ｐｌａｔｉｎｇ ａｎｄ ｔｈｅ
ｃａｐａｂｉｌｉｔｙ ｆｏｒ
ｓｕｐｐｒｅｓｓｉｖｅ
ｆｉｒｅｐｏｗｅｒ． Ｔｈｅｙ ａｒｅ
ｔｈｅ ｇｅｉｓｔｓ' ｔｒｕｍｐ
ｃａｒｄｓ ｉｎ ｂａｔｔｌｅ，
ａｎｄ ｉｔ ｉｓ ｓａｉｄ ｔｈａｔ
ｏｎｌｙ ａ ｆｏｏｌ ｗｏｕｌｄ
ｇｏ ｕｐ ａｇａｉｎｓｔ ｏｎｅ
ｗｉｔｈ ｎｏｒｍａｌ ｗｅａｐｏｎｓ
ｏｒ ｍａｇｉｃ.",,aguardando tradução/revisão
hlp2.bin,36,0x1BC9F,0x1BCB2,,ヘリコプター,Ｈｅｌｉｃｏｐｔｅｒｓ,,aguardando tradução/revisão
hlp2.bin,37,0x1BD3F,0x1BDF8,,"ガイスト兵達を大量高速輸送する
強襲用ヘリ。
ガイスト達の機動力の要であり
これがある限りガイスト達の増援が
途絶える事はない。","Ａｔｔａｃｋ ｈｅｌｉｃｏｐｔｅｒｓ
ｕｓｅｄ ｂｙ ｔｈｅ ｇｅｉｓｔｓ
ｆｏｒ ｈｉｇｈ ｓｐｅｅｄ ｍａｓｓ
ｔｒａｎｓｐｏｒｔａｔｉｏｎ．
Ｔｈｅｙ ａｒｅ ｔｈｅ
ｓｏｕｒｃｅ ｏｆ ｔｈｅ
ｇｅｉｓｔｓ’ ｍｏｂｉｌｉｔｙ．
Ａｓ ｌｏｎｇ ａｓ ｔｈｅｙ
ａｒｅ ａｒｏｕｎｄ ｔｈｅｒｅ
ｗｉｌｌ ｂｅ ｎｏ ｅｎｄ ｔｏ
ｔｈｅ ｇｅｉｓｔｓ’
ｒｅｉｎｆｏｒｃｅｍｅｎｔｓ．",,aguardando tradução/revisão
hlp2.bin,38,0x1C7B9,0x1C7C0,,悪魔,Ｄｅｍｏｎｓ,,aguardando tradução/revisão
hlp2.bin,39,0x1C826,0x1CA37,,"その者達は、果て無き破壊と殺戮を
もたらす力と、恐怖と絶望の象徴的と
呼べる姿から、人々に「悪魔」と
呼ばれている。
天災、戦争、疫病、飢餓を引き起こし
あるいは、ガイストと呼ばれる怪物を
生み出す能力などで人類を滅亡へと
導き続けている。
その存在の起源は謎であり
悪魔の存在理由は、宇宙の存在理由に
等しい。
既に壊滅したアメリカ軍から
コード名を付けられている。","Ｔｈｅｓｅ ｂｅｉｎｇｓ ａｒｅ
ｃａｌｌｅｄ ｄｅｍｏｎｓ
ｂｅｃａｕｓｅ ｏｆ ｔｈｅｉｒ
ｐｏｔｅｎｔｉａｌ ｆｏｒ
ｍａｓｓａｃｒｅ ａｎｄ
ｅｎｄｌｅｓｓ ｄｅｓｔｒｕｃｔｉｏｎ,
ａｎｄ ｔｈｅｉｒ ｆｏｒｍｓ
ｗｈｉｃｈ ａｒｅ ｓｙｍｂｏｌｉｃ
ｈｕｍａｎ ｆｅａｒｓ ａｎｄ
ｄｅｓｐａｉｒ. Ｔｈｅｙ ａｒｅ
ｕｓｉｎｇ ｔｈｅｉｒ ｐｏｗｅｒｓ
ｔｏ ｃｒｅａｔｅ ｗａｒｓ,
ｄｉｓａｓｔｅｒｓ, ｐｌａｇｕｅｓ,
ｆａｍｉｎｅ, ａｎｄ ｔｈｅ
ｇｅｉｓｔｓ ｉｎ ａ ｂｉｄ ｔｏ
ｄｒｉｖｅ ｔｈｅ ｈｕｍａｎ
ｒａｃｅ ｅｘｔｉｎｃｔ.
Ｔｈｅｉｒ ｏｒｉｇｉｎｓ ａｎｄ
ｒｅａｓｏｎ ｆｏｒ
ｅｘｉｓｔｅｎｃｅ ａｒｅ ａｓ
ｕｎｆａｔｈｏｍａｂｌｅ ａｓ
ｔｈｏｓｅ ｏｆ ｔｈｅ
ｕｎｉｖｅｒｓｅ ｉｔｓｅｌｆ.
Ｔｈｅｙ ｈａｖｅ ｂｅｅｎ
ｇｉｖｅｎ ｃｏｄｅ ｎａｍｅｓ
ｂｙ ｔｈｅ ｎｏｗ
ｄｅｓｔｒｏｙｅｄ ＵＳ
ａｒｍｙ.",,aguardando tradução/revisão
hlp2.bin,40,0x1E178,0x1E185,,ガイスト,Ｇｅｉｓｔｓ,,aguardando tradução/revisão
hlp2.bin,41,0x1E1D4,0x1E2E2,,"過去に死んだ邪悪な人々の魂は
悪魔の吐息に触れる事で物質化し
人々に「ガイスト」と呼ばれている
醜い怪物となる。
生前の魂の邪悪さと精神力の強さにより
様々な容姿と能力を持つことになる。","Ｔｈｅ ｓｏｕｌｓ ｏｆ ｅｖｉｌ
ｐｅｏｐｌｅ ｗｈｏ ｄｉｅｄ ｉｎ
ｔｈｅ ｐａｓｔ ｇｉｖｅｎ ｆｏｒｍ
ｂｙ ａ ｄｅｍｏｎ’ｓ
ｂｒｅａｔｈ ｔｏ ｂｅｃｏｍｅ
ｈａｔｅｆｕｌ ｍｏｎｓｔｅｒｓ
ｋｎｏｗｎ ａｓ ”ｇｅｉｓｔｓ”．
Ｔｈｅｙ ｐｏｓｓｅｓｓ
ｄｉｆｆｅｒｅｎｔ ｓｈａｐｅｓ
ａｎｄ ａｂｉｌｉｔｉｅｓ ｂａｓｅｄ
ｏｎ ｈｏｗ ｗｉｃｋｅｄ ａｎｄ
ｓｔｒｏｎｇ ｏｆ ｗｉｌｌ ｔｈｅｙ
ｗｅｒｅ ｉｎ ｌｉｆｅ．",,aguardando tradução/revisão
hlp2.bin,42,0x1EF5C,0x1EF6C,,ガイスト兵,Ｇｅｉｓｔ Ｓｏｌｄｉｅｒｓ,,aguardando tradução/revisão
hlp2.bin,43,0x1F011,0x1F16B,,"下品なジョークと、無意味な殺戮を
なによりも好むガイストの兵士達。
殺した人間の皮を剥いで頭に被るなどの
不快な悪趣味ぶりが目立つ。
組織化しており、さらに軍事施設を襲って
入手した近代兵器で武装している為
極めて凶悪な軍隊と化している。","Ｇｅｉｓｔ ｓｏｌｄｉｅｒｓ ｌｏｖｅ
ｄｉｒｔｙ ｊｏｋｅｓ ａｎｄ
ｐｏｉｎｔｌｅｓｓ ｋｉｌｌｉｎｇ
ｍｏｒｅ ｔｈａｎ ａｎｙｔｈｉｎｇ.
Ｔｈｅｙ ｄｉｓｐｌａｙ ｍａｎｙ
ｆｏｒｍｓ ｏｆ ｄｅｐｒａｖｉｔｙ,
ｐａｒｔｉｃｕｌａｒｌｙ ｉｎ
ｔｈｅｉｒ ｈａｂｉｔ ｏｆ
ｗｅａｒｉｎｇ ｔｈｅ ｓｋｉｎｓ
ｏｆ ｔｈｏｓｅ ｔｈｅｙ ｈａｖｅ
ｓｌａｉｎ. Ｔｈｅｙ ａｒｅ
ｏｒｇａｎｉｚｅｄ, ａｎｄ ｉｎ
ｐｏｓｓｅｓｓｉｏｎ ｏｆ
ｍｏｄｅｒｎ ｗｅａｐｏｎｓ
Ａｆｔｅｒ ａｔｔａｃｋｉｎｇ
ｍｉｌｉｔａｒｙ
ｆａｃｉｌｉｔｉｅｓ, ｍａｋｉｎｇ
ｉｎｔｏ ａ ｂｒｕｔａｌ ａｒｍｙ
ｏｆ ｅｖｉｌ.",,aguardando tradução/revisão
hlp2.bin,44,0x20226,0x20233,,ギガース,Ｇｉｇａｓ,,aguardando tradução/revisão
hlp2.bin,45,0x20250,0x203E0,,"数百人分の邪悪な魂によって形成された
巨大なガイスト。
果て無き破壊欲と、出口無き性欲に
精神が支配されている。
その巨体から繰り出される肉弾攻撃と
腕に埋め込まれた巨大な機関砲の
圧倒的な攻撃力から
ギガースが１０体いれば一国の
軍事力でも太刀打ちできないと
恐れられている。","Ｇｉａｎｔ ｇｅｉｓｔｓ ｆｏｒｍｅｄ 
ｂｙ ｔｈｅ ｆｕｓｉｏｎ ｏｆ 
ｔｈｅ ｅｖｉｌ ｓｏｕｌｓ ｏｆ 
ｓｅｖｅｒａｌ ｈｕｎｄｒｅｄ 
ｐｅｏｐｌｅ. Ｔｈｅｙ ｌｕｓｔ 
ｆｏｒ ｄｅｓｔｒｕｃｔｉｏｎ, 
ａｎｄ ｔｈｅｉｒ ｍｉｎｄｓ ａｒｅ 
ｄｏｍｉｎａｔｅｄ ｂｙ ｂａｓｅ 
ｄｅｓｉｒｅｓ. Ｔｈｅ 
ｒｅｐｅａｔｅｄ ｐｈｙｓｉｃａｌ 
ａｔｔａｃｋｓ ｏｆ ｔｈｅｉｒ 
ｍａｓｓｉｖｅ ｂｏｄｉｅｓ ａｎｄ 
ｔｈｅ ｏｐｐｒｅｓｓｉｖｅ 
ｆｉｒｅｐｏｗｅｒ ｏｆ ｔｈｅ 
ｍａｓｓｉｖｅ ｃａｎｎｏｎｓ 
ｍｅｌｄｅｄ ｉｎｔｏ ｔｈｅｉｒ 
ａｒｍｓ ｈａｖｅ ｌｅｄ ｔｏ ｉｔ 
ｂｅｉｎｇ ｓａｉｄ ｔｈａｔ ｔｈｅ 
ａｒｍｙ ｏｆ ａｎ ｅｎｔｉｒｅ 
ｎａｔｉｏｎ ｗｏｕｌｄ ｎｏｔ 
ｂｅ ｅｎｏｕｇｈ ｔｏ ｓｔｏｐ 
10 ｏｆ ｔｈｅｍ.",,aguardando tradução/revisão
hlp2.bin,46,0x21819,0x2182C,,スクリーマー,Ｓｃｒｅａｍｅｒｓ,,aguardando tradução/revisão
hlp2.bin,47,0x218AF,0x21A38,,"激しい怨念を持ちながら死んだ女性の
魂から生み出されたガイスト。
憎悪、絶望、孤独、嫉妬、これら負の
感情に狂気を織り交ぜた物を
「怨霊魂」として吐き出し
逆恨み的に罪なき人間達への復讐を
果たそうとします。
容姿だけでなく笑い声からもその歪んだ
精神性を伺う事ができる。","Ｇｅｉｓｔｓ ｂｏｒｎ ｆｒｏｍ
ｔｈｅ ｓｏｕｌｓ ｏｆ ｗｏｍｅｎ
ｗｈｏ ｄｉｅｄ ｗｉｔｈ ｄｅｅｐ
ｈａｔｒｅｄ ｉｎ ｔｈｅｉｒ
ｈｅａｒｔｓ. Ｔｈｅｙ ｓｐｉｔ
ｏｕｔ ｃｏｎｃｅｎｔｒａｔｅｄ
ｆｅｅｌｉｎｇｓ ｏｆ ｌｏｓｓ,
ｒａｇｅ, ｊｅａｌｏｕｓｙ, ａｎｄ
ｌｏｎｅｌｉｎｅｓｓ ａｓ
""ｇｒｕｄｇｅ ｓｐｉｒｉｔｓ"",
ａｓ ｔｈｅｙ ｔｒｙ ｔｏ
ｖｉｎｄｉｃａｔｅ
ｔｈｅｍｓｅｌｖｅｓ ｏｎ ｔｈｏｓｅ
ｈｕｍａｎｓ ｔｈｅｙ ｔｈｉｎｋ
ａｒｅ ｉｎｎｏｃｅｎｔ. Ｔｈｅｉｒ
ｉｎｓａｎｉｔｙ ｉｓ ｅｖｉｄｅｎｔ
ｉｎ ｂｏｔｈ ｔｈｅｉｒ ｆｏｒｍｓ
ａｎｄ ｔｈｅｉｒ ｖｏｉｃｅｓ.",,aguardando tradução/revisão
hlp2.bin,48,0x22A95,0x22A9F,,怨霊魂,Ｇｒｕｄｇｅ Ｓｐｉｒｉｔｓ,,aguardando tradução/revisão
hlp2.bin,49,0x22B37,0x22C73,,"スクリーマーから吐き出され
空中を飛行して人間に襲い掛かる
恐るべき怨霊の塊。
これに精神を蝕まれた者は、感情や理性
だけでなく、その姿形すらも失い
おぞましきワームマンへと変貌する
死よりも惨い最後が待ち受けている。","Ｆｅａｒｓｏｍｅ ｓｐｉｒｉｔｓ ｏｆ
ｖｅｎｇｅａｎｃｅ ｓｐｉｔ ｏｕｔ
ｂｙ ｓｃｒｅａｍｅｒｓ ｔｈａｔ
ｆｌｙ ｔｈｒｏｕｇｈ ｔｈｅ ａｉｒ
ｔｏ ａｔｔａｃｋ ｈｕｍａｎｓ.
Ｔｈｏｓｅ ｗｈｏ ａｒｅ
ｐｏｓｓｅｓｓｅｄ ｂｙ ｔｈｅｍ
ｌｏｓｅ ｎｏｔ ｏｎｌｙ ｔｈｅｉｒ
ｆｅｅｌｉｎｇｓ ａｎｄ ｒｅａｓｏｎ
ｂｕｔ ａｌｓｏ ｔｈｅｉｒ ｖｅｒｙ
ｆｏｒｍ, ａｓ ｔｈｅｙ ａｒｅ
ｔｒａｎｓｆｏｒｍｅｄ ｉｎｔｏ
Ｗｏｒｍ Ｍｅｎ, ａ
ｔｅｒｒｉｂｌｅ ｆａｔｅ ｗｏｒｓｅ
ｔｈａｎ ｄｅａｔｈ.",,aguardando tradução/revisão
hlp2.bin,50,0x23AD4,0x23AE4,,ワームマン,Ｗｏｒｍ Ｍｅｎ,,aguardando tradução/revisão
hlp2.bin,51,0x23B6A,0x23CA4,,"スクリーマーの吐き出す怨霊魂によって
奇怪な怪物へと変貌した
人々の成れの果て。
予想が付かない不規則な動きと
顔面に空いた穴からほとばしる
火炎などからは、情けを
かけたくなるような人間の面影を
感じる事はできない。","Ｈｉｄｅｏｕｓ ｍｏｎｓｔｅｒｓ
ｔｈａｔ ａｒｅ ｔｈｅ ｅｎｄ
ｒｅｓｕｌｔ ｏｆ ｗｈａｔ
ｈａｐｐｅｎｓ ｔｏ ｔｈｏｓｅ
ｐｏｓｓｅｓｓｅｄ ｂｙ ａ
ｓｃｒｅａｍｅｒ'ｓ ｇｒｕｄｇｅ
ｓｐｉｒｉｔ. Ｆｒｏｍ ｔｈｅｉｒ
ｕｎｉｍａｇｉｎａｂｌｙ
ｉｒｒｅｇｕｌａｒ ｍｏｖｅｍｅｎｔｓ
ｔｏ ｔｈｅ ｆｌａｍｅｓ
ｐｏｕｒｉｎｇ ｆｒｏｍ ｔｈｅ
ｈｏｌｅ ｉｎ ｔｈｅｉｒ ｆａｃｅ,
ｉｔ ｉｓ ｈａｒｄ ｔｏ
ｂｅｌｉｅｖｅ ｔｈａｔ ｔｈｅｓｅ
ｔｈｉｎｇｓ ｗｅｒｅ ｏｎｃｅ
ｈｕｍａｎ.",,aguardando tradução/revisão
hlp2.bin,52,0x24B06,0x24B22,,ウォルナッツヘッド,Ｗａｌｎｕｔ Ｈｅａｄｓ,,aguardando tradução/revisão
hlp2.bin,53,0x24BB4,0x24E01,,"極めて高い精神力と知能、そして
むき出しの脳を持つガイスト
念力で物体を飛ばして攻撃してきたり
空間に巨大な結界を作り出して
恐怖に怯える人々の逃げ道を奪う。
五感を狂わせる催眠能力を持った
個体は、他のガイストとの戦闘中は
存在を認識する事さえ出来ない。
　　　　　　　　　　　　　　　　　　　
その催眠術を破る為には
他のガイストとの戦いを終わらせ
ウォルナッツヘッドとの戦闘に
集中しなければならない。","Ｇｅｉｓｔｓ ｗｉｔｈ ｅｘｐｏｓｅｄ
ｂｒａｉｎｓ ｔｈａｔ ｐｏｓｓｅｓｓ
ｅｘｃｅｅｄｉｎｇ ｍｅｎｔａｌ
ｐｏｗｅｒ ａｎｄ
ｉｎｔｅｌｌｉｇｅｎｃｅ. Ｔｈｅｙ
ｕｓｅ ｔｈｅｉｒ ｍｉｎｄｓ ｔｏ
ａｔｔａｃｋ ｂｙ ｔｈｒｏｗｉｎｇ
ｏｂｊｅｃｔｓ, ａｎｄ ｃｒｅａｔｅ
ｂａｒｒｉｅｒｓ ｔｏ ｔｒａｐ
ｔｈｏｓｅ ｗｈｏ ｔｒｙ ｔｏ
ｅｓｃａｐｅ ｔｈｅｍ. Ｓｏｍｅ
ｈａｖｅ ｔｈｅ ａｂｉｌｉｔｙ ｔｏ
ｈｙｐｎｏｔｉｚｅ ｆｏｅｓ ａｎｄ
ｄｉｓｔｏｒｔ ｔｈｅｉｒ
ｓｅｎｓｅｓ ｓｏ ｔｈａｔ
ｔｈｅｙ ｆｏｒｇｅｔ
ｔｈｅｙ ａｒｅ ｉｎ ｂａｔｔｌｅ.

Ｔｈｅ ｏｎｌｙ ｗａｙ ｔｏ
ｂｒｅａｋ ｔｈｉｓ ｅｆｆｅｃｔ
ｉｓ ｔｏ ｉｇｎｏｒｅ ａｎｙ
ｏｔｈｅｒ ｇｅｉｓｔｓ ａｎｄ
ｆｏｃｕｓ ｏｎ ｔｈｅ
ｗａｌｎｕｔ ｈｅａｄ ｆｉｒｓｔ.",,aguardando tradução/revisão
hlp2.bin,54,0x2644C,0x26462,,ドラゴンバット,Ｄｒａｇｏ-Ｂａｔ,,aguardando tradução/revisão
hlp2.bin,55,0x264B3,0x26672,,"コード名　「Λ」 （ラムダ）
俗称　　　「ドラゴンバット」

高空を飛行しては次々と航空機を
撃墜している全長約２５０ｍの
大型の悪魔。
マッハ５の高速飛行能力で航空機に
近づいては、無数の「目」を飛ばして
乗員とも航空機を雲の上から
奈落まで叩き落とす。
この悪魔がいる限り人類は
安息を空に求める事もできない。","Ｃｏｄｅ Ｎａｍｅ: Λ Ｌａｍｂｄａ
Ｎａｍｅ: Ｄｒａｇｏ-Ｂａｔ

Ａ ｌａｒｇｅ ｄｅｍｏｎ ｗｉｔｈ
ａ ｔｏｔａｌ ｌｅｎｇｔｈ ｏｆ
ｎｅａｒｌｙ  ２５０ ｍｅｔｅｒｓ
ｔｈａｔ ｆｌｉｅｓ ａｔ ｈｉｇｈ
ａｌｔｉｔｕｄｅｓ ａｎｄ
ａｔｔａｃｋｓ ａｉｒｃｒａｆｔ.
Ｃａｎ ｆｌｙ ａｔ ｓｐｅｅｄｓ
ｏｆ ｕｐ ｔｏ ｍａｃｈ ５,
ａｎｄ ｕｓｅｓ ｃｏｕｎｔｌｅｓｓ
ｅｙｅｓ ｔｏ ｂａｔｔｅｒ
ｐｌａｎｅｓ ｕｎｔｉｌ ｔｈｅｙ
ｆａｌｌ ｆｒｏｍ ｔｈｅ ｓｋｙ.
Ａｓ ｌｏｎｇ ａｓ ｔｈｉｓ
ｄｅｍｏｎ ｌｉｖｅｓ,
ｈｕｍａｎｉｔｙ ｗｉｌｌ ｎｏｔ
ｂｅ ａｂｌｅ ｔｏ ｔａｋｅ
ｔｏ ｔｈｅ ｓｋｉｅｓ ｉｎ
ｓａｆｅｔｙ.",,aguardando tradução/revisão
hlp2.bin,56,0x27800,0x27822,,トライデントサーペント,Ｔｒｉ-Ｓｅｒｐｅｎｔ,,aguardando tradução/revisão
hlp2.bin,57,0x27890,0x27A22,,"コード名　「Ω」 （オメガ）
俗称　　　「トライデントサーペント」
　　　　　　　　　　　　　　　　　　　　　　　　　　　
三つ又の蛇を左腕に持つ
炎を自在に操る悪魔。
魔法による攻撃を無効化する結界で
身を守っている為
アリシアの力はこの悪魔の前では完全に
無力となってしまう。","Ｃｏｄｅ Ｎａｍｅ： Ω Ｏｍｅｇａ
Ｎａｍｅ： Ｔｒｉ-Ｓｅｒｐｅｎｔ

Ａ ｄｅｍｏｎ ｔｈａｔ ｃａｎ
ｃｏｎｔｒｏｌ ｆｉｒｅ ｗｉｔｈ
３ ｓｎａｋｅｓ ｉｎ ｐｌａｃｅ
ｏｆ ａ ｌｅｆｔ ａｒｍ.
Ｐｒｏｔｅｃｔｓ ｉｔｓｅｌｆ
ｗｉｔｈ ａ ｂａｒｒｉｅｒ ｔｈａｔ
ｎｅｇａｔｅｓ ｍａｇｉｃ
ａｔｔａｃｋｓ， ｓｏ Ａｌｉｃｉａ
ｉｓ ｃｏｍｐｌｅｔｅｌｙ
ｐｏｗｅｒｌｅｓｓ ａｇａｉｎｓｔ
ｔｈｉｓ ｄｅｍｏｎ.",,aguardando tradução/revisão
hlp2.bin,58,0x28641,0x28651,,基本操作１,Controls 1,,aguardando tradução/revisão
hlp2.bin,59,0x28681,0x287CB,,"<col yellow>［移動］<col end>
<kico mcha>を倒した方向に移動します。
軽く倒すと歩き、大きく倒すと走ります。

<col yellow>［視点操作］<col end>
<kico mcam>で、アリシアを中心に視点の操作が
できます。
周囲の確認、射撃の照準あわせに
使います。","<col yellow>[Move]<col end>
Moves you in the
direction <kico mcha> is
pushed. Push
lightly to walk,
and push hard to
run.

<col yellow>[View Controls]<col end>
Use <kico mcam> to move
the viewpoint
around Alicia.
This is useful
for checking your
surroundings or
lining up shots.",,aguardando tradução/revisão
hlp2.bin,60,0x28D99,0x28DA9,,基本操作２,Controls 2,,aguardando tradução/revisão
hlp2.bin,61,0x28DD9,0x28ED4,,"<col yellow>［しゃがみ］<col end>
<kico sqt>で、しゃがみます。
そのまま<kico mcha>で移動できます。
物陰に隠れたい時などに使います。
また、しゃがむことによって命中率が
上昇します。","<col yellow>[Crouch]<col end>
Click <kico sqt> to crouch.
You can move while
crouched using <kico mcha>.
Crouching makes you a
smaller target, and will
also increase your
accuracy.",,aguardando tradução/revisão
hlp2.bin,62,0x292EA,0x292F1,,射撃,Shoot,,aguardando tradução/revisão
hlp2.bin,63,0x29317,0x29417,,"<kico sht>で、ガンサイトで狙った所を
射撃します。
<kico zom>で、視点が周囲を
確認しやすい「アクションビュー」と
射撃に適した「シューティングビュー」へと
交互に切り替わります。","Pull <kico sht> to shoot
what your gunsight
is aiming at. By
clicking <kico zom>,
you can switch
between ""action
view,"" which lets
you check your
surroundings, and
""shooting view,""
which is better for
precision aiming.",,aguardando tradução/revisão
hlp2.bin,64,0x29846,0x29853,,リロード,Reload,,aguardando tradução/revisão
hlp2.bin,65,0x29880,0x298EF,,"<kico rel>で、ガンロッドに弾丸をリロードします。
リロードにはMPを消費します。","Press <kico rel> to reload
the currently equipped
gunrod.
Reloading costs MP.",,aguardando tradução/revisão
hlp2.bin,66,0x29A79,0x29A86,,魔法詠唱,Magic,,aguardando tradução/revisão
hlp2.bin,67,0x29AA4,0x29C43,,"<ico key_lrb>で、魔法を使用する為の
魔法詠唱リングが表示されます。

魔法詠唱リング表示中に<ico key_lrm>で
魔法詠唱リングの階層が切り替わります。
<ico key_a>、<ico key_b>、<ico key_x>で、魔法詠唱リングの
各ボタンに対応した魔法が発動します。

<ico key_y>で、魔法詠唱リングの表示を
キャンセルします。","Press <ico key_lrb> to
display the magic
ring, from which you
can select various spells.

Press <ico key_lrm> again
to move between
the different
levels of magic
rings. Press <ico key_a>, <ico key_b>, or
<ico key_x> to use the spell
on the magic ring
that corresponds
with that button.",,aguardando tradução/revisão
hlp2.bin,68,0x2A2BF,0x2A2C6,,生贄,Sacrifice,,aguardando tradução/revisão
hlp2.bin,69,0x2A2F5,0x2A3B8,,"敵を倒すと、その肉体は生贄となって
アリシアのＭＰゲージの上限を
上昇させます。
強力な魔法の詠唱には多くの生贄が
必要となります。","If you defeat an
enemy, their body
will act as a sacrifice,
increasing Alicia's max MP.
The most powerful
magic spells will
require many sacrifices.
Not to be confused
with the spell of the
same name.",,aguardando tradução/revisão
hlp2.bin,70,0x2A744,0x2A74B,,格闘,Melee,,aguardando tradução/revisão
hlp2.bin,71,0x2A772,0x2A81A,,"<kico atk>で、ガンロッドで周囲の敵を殴ります。
接近している敵をひるませて隙を
作りたい時や、囲まれた時に有効です。","Press <kico atk> to hit
enemies around you
with the gunrod.
This is useful when
you want to stun
nearby enemies to
create an opening,
or when you are
surrounded and
need to escape.",,aguardando tradução/revisão
hlp2.bin,72,0x2AC07,0x2AC1D,,回避アクション,Dodge,,aguardando tradução/revisão
hlp2.bin,73,0x2AC48,0x2AD56,,"<kico dod>で、華麗な体さばきにより
敵の攻撃を回避します。
銃弾の命中率をさげるだけでなく爆発や
格闘攻撃に対しても非常に有効です。
また、段差や障害物などを乗り越える
こともできます。","Press <kico dod> to
leap out of harm's
way. Works well against
melee attacks, explosions,
and most bullets. You can
also use it to leap
up steps or over
obstacles.",,aguardando tradução/revisão
hlp2.bin,74,0x2B26D,0x2B274,,結界,Barriers,,aguardando tradução/revisão
hlp2.bin,75,0x2B2A3,0x2B36C,,"民衆の退路を遮り、アリシアの進行を
阻む破壊不可能な魔法の壁です。
その結界をつくりだした
ウォルナッツヘッドを倒すことで
消滅します。","Indestructible 
magic walls created 
to entrap civilians 
and impede Alicia's 
progress. To remove 
a barrier, you must 
defeat the Walnut 
Head that created it.",,aguardando tradução/revisão
hlp2.bin,76,0x2B6F3,0x2BCB7,,"エレメントショット

ガンロッド本来の力を発動させて
魔力を帯びた弾丸を発射する魔法です。
　　　　　　　　　　　　　　　　　　　　　　　　　
<col yellow>[詠唱方法]<col end>
リング1階層目で<ico key_a>を押すと
詠唱できます。
<col yellow>[魔法効果]<col end>
属性効果はガンロッドの種類に
よって異なります。
効果継続は一定時間と各ガンロッドの
残弾数によって変動します。
戦況を見極めて使い分けるとより優位に
戦闘を進めることが出来ます。　　　　　　　　　　　　　　　　　　　　　　　　　　　　　　　　　
　　　　　　　　　　　　　　　　　　　　　　　　　　　　　　
<col yellow>[マシンガンフォーム装備時]<col end>
炎の属性で、同じ敵に連続で弾を当てる
ことで対象を燃やすことができます。
<col yellow>[ショットガンフォーム装備時]<col end>
風の属性で、発砲と同時に周りの敵に
衝撃波を与えることができます。
<col yellow>[キャノンフォーム装備時]<col end>
光の属性で、<kico mcam>の押し込みで
ズームとなり狙いを定められます。
<col yellow>[ガトリングフォーム装備時]<col end>
雷の属性で、発砲対象の敵とその周りの
敵に放電し足止めすることができます。","Element Shot

Loads the gunrod with
magical bullets.

<col yellow>[How to Cast]<col end>
Press <kico mgc> to bring up the magic
ring, then press <ico key_a> to cast.
<col yellow>[Spell Effect]<col end>
Loads the Machine Gun with
fire rounds, the Shotgun with
wind rounds, the Cannon
with light rounds (click
<kico mcam> to zoom) or
the Gatling Form with
electric rounds.",,aguardando tradução/revisão
hlp2.bin,77,0x2CDB9,0x2D0D4,,"エンシェントウォール

魔法の壁を目の前に出現させる
魔法です。
　　　　　　　　　　　　　　　　　　　　　　　　　　　　　　　
<col yellow>[詠唱方法]<col end>
<kico mgc>を押した後に、リング1階層目で
<ico key_b>を押すと詠唱できます。
<col yellow>[魔法効果]<col end>
詠唱後、目の前に魔法の壁が出現します。
壁は一定ダメージ量と時間で消滅します。
　　　　　　　　　　　　　　　　　　　　　　　　　　　　　　　　　　　　　　　　　　　　　　　　　　　　　
激しい銃撃から身を隠したい時や
狭い道をふさいで敵の侵入を
少しの間食い止めたりすることに
有効です。","Ancient Wall

A spell that
creates a magic
wall in front of
you.

<col yellow>[How to Cast]<col end>
Press <kico mgc> to bring up the magic
ring, then press <ico key_b> to cast.
<col yellow>[Spell Effect]<col end>
Creates a magical
wall in front of 
you. The wall will 
disappear after a 
certain amount 
of time, or if it 
takes too much 
damage.

Use it to hide from 
enemy gunfire or 
to block off small 
passages for a 
short time.",,aguardando tradução/revisão
hlp2.bin,78,0x2D9AF,0x2DC4B,,"ローズスピア

地面から銀のトゲを呼び出す「バラ」を
投げる魔法です

<col yellow>[詠唱方法]<col end>
<kico mgc>を押した後、リング1階層目で
<ico key_x>を押すと詠唱できます。
<col yellow>[魔法効果]<col end>
詠唱後ガンサイトの方向に向かって
地面から無数のトゲを呼び出す
「バラ」を投げます。
バラの着弾地点付近にいる敵をまとめて
串刺しにする事が可能となります。
　　　　　　　　　　　　　　　　　　　　　　　　　　　
密集した敵や、狭い箇所に固まっている
敵に有効です。","Rose Spear

Throw a magical rose
that summons silver
spikes from the
ground.

<col yellow>[How to Cast]<col end>
Press <kico mgc> to bring up the magic
ring, then press <ico key_x> to cast.
<col yellow>[Spell Effect]<col end>
Throw a rose in the
direction the gunsight
is pointing, calling
multiple spikes up from
the ground. Useful against
clustered enemies, even
when they're behind cover.",,aguardando tradução/revisão
hlp2.bin,79,0x2E642,0x2E8AA,,"ウィルパワー

魔力による衝撃波で、近くの物体を
正面へ吹き飛ばす魔法です。

<col yellow>[詠唱方法]<col end>
<kico mgc>でリングを開いた後
<ico key_lrm>を押し、リング2階層目で
<ico key_a>を押すと詠唱できます。
<col yellow>[魔法効果]<col end>
詠唱後すぐに魔力による衝撃波で
近くの物体を正面へ吹き飛ばします。

バリケードなど、ガンロッドだけでは
破壊が困難な障害物に対して
他の物体を衝突させて効果的に
破壊することができるので、有効です。","Willpower

Unleashes a magical
wave of force that
pushes back objects
in front of you.

<col yellow>[How to Cast]<col end>
Press <kico mgc> to bring up the magic
ring, then press <ico key_lrm> to cycle
to the second ring. Press <ico key_a> to cast.
<col yellow>[Spell Effect]<col end>
Unleashes a wave of
force, pushing objects
away from you. If you
encounter a barricade
or other bullet-resistant
object, try ramming
another object into it.",,aguardando tradução/revisão
hlp2.bin,80,0x2F199,0x2F505,,"サクリファイス
　　　　　　　　　　　　　　　　　　　　　　　　　　
傷で瀕死となった人々に自らの血を
分け与えて回復させる魔法です。
　　　　　　　　　　　　　　　　　　　　　　　　　　
<col yellow>[詠唱方法]<col end>
<kico mgc>でリングを開いた後
<ico key_lrm>を押し、リング2階層目で
<ico key_b>を押すと詠唱できます。
<col yellow>[魔法効果]<col end>
目の前で瀕死状態の人に自らの血を
分け与えて人々を回復させる魔法。
代償としてアリシアの体力が
減少します。
　　　　　　　　　　　　　　　　　　　　　　　　　
瀕死の人がいない場合は発動しません。
うずくまって苦しんでいる人の側で
詠唱し回復すると良いでしょう。","Sacrifice

Magic that allows
you to heal
critically injured
people using your
own blood.

<col yellow>[How to Cast]<col end>
Press <kico mgc> to bring up the magic
ring, then press <ico key_lrm> to cycle
to the second ring. Press <ico key_b> to cast.
<col yellow>[Spell Effect]<col end>
Allows you to heal
critically injured
people you come
across by giving
them some of your
blood (HP).

The spell will not
work unless there
are injured people
nearby. Most 
effective when cast 
next to those who 
are curled up in pain.",,aguardando tradução/revisão
hlp2.bin,81,0x2FF8A,0x30202,,"レイヴンパニック

カラスの大群を呼び寄せて
敵に群がらせる魔法です。
　　　　　　　　　　　　　　　　　　　　　　　　　　　　
<col yellow>[詠唱方法]<col end>
<kico mgc>でリングを開いた後
<ico key_lrm>を押し、リング2階層目で
<ico key_x>を押すと詠唱できます。
<col yellow>[魔法効果]<col end>
詠唱後にカラスの大群を呼び寄せ
敵に群がらせて足止めが出来ます。

素早い敵を足止めさせる時や
大群との乱戦時などに有効です。
部屋の中などでは詠唱できません。","Ravens Panic

Magic that summons
a large horde of
ravens to swarm
over the enemy.

<col yellow>[How to Cast]<col end>
Press <kico mgc> to bring up the magic
ring, then press <ico key_lrm> to cycle
to the second ring. Press <ico key_x> to cast.
<col yellow>[Spell Effect]<col end>
Calls down a horde
of ravens that
swarm over
enemies and stop
them in their
tracks.

Useful for stopping
fast enemies or
disrupting large
groups of foes.
Cannot be cast
indoors.",,aguardando tradução/revisão
hlp2.bin,82,0x30B12,0x30DE3,,"サンダー

強力な雷で、あらゆる敵を一撃で
葬りさる、究極の破壊力を持つ
大魔法です。
　　　　　　　　　　　　　　　　　　　　　　　　　　　　　　　　
<col yellow>[詠唱方法]<col end>
<kico mgc>でリングを開いた後
<ico key_lrm>を2回押し、リング3階層目で
<ico key_a>を押すと詠唱開始します。
<col yellow>[魔法効果]<col end>
詠唱後専用ガンサイトが出現し
狙いを定めた後に<kico sht>を押すと
強力な稲妻が狙った地点に落ちます。
　　　　　　　　　　　　　　　　　　　　　　　　　　　　　　　　
一体の強大な敵に有効です。","Lightning

A powerful magic
spell that calls
down a lightning bolt
capable of
destroying almost
any enemy with
one strike.

<col yellow>[How to Cast]<col end>
Press <kico mgc> to bring up the magic
ring, then press <ico key_lrm> to cycle to
the third ring. Press <ico key_a> to cast.
<col yellow>[Spell Effect]<col end>
Upon casting, a
special gunsight
will appear. Once
you have set your
target, press <kico sht> to
call down a
lightning bolt on that
location.

Effective against
large individual
foes.",,aguardando tradução/revisão
hlp2.bin,83,0x31727,0x3194F,,"トルネード

全てを天高く巻き上げる巨大な竜巻を
呼び出す大魔法です。

<col yellow>[詠唱方法]<col end>
<kico mgc>でリングを開いた後
<ico key_lrm>を2回押し、リング3階層目で
<ico key_b>を押すと詠唱開始します。
<col yellow>[魔法効果]<col end>
詠唱後前方に、全てを天高く巻き上げる
巨大な竜巻を呼び出します。

大量の魔力と引き換えに、ヘリや
敵の大軍勢を混乱状態に陥れ、大打撃を
与える事ができます。","Tornado

Powerful magic that
summons a giant
tornado to blow
everything high
into the air.

<col yellow>[How to Cast]<col end>
Press <kico mgc> to bring up the magic
ring, then press <ico key_lrm> to cycle to
the third ring. Press <ico key_b> to cast.
<col yellow>[Spell Effect]<col end>
Calls forth a giant 
tornado, hurling everything
in its path up into
the air.

Costly in terms of MP,
but great against
helicopters and/or
large groups of
enemies.",,aguardando tradução/revisão
hlp2.bin,84,0x322A5,0x325C6,,"メテオ

空から次々と隕石を降り注がせ
辺り一面を火の海に変えてしまう
究極の大魔法です。
　　　　　　　　　　　　　　　　　　　　　　　　
<col yellow>[詠唱方法]<col end>
<kico mgc>でリングを開いた後
<ico key_lrm>を2回押し、リング3階層目で
<ico key_x>を押すと詠唱開始します。
<col yellow>[魔法効果]<col end>
詠唱後空から次々と隕石を降り注がせ
超高層ビルなども破壊してしまいます。
　　　　　　　　　　　　　　　　　　　　　　　　　　　
大量の魔力と引き換えに
眼前に広がる広範囲の
あらゆる物を破壊しつくし灰へと
変えてしまいます。
多くの敵を一網打尽にできます。","Meteor

Powerful magic that
calls down a meteor
that turns the
entire vicinity
into a sea of
flame.

<col yellow>[How to Cast]<col end>
Press <kico mgc> to bring up the magic
ring, then press <ico key_lrm> to cycle to
the third ring. Press <ico key_x> to cast.
<col yellow>[Spell Effect]<col end>
Calls down a meteor
shower that is
capable of
destroying even
skyscrapers.

Though it costs
a lot of MP, this
spell reduces
everything in
sight to ash, so
it is useful for
taking out many
enemies in one
fell swoop.",,aguardando tradução/revisão
hlp2.bin,85,0x32F55,0x32F5C,,民衆,Civilians,,aguardando tradução/revisão
hlp2.bin,86,0x32F83,0x33096,,"怪物達の果て無き殺戮に日々怯え
逃げ惑うだけの哀れな存在。
その目には希望の光を感じることは
もはや難しいだろう。
しかし、彼らに救いの手を差し伸べる事で
何か良い事があるかもしれない。","Their existence has
been reduced to
endless days of
running in fear
of the monsters
and their endless
slaughter. They
have all but given
up hope. Some good
may still come
from saving them.",,aguardando tradução/revisão
hlp2.bin,87,0x3347C,0x3348F,,レジスタンス,The Resistance,,aguardando tradução/revisão
hlp2.bin,88,0x334C8,0x335F5,,"「逃走」より「闘争」を選んだ人々が
アメリカ陸軍の生き残りと力を合わせ
結成した武装組織。
長引く戦いで極めて劣勢の状況に
追い詰められてはいるが、時に
頼もしい協力者としてアリシアと共に
戦ってくれる。","A heavily armed
militia made up of
the remnants of the
U.S. military and
those who would
rather fight than
flee. Though they
are extremely
outnumbered in
this long struggle,
they will still
sometimes join
Alicia as
dependable allies
in her battles.",,aguardando tradução/revisão
hlp2.bin,89,0x33ABC,0x33ACF,,マクスウェル,Maxwell,,aguardando tradução/revisão
hlp2.bin,90,0x33AF7,0x33C42,,"戦死した前指揮官の代理として
一部隊を束ねるレジスタンスの隊長。
悪魔とガイスト兵達に猛攻をうける
都市から、民衆を避難させる作戦を
行っている所でアリシアと出会う。
陽気で頼りがいがあり
仲間を大切にするナイスガイである。","Became leader of
his unit of the
Resistance after
the previous
commander died in
battle. He met
Alicia while
evacuating a city
under attack by
demons and geists.
Cheerful and
trustworthy, he
is a good man who
always looks after
his friends.",,aguardando tradução/revisão
hlp2.bin,91,0x34183,0x3418D,,装甲車,Tanks,,aguardando tradução/revisão
hlp2.bin,92,0x341B5,0x34278,,"圧倒的な火力と鋼の装甲をもつ
戦闘車両。
ガイスト兵達の攻守の切り札であり
並の武器や魔法だけで立ち向かうのは
無謀の極みと言える。","The geists' trump cards
in battle, these armored
vehicles carry machine
guns for suppression
fire and cannons for mass
destruction. Virtually
impervious to conventional
weapons, and almost as
impervious to most magic.",,aguardando tradução/revisão
hlp2.bin,93,0x346E2,0x346F5,,ヘリコプター,Helicopters,,aguardando tradução/revisão
hlp2.bin,94,0x34728,0x347E5,,"ガイスト兵達を大量高速輸送する
強襲用ヘリ。
ガイスト達の機動力の要であり
これがある限りガイスト達の増援が
途絶える事はない。","Geists use these flying
machines for high-speed
troop transportation.
Efficient, maneuverable,
and effectively bulletproof,
they can deploy rapid
reinforcements almost
anywhere, and are a key
component of the geists'
swarming tactics.",,aguardando tradução/revisão
hlp2.bin,95,0x34BE2,0x34BE9,,悪魔,Demons,,aguardando tradução/revisão
hlp2.bin,96,0x34C0F,0x34E2C,,"その者達は、果て無き破壊と殺戮を
もたらす力と、恐怖と絶望の象徴的と
呼べる姿から、人々に「悪魔」と
呼ばれている。
天災、戦争、疫病、飢餓を引き起こし
あるいは、ガイストと呼ばれる怪物を
生み出す能力などで人類を滅亡へと
導き続けている。
その存在の起源は謎であり
悪魔の存在理由は、宇宙の存在理由に
等しい。
既に壊滅したアメリカ軍から
コード名を付けられている。","Otherworldly beings, whose
only known purpose on Earth
is to kill and destroy. In the
past, they only acted indirectly,
causing wars, plagues, and
disasters, but in recent years,
they've manifested physically,
leading their armies of geists
across the human world.
The U.S. Army, before its
dissolution, gave the more
prominent demons code names.
Their forms are said to represent
human fears and failings. Other
than that, their true nature may
be as unfathomable as that
of the universe itself.",,aguardando tradução/revisão
hlp2.bin,97,0x357B4,0x357C1,,ガイスト,Geists,,aguardando tradução/revisão
hlp2.bin,98,0x357E5,0x358F8,,"過去に死んだ邪悪な人々の魂は
悪魔の吐息に触れる事で物質化し
人々に「ガイスト」と呼ばれている
醜い怪物となる。
生前の魂の邪悪さと精神力の強さにより
様々な容姿と能力を持つことになる。","When the demons first
arrived, they brought the
souls of the damned with
them, forcing those souls
into new bodies and using
them as foot soldiers. These
""geists"" come in different
shapes and sizes, depending
on how evil and strong-willed
they were in life.",,aguardando tradução/revisão
hlp2.bin,99,0x35DC0,0x35DD0,,ガイスト兵,Geist Soldiers,,aguardando tradução/revisão
hlp2.bin,100,0x35E0D,0x35F6D,,"下品なジョークと、無意味な殺戮を
なによりも好むガイストの兵士達。
殺した人間の皮を剥いで頭に被るなどの
不快な悪趣味ぶりが目立つ。
組織化しており、さらに軍事施設を襲って
入手した近代兵器で武装している為
極めて凶悪な軍隊と化している。","Geist soldiers hate
everything but crude
humor and wanton
violence. They display
many forms of depravity,
particularly in their
habit of wearing the
skins of their victims. 
Not only are they highly
organized, but after a
series of raids on military
bases, they're armed
to the teeth as well.
They are a brutal army
of pure evil.",,aguardando tradução/revisão
hlp2.bin,101,0x365FB,0x36608,,ギガース,Gigas,,aguardando tradução/revisão
hlp2.bin,102,0x36625,0x367BE,,"数百人分の邪悪な魂によって形成された
巨大なガイスト。
果て無き破壊欲と、出口無き性欲に
精神が支配されている。
その巨体から繰り出される肉弾攻撃と
腕に埋め込まれた巨大な機関砲の
圧倒的な攻撃力から
ギガースが１０体いれば一国の
軍事力でも太刀打ちできないと
恐れられている。","Giant geists fused together
from the evil souls of 
several hundred people.
Their minds are in constant
chaos — all that's clear inside
them is their drive to kill. 
Between their sheer mass
and the firepower of the
cannons grafted into their
arms, ten of them together
could mow down any army
in the world.",,aguardando tradução/revisão
hlp2.bin,103,0x36EEB,0x36EFE,,スクリーマー,Screamers,,aguardando tradução/revisão
hlp2.bin,104,0x36F2D,0x370BE,,"激しい怨念を持ちながら死んだ女性の
魂から生み出されたガイスト。
憎悪、絶望、孤独、嫉妬、これら負の
感情に狂気を織り交ぜた物を
「怨霊魂」として吐き出し
逆恨み的に罪なき人間達への復讐を
果たそうとします。
容姿だけでなく笑い声からもその歪んだ
精神性を伺う事ができる。","Geists born from
the souls of women
who died with deep
hatred in their
hearts. They spit
out concentrated
feelings of loss,
rage, jealousy, and
loneliness as
""grudge spirits,""
aiming to avenge
themselves by tormenting
innocent humans. Both
their forms and their
voices show their
unbridled madness.",,aguardando tradução/revisão
hlp2.bin,105,0x376E6,0x376F0,,怨霊魂,Grudge Spirits,,aguardando tradução/revisão
hlp2.bin,106,0x37728,0x3786A,,"スクリーマーから吐き出され
空中を飛行して人間に襲い掛かる
恐るべき怨霊の塊。
これに精神を蝕まれた者は、感情や理性
だけでなく、その姿形すらも失い
おぞましきワームマンへと変貌する
死よりも惨い最後が待ち受けている。","Screamers spit these
fearsome spirits out
into the air, sending
them to attack humans.
They latch onto their
victims' minds, corrupting
not only their thoughts
and feelings, but their
bodies as well. Victims
transform into Worm Men
(sometimes called
""caterpillars,"") a fate
worse than death.",,aguardando tradução/revisão
hlp2.bin,107,0x37E40,0x37E50,,ワームマン,Worm Men,,aguardando tradução/revisão
hlp2.bin,108,0x37E82,0x37FC3,,"スクリーマーの吐き出す怨霊魂によって
奇怪な怪物へと変貌した
人々の成れの果て。
予想が付かない不規則な動きと
顔面に空いた穴からほとばしる
火炎などからは、情けを
かけたくなるような人間の面影を
感じる事はできない。","These hideous monsters
are the end result of
a victim possessed by
a screamer's grudge spirit. 
Between their hideous,
jagged movements and
the flames pouring out of
the holes in their faces,
it is hard to believe 
these things were ever
human. Also known as
""caterpillars.""",,aguardando tradução/revisão
hlp2.bin,109,0x38575,0x38591,,ウォルナッツヘッド,Walnut Heads,,aguardando tradução/revisão
hlp2.bin,110,0x385C7,0x38820,,"極めて高い精神力と知能、そして
むき出しの脳を持つガイスト
念力で物体を飛ばして攻撃してきたり
空間に巨大な結界を作り出して
恐怖に怯える人々の逃げ道を奪う。
五感を狂わせる催眠能力を持った
個体は、他のガイストとの戦闘中は
存在を認識する事さえ出来ない。
　　　　　　　　　　　　　　　　　　　
その催眠術を破る為には
他のガイストとの戦いを終わらせ
ウォルナッツヘッドとの戦闘に
集中しなければならない。","These geists have large,
exposed brains, with
tremendous intelligence
and mental powers. They
use their minds to create
barriers, corralling their
foes, and can also hurl
objects of almost any
size. The only way to
cut through their mind
games is to focus on them
first, ignoring any other
geists around them.",,aguardando tradução/revisão
hlp2.bin,111,0x39008,0x3901E,,ドラゴンバット,Drago-Bat,,aguardando tradução/revisão
hlp2.bin,112,0x39050,0x3921A,,"コード名　「Λ」 （ラムダ）
俗称　　　「ドラゴンバット」

高空を飛行しては次々と航空機を
撃墜している全長約２５０ｍの
大型の悪魔。
マッハ５の高速飛行能力で航空機に
近づいては、無数の「目」を飛ばして
乗員とも航空機を雲の上から
奈落まで叩き落とす。
この悪魔がいる限り人類は
安息を空に求める事もできない。","Code Name: Λ Lambda
Name: Drago-Bat

Despite its 250-meter
length, this demon
can fly at Mach 5
and reach altitudes
comparable to aircraft.
It can release eye-like
parasites to chew at
planes until they fall
apart. As long as this
demon lives, humanity
will not be able to
take to the skies in
safety.",,aguardando tradução/revisão
hlp2.bin,113,0x39928,0x3994A,,トライデントサーペント,Tri-Serpent,,aguardando tradução/revisão
hlp2.bin,114,0x3997E,0x39B18,,"コード名　「Ω」 （オメガ）
俗称　　　「トライデントサーペント」
　　　　　　　　　　　　　　　　　　　　　　　　　　　
三つ又の蛇を左腕に持つ
炎を自在に操る悪魔。
魔法による攻撃を無効化する結界で
身を守っている為
アリシアの力はこの悪魔の前では完全に
無力となってしまう。","Code Name: Ω Omega
Name: Tri-Serpent

A towering demon with
three snakes in place of
its left arm. It can hover,
control fire, and create
an impenetrable anti-
magic field — which
makes Alicia completely
powerless against it.",,aguardando tradução/revisão
lsn.bin,1,0x17E4,,,"★ テストだよ ★
<col red>【サクリファイス】<col end>
<col yellow>【サクリファイス】<col end>
<col blue>【サクリファイス】<col end>
<col sky>【サクリファイス】<col end>",,,sem par em inglês; traduzir a partir do japonês
lsn.bin,2,0x18C1,0x1BFA,,"<col yellow>基本操作<col end>
　　　　　　　　　　　　　　　　　　　　　　　　　　　　　　　　　　　　　　　　　　　　　　　　　　　　　　　　　　　　　　　　　　　　
<col yellow>［移動］<col end>
<kico mcha>で移動。　<kico mcam>で視点の操作が可能。
<col yellow>［射撃］<col end>
<kico sht>を押すと、ガンサイトで狙った所に射撃。
<kico mcam>の押し込みで「シューティングビュー」と
「アクションビュー」の切り替えを行う。
<col yellow>［魔法詠唱］<col end>
<kico mgc>を押すと魔法詠唱リングを表示し
続けて押すと、階層を切り替える。
<ico key_a>、<ico key_b>、<ico key_x>の中で魔法に対応する
ボタンを押すと魔法が発動。","<col yellow>Ｂａｓｉｃ Ｃｏｎｔｒｏｌｓ<col end>

<col yellow>[Ｍｏｖｅ]<col end>
Ｍｏｖｅ ｕｓｉｎｇ <kico mcha>. Ｕｓｅ <kico mcam> ｔｏ
ａｄｊｕｓｔ ｔｈｅ ｖｉｅｗｐｏｉｎｔ．
<col yellow>[Ｓｈｏｏｔ]<col end>
Ｐｕｌｌ <kico sht> ｔｏ ｓｈｏｏｔ．
Ｃｌｉｃｋ <kico mcam> ｔｏ ｓｗｉｔｃｈ
ｂｅｔｗｅｅｎ ｖｉｅｗｓ．
<col yellow>[Ｍａｇｉｃ]<col end>
Ｐｒｅｓｓｉｎｇ <ico key_lb> (ｏｒ <ico key_rb>) ｄｉｓｐｌａｙｓ
ｔｈｅ ｍａｇｉｃ ｒｉｎｇ． Ｐｒｅｓｓ
ａｇａｉｎ ｆｏｒ ｍｏｒｅ ｌｅｖｅｌｓ．
Ｐｒｅｓｓ <ico key_a>, <ico key_b>, ｏｒ <ico key_x>
ｔｏ Ｕｓｅ ｓｐｅｌｌｓ．",,aguardando tradução/revisão
lsn.bin,3,0x2A9C,0x2CD8,,"ー西暦２０１３年
　　　　　　　　　　　　　　　　　　　　　　　　　　　　　　　　　　　　　　　　　　　　　　　　　　　　　　　
天災、戦争、疫病、そして醜悪な怪物の軍団による殺戮。
悪魔が引き起こした数々の災いにより、世界人口は
１０億以下まで減少していた。
誰もが、人類滅亡を免れない運命として受け入れた頃
巨大な銃と悪魔の力を持つ、美しい黒衣の女性の噂が
人々の間に広まりつつあった。","２０１３ Ａ.Ｄ.

Ｄｉｓａｓｔｅｒ, ｗａｒ, ｐｌａｇｕｅ,
ａｎｄ ａｎ ａｒｍｙ ｏｆ ｅｖｉｌ
ｍｏｎｓｔｅｒｓ. Ａｌｌ ｔｈｅ
ｃａｔａｓｔｒｏｐｈｅｓ ｗｒｏｕｇｈｔ
ｂｙ ｄｅｍｏｎｓ ｈａｖｅ ｒｅｄｕｃｅｄ
ｈｕｍａｎｉｔｙ'ｓ ｎｕｍｂｅｒｓ
ｔｏ ｕｎｄｅｒ １ ｂｉｌｌｉｏｎ.
Ｅｖｅｒｙｏｎｅ ａｓｓｕｍｅｓ ｔｈａｔ
ｔｈｉｓ ｉｓ ｔｈｅ ｅｎｄ, ｂｕｔ
ｔｈｅｒｅ ｈａｖｅ ｂｅｅｎ ｒｕｍｏｒｓ
ｏｆ ａ ｂｌａｃｋ-ｃｌａｄ ｗｏｍａｎ
ｗｉｔｈ ａ ｈｕｇｅ ｇｕｎ ａｎｄ
ｄｅｍｏｎｉｃ ｐｏｗｅｒｓ...",,aguardando tradução/revisão
lsn.bin,4,0x3A9A,0x3CE4,,"<col yellow>魔法詠唱<col end>
                                                         
<col yellow>［魔法詠唱方法］<col end>
<kico mgc>を押すと魔法リングが表示。
リングは3階層あり、<kico mgc>を続けて押すと階層が
切り替わり、各階層で魔法に対応するボタンを押すと
その魔法が発動する。
<col yellow>［魔力］<col end>
魔力（MP）は時間と共に最大値までは回復し
ＭＰゲージの上限は敵を倒すことで増加する。
強力な魔法の詠唱には多くの生贄が必要となる。","<col yellow>Ｍａｇｉｃ<col end>

<col yellow>[Ｕｓｉｎｇ Ｍａｇｉｃ]<col end>
Ｐｒｅｓｓ <ico key_lb> (ｏｒ <ico key_rb>)  ｔｏ ｄｉｓｐｌａｙ ｔｈｅ
ｍａｇｉｃ ｒｉｎｇ. Ｔｈｅｒｅ ａｒｅ
３ ｒｉｎｇ ｌｅｖｅｌｓ. Ｐｒｅｓｓ <ico key_lb> (ｏｒ <ico key_rb>)
ｔｏ ｍｏｖｅ ｂｅｔｗｅｅｎ ｔｈｅｍ.
Ｐｒｅｓｓ ｔｈｅ ｍａｔｃｈｉｎｇ
ｂｕｔｔｏｎ ｔｏ ｕｓｅ ａ ｓｐｅｌｌ.
<col yellow>[Ｍａｇｉｃ Ｐｏｗｅｒ]<col end>
Ｍａｇｉｃ Ｐｏｗｅｒ (ＭＰ)
ｒｅｇｅｎｅｒａｔｅｓ ｏｖｅｒ ｔｉｍｅ.
Ｄｅｆｅａｔ ｅｎｅｍｉｅｓ ｔｏ
ｉｎｃｒｅａｓｅ ｔｈｅ ｇａｕｇｅ'ｓ
ｍａｘｉｍｕｍ ｌｉｍｉｔ.",,aguardando tradução/revisão
lsn.bin,5,0x4C68,0x4ED9,,"<col blue>魔法「Ｓａｃｒｉｆｉｃｅ」<col end>
　　　　　　　　　　　　　　　　　　　　　　　　　　　
<col yellow>[詠唱方法]<col end>
<kico mgc>を2回押した後、リング2階層目で<ico key_b>を
押すと発動可能。
<col yellow>[魔法効果]<col end>
目の前で瀕死状態の人に自らの血を分け与えて
人々を回復させる魔法。
代償としてアリシアの体力が減少します。
瀕死の人がいない場合は発動しない。
うずくまって苦しんでいる人に遭遇した場合は
詠唱して回復するといいだろう。","<col blue>Ｍａｇｉｃ: Ｓａｃｒｉｆｉｃｅ<col end>

<col yellow>[Ｈｏｗ ｔｏ Ｃａｓｔ]<col end>
Ｐｒｅｓｓ <ico key_lb> (ｏｒ <ico key_rb>) ｔｗｉｃｅ, 
ａｎｄ ｏｎ ｔｈｅ ｓｅｃｏｎｄ ｒｉｎｇ ｐｒｅｓｓ <ico key_b>
ｔｏ ａｃｔｉｖａｔｅ ｔｈｅ ｓｐｅｌｌ.
<col yellow>[Ｓｐｅｌｌ Ｅｆｆｅｃｔ]<col end>
Ａｌｌｏｗｓ ｙｏｕ ｔｏ ｈｅａｌ
ａ ｄｙｉｎｇ ｐｅｒｓｏｎ ｂｙ
ｇｉｖｉｎｇ ｔｈｅｍ ｓｏｍｅ ｏｆ
ｙｏｕｒ ｂｌｏｏｄ. Ｈｏｗｅｖｅｒ,
ｔｈｉｓ ｗｉｌｌ ａｌｓｏ ｄｒａｉｎ
Alicia's HP. The spell
ｗｏｎ'ｔ ｗｏｒｋ ｕｎｌｅｓｓ ｈｕｒｔ
ｐｅｏｐｌｅ ａｒｅ ｎｅａｒｂｙ.",,aguardando tradução/revisão
lsn.bin,6,0x5D72,0x5F9A,,"<col blue>魔法「Ａｎｃｉｅｎｔ Ｗａｌｌ」<col end>
　　　　　　　　　　　　　　　　　　　　　　　　　　　
<col yellow>[詠唱方法]<col end>
<kico mgc>を押した後に、リング1階層目で<ico key_b>を押すと
発動可能。
<col yellow>[魔法効果]<col end>
詠唱後目の前に魔法の壁が出現する。
激しい銃撃戦で身を隠したい時や
狭い道を塞いで敵の進行を少しの間
食い止めたい時に有効。
壁は一定のダメージ量と時間で消滅する。","<col blue>Ｍａｇｉｃ： Ａｎｃｉｅｎｔ Ｗａｌｌ<col end>

<col yellow>[Ｈｏｗ ｔｏ Ｃａｓｔ]<col end>
Ｐｒｅｓｓ <ico key_lb> (ｏｒ <ico key_rb>) ｏｎｃｅ
ａｎｄ ｐｒｅｓｓ <ico key_b> ｔｏ
ａｃｔｉｖａｔｅ ｔｈｅ ｓｐｅｌｌ．
<col yellow>[Ｓｐｅｌｌ Ｅｆｆｅｃｔ]<col end>
Ｃｒｅａｔｅｓ ａ ｍａｇｉｃａｌ ｗａｌｌ
ｕｓｅｆｕｌ ｆｏｒ ｈｉｄｉｎｇ ｆｒｏｍ
ｅｎｅｍｙ ｆｉｒｅ ｏｒ ｂｌｏｃｋｉｎｇ
ｎａｒｒｏｗ ｐａｓｓａｇｅｓ． Ｔｈｅ
ｗａｌｌ ｗｉｌｌ ｄｉｓａｐｐｅａｒ
Ａｆｔｅｒ ｉｔ ｔａｋｅｓ ａ
ｃｅｒｔａｉｎ ａｍｏｕｎｔ ｏｆ
ｄａｍａｇｅ．",,aguardando tradução/revisão
lsn.bin,7,0x6DE8,0x7104,,"<col blue>魔法「Ｅｌｅｍｅｎｔ Ｓｈｏｔ」 1<col end>
　　　　　　　　　　　　　　　　　　　　　　　　　　　　　　
<col yellow>[詠唱方法]<col end>
<kico mgc>を押した後、リング1階層目で<ico key_a>を押すと
発動する。
<col yellow>[魔法効果]<col end>
魔力を帯びた弾丸を発射する魔法で、効果は詠唱時に
装備しているガンロッドの種類により異なる。
効果継続は時間と残弾数によって変動する。
通常は詠唱後に<kico sht>で射撃することで効果が表れる。
<col yellow>[マシンガンフォーム装備時]<col end>
炎の属性。同じ対象に弾丸を連続ヒットでさせることで
対象を燃やして大きなダメージを与えられる。","<col blue>Ｍａｇｉｃ: Ｅｌｅｍｅｎｔ Ｓｈｏｔ １<col end>

<col yellow>[Ｈｏｗ ｔｏ Ｃａｓｔ]<col end>
Ｐｒｅｓｓ <ico key_lb> (ｏｒ <ico key_rb>)ｔｗｉｃｅ, ｔｈｅｎ
ｐｒｅｓｓ <ico key_a> ｏｎ ｔｈｅ ｓｅｃｏｎｄ　ｒｉｎｇ.
<col yellow>[Ｓｐｅｌｌ Ｅｆｆｅｃｔ]<col end>
Ｆｉｒｅ ｍａｇｉｃ ｂｕｌｌｅｔｓ ｗｉｔｈ ｖａｒｉｏｕｓ
ｅｆｆｅｃｔｓ ｂａｓｅｄ ｏｎ ｔｈｅ ｅｑｕｉｐｐｅｄ
ｇｕｎｒｏｄ. Ｄｕｒａｔｉｏｎ ｃｈａｎｇｅｓ ｂａｓｅｄ
ｕｐｏｎ ｔｉｍｅ ａｎｄ ｎｕｍｂｅｒ ｏｆ
ｂｕｌｌｅｔｓ ｒｅｍａｉｎｉｎｇ.
<col yellow>[Ｍａｃｈｉｎｅｇｕｎ Ｆｏｒｍ]<col end>
Ｆｌａｍｅ ｂｕｌｌｅｔｓ ｂｕｒｎ ｆｏｒ
ｅｘｔｒａ ｄａｍａｇｅ. ",,aguardando tradução/revisão
lsn.bin,8,0x80E8,0x8347,,"<col sky>リザルト<col end>
　　　　　　　　　　　　　　　　　　　　　
各ステージをクリアすると、そのステージのプレイ内容の
評価結果により、「スコア」と「スキルポイント」が得られる。
<col yellow>[SCORE]<col end>
そのステージの総合得点を示す。
Xbox Liveのランキングに登録することが可能。
<col yellow>[SKILL POINT]<col end>
そのステージでの総合ランクから算出されたポイント。
アビリティやガンロッド、魔法のパワーアップを
行うために使用する。","<col sky>Ｒｅｓｕｌｔｓ<col end>

ａｆｔｅｒ ｃｌｅａｒｉｎｇ ａ ｓｔａｇｅ
ｙｏｕ ｗｉｌｌ ｒｅｃｅｉｖｅ ａ
ｓｃｏｒｅ ａｎｄ ｓｋｉｌｌ ｐｏｉｎｔｓ
ａｓ ａｎ ｅｖａｌｕａｔｉｏｎ ｏｆ
ｈｏｗ ｗｅｌｌ ｙｏｕ ｐｌａｙｅｄ.
<col yellow>[Ｓｃｏｒｅ]<col end>
Ｔｈｅ ｔｏｔａｌ ｐｏｉｎｔｓ ｙｏｕ
ｅａｒｎｅｄ ｉｎ ｔｈｅ ｓｔａｇｅ.
Ｃａｎ ｂｅ ｒｅｇｉｓｔｅｒｅｄ ｏｎ
Ｘｂｏｘ Ｌｉｖｅ'ｓ ｒａｎｋｉｎｇｓ.
<col yellow>[ＳＫＩＬＬ Ｐｏｉｎｔｓ]<col end>
Ｅａｒｎｅｄ ｖｉａ ｒａｎｋ ａｎｄ
ｕｓｅｄ ｔｏ ｂｕｙ ｕｐｇｒａｄｅｓ.",,aguardando tradução/revisão
lsn.bin,9,0x91CA,0x9406,,"<col blue>魔法「Ｒｏｓｅ Ｓｐｅａｒ」<col end>
　　　　　　　　　　　　　　　　　　　　　　　　　　　　　　　　　　　　　　
<col yellow>[詠唱方法]<col end>
<kico mgc>を押した後、リング1階層目で<ico key_x>を押すと
発動する。
<col yellow>[魔法効果]<col end>
詠唱後ガンサイトの方向に向かって、地面から
銀のトゲを呼び出す「バラ」を投げる魔法。
バラの着弾地点の近くにいる敵をまとめて串刺しにし
一網打尽にする事が可能。","<col blue>Ｍａｇｉｃ： Ｒｏｓｅ Ｓｐｅａｒ<col end>

<col yellow>[Ｈｏｗ ｔｏ Ｃａｓｔ]<col end>
Ｐｒｅｓｓ <ico key_lb> (ｏｒ <ico key_rb>) ｏｎｃｅ
ａｎｄ ｐｒｅｓｓ <ico key_x> ｔｏ
ａｃｔｉｖａｔｅ ｔｈｅ ｓｐｅｌｌ．
<col yellow>[Ｓｐｅｌｌ Ｅｆｆｅｃｔ]<col end>
Ａｌｌｏｗｓ ｙｏｕ ｔｏ ｔｈｒｏｗ
ｒｏｓｅｓ ｔｈａｔ ｃａｕｓｅ ｍｅｔａｌ
ｓｐｉｋｅｓ ｔｏ ｓｈｏｏｔ ｕｐ
ｆｒｏｍ ｔｈｅ ｇｒｏｕｎｄ． Ｂｙ
ｇａｔｈｅｒｉｎｇ ｔｈｅｍ ｗｉｔｈｉｎ
ｔｈｅ ｒｏｓｅ'ｓ ｒａｄｉｕｓ， ｉｔ
ｉｓ ｐｏｓｓｉｂｌｅ ｔｏ ｓｐｅａｒ
ｌｏｔｓ ｏｆ ｅｎｅｍｉｅｓ ａｔ
ｔｈｅ ｓａｍｅ ｔｉｍｅ.",,aguardando tradução/revisão
lsn.bin,10,0xA238,0xA457,,"<col blue>大魔法「Ｔｈｕｎｄｅｒ」<col end>
　　　　　　　　　　　　　　　　　　
<col yellow>[詠唱方法]<col end>
<kico mgc>を3回押した後、リング3階層目で<ico key_a>を
押すと発動する。
<col yellow>[魔法効果]<col end>
詠唱後専用ガンサイトが出現し、狙いを定めた後に
<kico sht>を押すと強力な稲妻が狙った地点に落ちる。
大量の魔力の消費と引き換えにあらゆる敵を
一撃で葬りさる、究極の破壊力を持つ大魔法。","<col blue>Ｇｒｅａｔ Ｍａｇｉｃ： Ｌｉｇｈｔｎｉｎｇ<col end>

<col yellow>[Ｈｏｗ ｔｏ Ｃａｓｔ]<col end>
Ｐｒｅｓｓ <ico key_lb> (ｏｒ <ico key_rb>) ３ ｔｉｍｅｓ， ｔｈｅｎ
ｐｒｅｓｓ <ico key_a>.
<col yellow>[Ｓｐｅｌｌ Ｅｆｆｅｃｔ]<col end>
Ｕｓｅ ｔｈｅ ｇｕｎｓｉｇｈｔ ｔｏ
ｐｉｃｋ ａ ｔａｒｇｅｔ， ｔｈｅｎ
ｐｕｌｌ <kico sht> ｔｏ ｃａｌｌ ｄｏｗｎ ａ
ｐｏｗｅｒｆｕｌ ｌｉｇｈｔｎｉｎｇ ｂｏｌｔ
ｏｎ ｔｈａｔ ｌｏｃａｔｉｏｎ．
Ｃｏｎｓｕｍｅｓ ｌｏｔｓ ｏｆ ＭＰ，
ｃａｎ ｔａｋｅ ｏｕｔ ａｌｍｏｓｔ
ａｎｙ ｆｏｅ ｗｉｔｈ ｏｎｅ ｈｉｔ.",,aguardando tradução/revisão
lsn.bin,11,0xB249,0xB47E,,"<col blue>魔法「Ｗｉｌｌ Ｐｏｗｅｒ」<col end>
　　　　　　　　　　　　　　　　　　　　　　　
<col yellow>[詠唱方法]<col end>
<kico mgc>を2回押した後、リング2階層目で<ico key_a>を
押すと発動可能。
<col yellow>[魔法効果]<col end>
詠唱後すぐに魔力による衝撃波で、近くの物体を
正面へ吹き飛ばす魔法。
バリケードなど、ガンロッドだけでは破壊が
困難な障害物に対して、他の物体を衝突させて
効果的に破壊することが可能。","<col blue>Ｍａｇｉｃ： Ｗｉｌｌｐｏｗｅｒ<col end>

<col yellow>[Ｈｏｗ ｔｏ Ｃａｓｔ]<col end>
Ｐｒｅｓｓ <ico key_lb> (ｏｒ <ico key_rb>) ａｎｄ
ｐｒｅｓｓ <ico key_a> ｔｏ
ａｃｔｉｖａｔｅ ｔｈｅ ｓｐｅｌｌ．
<col yellow>[Ｓｐｅｌｌ Ｅｆｆｅｃｔ]<col end>
Ｕｎｌｅａｓｈｅｓ ａ ｗａｖｅ ｏｆ
ｆｏｒｃｅ ｔｈａｔ ｂｌａｓｔｓ ｂａｃｋ
ｏｂｊｅｃｔｓ ｉｎ ｆｒｏｎｔ ｏｆ
ｙｏｕ． Ｕｓｅ ｉｔ ｔｏ ｂｒｅａｋ
ｂａｒｒｉｃａｄｅｓ ａｎｄ ｏｔｈｅｒ
ｏｂｓｔａｃｌｅｓ， ａｓ ｗｅｌｌ ａｓ
ｔｏ ｓｃａｔｔｅｒ ｅｎｅｍｉｅｓ.",,aguardando tradução/revisão
lsn.bin,12,0xC19D,0xC412,,"<col sky>パワーアップ<col end>
　　　　　　　　　　　　　　　　　　　　　　　　　　　　　　
「スキルポイント」を消費して、ガンロッドや魔法、
回復速度のパワーアップが出来る。
<col yellow>[ABILITY]<col end>
アリシアのHPやMPの回復速度が上昇。
<col yellow>[GUNROD]<col end>
ガンロッドの種類の増加や、強化を実行。
新しいガンロッドの種類を取得すると、
「Ｅｌｅｍｅｎｔ Ｓｈｏｔ」の効果の種類も増える。
<col yellow>[WITCH CRAFT]<col end>
新しい魔法の会得や強化を行う。","<col sky>Ｐｏｗｅｒｉｎｇ Ｕｐ<col end>

Ｕｓｅ ＳＫＩＬＬ Ｐｏｉｎｔｓ ｔｏ
ｐｏｗｅｒ ｕｐ ｙｏｕｒ ｇｕｎｒｏｄ,
ｍａｇｉｃ ｏｒ ｒｅｃｏｖｅｒｙ ｒａｔｅ.
<col yellow>[Ａｂｉｌｉｔｙ]<col end>
Ｂｏｏｓｔｓ Ａｌｉｃｉａ'ｓ ＨＰ, ＭＰ
 ｒｅｃｏｖｅｒｙ ｒａｔｅ.
<col yellow>[Ｇｕｎｒｏｄ]<col end>
Ｕｐｇｒａｄｅ ｏｒ ｇａｉｎ ｎｅｗ
ｔｙｐｅｓ ｏｆ ｇｕｎｒｏｄｓ. Ｎｅｗ
gunrods add effects
ｆｏｒ Ｅｌｅｍｅｎｔ Ｓｈｏｔ.
<col yellow>[Ｗｉｔｃｈ Ｃｒａｆｔ]<col end>
Ｕｐｇｒａｄｅ ｏｒ ｇａｉｎ ｍａｇｉｃ.",,aguardando tradução/revisão
lsn.bin,13,0xD1FE,0xD404,,"<col blue>大魔法「Ｔｏｒｎａｄｏ」<col end>
　　　　　　　　　　　　　　　　　　　　　　　　　
<col yellow>[詠唱方法]<col end>
<kico mgc>を3回押した後、リング3階層目で<ico key_b>を
押すと発動する。
<col yellow>[魔法効果]<col end>
詠唱後前方に、全てを天高く巻き上げる巨大な竜巻を
呼び出す大魔法。
大量の魔力と引き換えにヘリや敵の大軍勢を
混乱状態に陥れ、大打撃を与える事が可能。","<col blue>Ｇｒｅａｔ Ｍａｇｉｃ：Ｔｏｒｎａｄｏ<col end>

<col yellow>[Ｈｏｗ ｔｏ Ｃａｓｔ]<col end>
Ｐｒｅｓｓ <ico key_lb> (ｏｒ <ico key_rb>) 3 ｔｉｍｅｓ, ｔｈｅｎ
ｐｒｅｓｓ <ico key_b>.
<col yellow>[Ｓｐｅｌｌ Ｅｆｆｅｃｔ]<col end>
Ｓｕｍｍｏｎｓ ａ ｇｉａｎｔ ｔｏｒｎａｄｏ
ｔｈａｔ ｂｌｏｗｓ ｅｖｅｒｙｔｈｉｎｇ
ｉｎ ｉｔｓ ｐａｔｈ ｈｉｇｈ ｉｎｔｏ
ｔｈｅ ａｉｒ. Ｕｓｅｓ ｌｏｔｓ ｏｆ
ＭＰ, ｂｕｔ ｃａｎ ｔｈｒｏｗ
ｗｈｏｌｅ ａｒｍｉｅｓ ｉｎｔｏ
ｄｉｓａｒｒａｙ ａｎｄ ｄｅａｌ
ｗｉｄｅｓｐｒｅａｄ ｄａｍａｇｅ.",,aguardando tradução/revisão
lsn.bin,14,0xE231,0xE3FA,,"<col blue>魔法「Ｒａｖｅｎｓ Ｐａｎｉｃ」<col end>
　　　　　　　　　　　　　　　　　　　　　　　　　　　　
<col yellow>[詠唱方法]<col end>
<kico mgc>を2回押した後、リング2階層目で<ico key_x>を
押すと発動する。
<col yellow>[魔法効果]<col end>
カラスの大群を呼び寄せて、敵に群がらせる魔法。
素早い敵や多くの敵を足止めさせる時などに有効。","<col blue>Ｍａｇｉｃ: Ｒａｖｅｎｓ Ｐａｎｉｃ<col end>

<col yellow>[Ｈｏｗ ｔｏ Ｃａｓｔ]<col end>
Ｐｒｅｓｓ <ico key_lb> (ｏｒ <ico key_rb>) ｔｗｉｃｅ, 
ｔｈｅｎ ｐｒｅｓｓ <ico key_x>.
<col yellow>[Ｓｐｅｌｌ Ｅｆｆｅｃｔ]<col end>
Ｓｕｍｍｏｎｓ ａ ｌａｒｇｅ ｈｏｒｄｅ
ｏｆ ｒａｖｅｎｓ ｔｏ ｓｗａｒｍ
ｏｖｅｒ ｔｈｅ ｅｎｅｍｙ.
Ｕｓｅｆｕｌ ｆｏｒ ｓｌｏｗｉｎｇ
ｄｏｗｎ ｆａｓｔ ｅｎｅｍｉｅｓ ｏｒ
ｄｉｓｒｕｐｔｉｎｇ ｌａｒｇｅ
ｇｒｏｕｐｓ ｏｆ ｆｏｅｓ.",,aguardando tradução/revisão
lsn.bin,15,0xF020,0xF306,,"<col yellow>[レジスタンス]<col end>
「逃走」より「闘争」を選んだ人々が、アメリカ陸軍の
生き残りと力を合わせ、結成した武装組織。
長引く戦いで劣勢の状況に追い詰められては
いるが、時に協力者として共に戦ってくれる。
　　　　　　　　　　　　　　　　　　　　　　　　　　　　　　
<col yellow>[マクスウェル]<col end>
戦死した前指揮官の代理として一部隊を束ねる
レジスタンスの隊長。
悪魔とガイスト兵達に猛攻をうける都市から、民衆を
避難させる作戦を行っている所でアリシアと出会った。
陽気で仲間を大切にするナイスガイである。","<col yellow>[Ｔｈｅ Ｒｅｓｉｓｔａｎｃｅ]<col end>
Ａ ｍｉｌｉｔｉａ ｍａｄｅ ｕｐ ｏｆ
ｓｕｒｖｉｖｏｒｓ ｆｒｏｍ ｔｈｅ ＵＳ
Ａｒｍｙ ａｎｄ ｔｈｏｓｅ ｗｈｏ
ｃｈｏｏｓｅ ｔｏ ｆｉｇｈｔ ｒａｔｈｅｒ
ｔｈａｎ ｆｌｅｅ.

<col yellow>[Ｍａｘｗｅｌｌ]<col end>
Ｂｅｃａｍｅ ｌｅａｄｅｒ ｏｆ ｔｈｅ
Ｒｅｓｉｓｔａｎｃｅ Ａｆｔｅｒ ｈｉｓ
ｃｏｍｍａｎｄｅｒ ｄｉｅｄ. Ａ ｎｉｃｅ
ｇｕｙ ｗｈｏ ｖａｌｕｅｓ ｈｉｓ
ｆｒｉｅｎｄｓ, ｈｅ ｍｅｔ Ａｌｉｃｉａ
ｄｕｒｉｎｇ ａ Ｍｉｓｓｉｏｎ ｔｏ
ｅｖａｃｕａｔｅ ｃｉｖｉｌｉａｎｓ.",,aguardando tradução/revisão
lsn.bin,16,0x100F9,0x10436,,"<col sky>ガイスト<col end>　　　　　　
過去に死んだ邪悪な人々の魂が悪魔の吐息に
触れる事で物質化した、醜い怪物達の総称。
人々に、恐怖と絶望と死を与える事に
何よりの喜びを感じる。
　　　　　　　　　　　　　　　　　　　　　　　　　　　　　　　
<col sky>悪魔<col end>　　　　　　　　　　　　　　　　　　　　　　　　　　　　　　　　　　　
「悪魔」は天災、戦争、疫病、飢餓、あるいは、
ガイストと呼ばれる怪物を生み出す能力などで
人類を滅亡へと導き続けている。
空を飛び人々を襲う悪魔「ドラゴンバット」や
炎を操る悪魔「トライデントサーペント」等
世界中に数百の悪魔が存在する。","<col sky>Ｇｅｉｓｔｓ<col end>
Ｓｏｕｌｓ ｏｆ ｅｖｉｌ ｈｕｍａｎｓ
ｇｉｖｅｎ ｆｏｒｍ ｂｙ ａ ｄｅｍｏｎ.
Ｔｈｅｙ ｌｏｖｅ ｔｏ ｋｉｌｌ ａｎｄ
ｔｅｒｒｉｆｙ ｈｕｍａｎｓ ｍｏｒｅ
ｔｈａｎ ａｎｙｔｈｉｎｇ ｅｌｓｅ.

<col sky>Ｄｅｍｏｎｓ<col end>
Ｔｈｅ ｓｏｕｒｃｅ ｏｆ ａｌｌ ｔｈｅ
ｄｉｓａｓｔｅｒｓ ｄｒｉｖｉｎｇ
ｈｕｍａｎｉｔｙ ｔｏｗａｒｄｓ
ｅｘｔｉｎｃｔｉｏｎ. Ｈｕｎｄｒｅｄｓ
ｏｆ ｄｉｆｆｅｒｅｎｔ ｄｅｍｏｎｓ
ｅｘｉｓｔ ｔｈｒｏｕｇｈｏｕｔ ｔｈｅ
ｗｏｒｌｄ.",,aguardando tradução/revisão
lsn.bin,17,0x1110A,0x1133A,,"<col blue>大魔法「Ｍｅｔｅｏ」<col end>
　　　　　　　　　　　　　　　　　　　　　　　　　　　
<col yellow>[詠唱方法]<col end>
<kico mgc>を3回押した後、リング3階層目で<ico key_x>を
押すと発動する。
<col yellow>[魔法効果]<col end>
詠唱後空から次々と隕石を降り注がせ、辺り一面を
火の海に変えてしまう、究極の大魔法。　
大量の魔力と引き換えに、眼前に広がる広範囲の
あらゆる物を破壊しつくし灰へと変えてしまう。","<col blue>Ｇｒｅａｔ Ｍａｇｉｃ： Ｍｅｔｅｏｒ<col end>

<col yellow>[How to Cast]<col end>
Ｐｒｅｓｓ <ico key_lb> (ｏｒ <ico key_rb>) 3 ｔｉｍｅｓ, ｔｈｅｎ
ｐｒｅｓｓ <ico key_x>.
<col yellow>[Ｓｐｅｌｌ Ｅｆｆｅｃｔ]<col end>
Ｔｈｅ ｕｌｔｉｍａｔｅ ｓｐｅｌｌ, ｉｔ
ｃａｌｌｓ ｄｏｗｎ ａ ｓｈｏｗｅｒ ｏｆ
ｍｅｔｅｏｒｓ ｔｈａｔ ｔｕｒｎｓ ｔｈｅ
ａｒｅａ ｉｎｔｏ ａ ｓｅａ ｏｆ
ｆｌａｍｅ. Ｕｓｅｓ ｌｏｔｓ ｏｆ
ＭＰ, ｂｕｔ ｈａｓ ｔｈｅ ｐｏｗｅｒ
ｔｏ ｒｅｄｕｃｅ ｅｖｅｒｙｔｈｉｎｇ
ｉｎ ｙｏｕｒ ｉｍｍｅｄｉａｔｅ
ｖｉｃｉｎｉｔｙ ｔｏ ａｓｈ.",,aguardando tradução/revisão
lsn.bin,18,0x12168,0x1252F,,"<col blue>魔法「Ｅｌｅｍｅｎｔ Ｓｈｏｔ」 2<col end>
　　　　　　　　　　　　　　　　　　　　　　　　　　　　　　　　　　　　　　　　　　　　　　　　　　　　　　　　　　　　　　　　　　
装備しているガンロッドの種類によって魔法効果が異なる。
　　　　　　　　　　　　　　　　　　　　　　　　　　　　　　　　　　　　
<col yellow>[ショットガンフォーム装備時]<col end>
風の属性。発砲と同時に周りの敵に衝撃波を
与えることが可能。
<col yellow>[キャノンフォーム装備時]<col end>
光の属性。<kico mcam>の押し込みでズームとなり
遠距離の対象や、急所に狙いを定めることが可能。
<col yellow>[ガトリングフォーム装備時]<col end>
雷の属性。発砲対象の敵とその周りの敵に
放電し、足止めをすることが可能。","<col blue>Ｍａｇｉｃ： Ｅｌｅｍｅｎｔ Ｓｈｏｔ ２<col end>

<col yellow>[Ｓｈｏｔｇｕｎ Ｆｏｒｍ]<col end>
Ｗｉｎｄ ｓｈｏｔｓ ｆｉｒｅ ａ ｗａｖｅ
ｏｆ ｆｏｒｃｅ ｋｎｏｃｋｉｎｇ ｂａｃｋ
ｆｏｅｓ ｉｎ ｔｈｅ ａｒｅａ．
<col yellow>[Ｃａｎｎｏｎ Ｆｏｒｍ]<col end>
Ｌｉｇｈｔ ｂｕｌｌｅｔｓ． Ｃｌｉｃｋ <kico mcam>
ｔｏ ｚｏｏｍ ｉｎ ａｎｄ ｓｎｉｐｅ
ｆｏｅｓ ｆｒｏｍ ａ ｄｉｓｔａｎｃｅ．
<col yellow>[Gatling Form]<col end>
Ｌｉｇｈｔｎｉｎｇ ｓｈｏｔｓ ｔｈａｔ ｃａｎ
ｓｔｕｎ ｏｔｈｅｒ ｅｎｅｍｉｅｓ
ａｒｏｕｎｄ ｔｈｅ ｔａｒｇｅｔｅｄ
ｅｎｅｍｙ ａｓ ｗｅｌｌ.",,aguardando tradução/revisão
lsn.bin,19,0x13621,,,"★ テストだよ ★
<col red>【サクリファイス】<col end>
<col yellow>【サクリファイス】<col end>
<col blue>【サクリファイス】<col end>
<col sky>【サクリファイス】<col end>",,,sem par em inglês; traduzir a partir do japonês
lsn.bin,20,0x136F9,,,"★ ﾃｽﾄだよ ★
<col red>【ｻｸﾘﾌｧｲｽ】<col end>
<col yellow>【ｻｸﾘﾌｧｲｽ】<col end>
<col blue>【ｻｸﾘﾌｧｲｽ】<col end>
<col sky>【ｻｸﾘﾌｧｲｽ】<col end>",,,sem par em inglês; traduzir a partir do japonês
lsn.bin,21,0x137D1,,,"★ ﾃｽﾄだよ ★
<col red>【ｻｸﾘﾌｧｲｽ】<col end>
<col yellow>【ｻｸﾘﾌｧｲｽ】<col end>
<col blue>【ｻｸﾘﾌｧｲｽ】<col end>
<col sky>【ｻｸﾘﾌｧｲｽ】<col end>",,,sem par em inglês; traduzir a partir do japonês
lsn.bin,22,0x138A5,,,"★ ﾃｽﾄだよ ★
<col red>【ｻｸﾘﾌｧｲｽ】<col end>
<col yellow>【ｻｸﾘﾌｧｲｽ】<col end>
<col blue>【ｻｸﾘﾌｧｲｽ】<col end>
<col sky>【ｻｸﾘﾌｧｲｽ】<col end>",,,sem par em inglês; traduzir a partir do japonês
lsn.bin,23,0x1397D,,,"★ ﾃｽﾄだよ ★
<col red>【ｻｸﾘﾌｧｲｽ】<col end>
<col yellow>【ｻｸﾘﾌｧｲｽ】<col end>
<col blue>【ｻｸﾘﾌｧｲｽ】<col end>
<col sky>【ｻｸﾘﾌｧｲｽ】<col end>",,,sem par em inglês; traduzir a partir do japonês
lsn.bin,24,0x13A55,0x13D9F,,"<col yellow>基本操作<col end>
　　　　　　　　　　　　　　　　　　　　　　　　　　　　　　　　　　　　　　　　　　　　　　　　　　　　　　　　　　　　　　　　　　　　
<col yellow>［移動］<col end>
<kico mcha>で移動。　<kico mcam>で視点の操作が可能。
<col yellow>［射撃］<col end>
<kico sht>を押すと、ガンサイトで狙った所に射撃。
<kico zom>の押し込みで「シューティングビュー」と
「アクションビュー」の切り替えを行う。
<col yellow>［魔法詠唱］<col end>
<kico mgc>を押すと魔法詠唱リングを表示。
<ico key_lrm>を押すと、階層を切り替える。
<ico key_a>、<ico key_b>、<ico key_x>の中で魔法に対応する
ボタンを押すと魔法が発動。","<col yellow>Basic Controls<col end>

<col yellow>[Move]<col end>
Move using <kico mcha>. Use <kico mcam> to
adjust the camera.
<col yellow>[Shoot]<col end>
Pull <kico sht> to shoot.
Click <kico zom> to switch
between views.
<col yellow>[Magic]<col end>
Pressing <kico mgc> displays
the magic ring. Press
again for more spells.
Press <ico key_a>, <ico key_b>, or <ico key_x>
to use spells.",,aguardando tradução/revisão
lsn.bin,25,0x145A6,0x147E9,,"ー西暦２０１３年
　　　　　　　　　　　　　　　　　　　　　　　　　　　　　　　　　　　　　　　　　　　　　　　　　　　　　　　
天災、戦争、疫病、そして醜悪な怪物の軍団による殺戮。
悪魔が引き起こした数々の災いにより、世界人口は
１０億以下まで減少していた。
誰もが、人類滅亡を免れない運命として受け入れた頃
巨大な銃と悪魔の力を持つ、美しい黒衣の女性の噂が
人々の間に広まりつつあった。","2013 A.D.

Disaster, war, plague,
and an army of evil
monsters. All the
catastrophes wrought
by demons have reduced
humanity's numbers
to under 1 billion.
Everyone assumes that
this is the end, but
there have been rumors
of a black-clad woman
with a huge gun and
demonic powers...",,aguardando tradução/revisão
lsn.bin,26,0x14DD9,0x15027,,"<col yellow>魔法詠唱<col end>
                                                         
<col yellow>［魔法詠唱方法］<col end>
<kico mgc>を押すと魔法リングが表示。
リングは3階層あり、<ico key_lrm>を押すと階層が
切り替わり、各階層で魔法に対応するボタンを押すと
その魔法が発動する。
<col yellow>［魔力］<col end>
魔力（MP）は時間と共に最大値までは回復し
ＭＰゲージの上限は敵を倒すことで増加する。
強力な魔法の詠唱には多くの生贄が必要となる。","<col yellow>Magic<col end>

<col yellow>[Using Magic]<col end>
Press <kico mgc> to display the
magic ring. There are
3 ring levels. Press <ico key_lrm>
to move between them.
Press the corresponding
button to use a spell.
<col yellow>[Magic Power]<col end>
Magic Power (MP)
regenerates over time.
Defeat enemies to
increase the gauge's
maximum limit.",,aguardando tradução/revisão
lsn.bin,27,0x1578D,0x15A1B,,"<col blue>魔法「Ｓａｃｒｉｆｉｃｅ」<col end>
　　　　　　　　　　　　　　　　　　　　　　　　　　　
<col yellow>[詠唱方法]<col end>
<kico mgc>を押した後、<ico key_lrm>を押し
リング2階層目で<ico key_b>を押すと発動可能。
<col yellow>[魔法効果]<col end>
目の前で瀕死状態の人に自らの血を分け与えて
人々を回復させる魔法。
代償としてアリシアの体力が減少します。
瀕死の人がいない場合は発動しない。
うずくまって苦しんでいる人に遭遇した場合は
詠唱して回復するといいだろう。","<col blue>Magic: Sacrifice<col end>

<col yellow>[How to Cast]<col end>
Press <kico mgc> to bring up the magic
ring, then press <ico key_lrm> to cycle
to the second ring. Press <ico key_b> to cast.
<col yellow>[Spell Effect]<col end>
Allows you to heal
a dying person by
giving them some of
your blood. However,
this will also drain
Alicia's HP. The spell
won't work unless hurt
people are nearby.",,aguardando tradução/revisão
lsn.bin,28,0x1614C,0x1637E,,"<col blue>魔法「Ａｎｃｉｅｎｔ Ｗａｌｌ」<col end>
　　　　　　　　　　　　　　　　　　　　　　　　　　　
<col yellow>[詠唱方法]<col end>
<kico mgc>を押した後に、リング1階層目で<ico key_b>を押すと
発動可能。
<col yellow>[魔法効果]<col end>
詠唱後目の前に魔法の壁が出現する。
激しい銃撃戦で身を隠したい時や
狭い道を塞いで敵の進行を少しの間
食い止めたい時に有効。
壁は一定のダメージ量と時間で消滅する。","<col blue>Magic: Ancient Wall<col end>

<col yellow>[How to Cast]<col end>
Press <kico mgc> to bring up the magic
ring, then press <ico key_b> to cast.
<col yellow>[Spell Effect]<col end>
Creates a magical wall
useful for hiding from
enemy fire or blocking
narrow passages. The
wall will disappear
after it takes a
certain amount of
damage.",,aguardando tradução/revisão
lsn.bin,29,0x16A1E,0x16D46,,"<col blue>魔法「Ｅｌｅｍｅｎｔ Ｓｈｏｔ」 1<col end>
　　　　　　　　　　　　　　　　　　　　　　　　　　　　　　
<col yellow>[詠唱方法]<col end>
<kico mgc>を押した後、リング1階層目で<ico key_a>を押すと
発動する。
<col yellow>[魔法効果]<col end>
魔力を帯びた弾丸を発射する魔法で、効果は詠唱時に
装備しているガンロッドの種類により異なる。
効果継続は時間と残弾数によって変動する。
通常は詠唱後に<kico sht>で射撃することで効果が表れる。
<col yellow>[マシンガンフォーム装備時]<col end>
炎の属性。同じ対象に弾丸を連続ヒットでさせることで
対象を燃やして大きなダメージを与えられる。","<col blue>Magic: Element Shot 1<col end>

<col yellow>[How to Cast]<col end>
Press <kico mgc> to bring up the magic
ring, then press <ico key_a> to cast.
<col yellow>[Spell Effect]<col end>
Loads your gunrod with
various types of magic
bullets, depending on the
gunrod's form at the time.
<col yellow>[Machine Gun Form]<col end>
Flame bullets burn for
extra damage.",,aguardando tradução/revisão
lsn.bin,30,0x174A8,0x17711,,"<col sky>リザルト<col end>
　　　　　　　　　　　　　　　　　　　　　
各ステージをクリアすると、そのステージのプレイ内容の
評価結果により、「スコア」と「スキルポイント」が得られる。
<col yellow>[SCORE]<col end>
そのステージの総合得点を示す。
Xbox Liveのランキングに登録することが可能。
<col yellow>[SKILL POINT]<col end>
そのステージでの総合ランクから算出されたポイント。
アビリティやガンロッド、魔法のパワーアップを
行うために使用する。","<col sky>Results<col end>

After clearing a stage,
you will receive a
certain number of skill
points depending on
how well you played.
<col yellow>[Score]<col end>
The total points you
earned in the stage.
Can be registered on
the game's leaderboards.
<col yellow>[Skill Points]<col end>
Earned at the end of
each level and used
to buy upgrades.",,aguardando tradução/revisão
lsn.bin,31,0x17D98,0x17FDD,,"<col blue>魔法「Ｒｏｓｅ Ｓｐｅａｒ」<col end>
　　　　　　　　　　　　　　　　　　　　　　　　　　　　　　　　　　　　　　
<col yellow>[詠唱方法]<col end>
<kico mgc>を押した後、リング1階層目で<ico key_x>を押すと
発動する。
<col yellow>[魔法効果]<col end>
詠唱後ガンサイトの方向に向かって、地面から
銀のトゲを呼び出す「バラ」を投げる魔法。
バラの着弾地点の近くにいる敵をまとめて串刺しにし
一網打尽にする事が可能。","<col blue>Magic: Rose Spear<col end>

<col yellow>[How to Cast]<col end>
Press <kico mgc> to bring up the magic
ring, then press <ico key_x> to cast.
<col yellow>[Spell Effect]<col end>
Throws a rose in the
direction you are facing. 
A succession of spikes
will shoot up from the
ground, impaling all enemies
within a certain radius of 
where the rose landed.",,aguardando tradução/revisão
lsn.bin,32,0x1868D,0x188CB,,"<col blue>大魔法「Ｔｈｕｎｄｅｒ」<col end>
　　　　　　　　　　　　　　　　　　
<col yellow>[詠唱方法]<col end>
<kico mgc>を押した後、<ico key_lrm>を2回押し
リング3階層目で<ico key_a>を押すと発動する。
<col yellow>[魔法効果]<col end>
詠唱後専用ガンサイトが出現し、狙いを定めた後に
<kico sht>を押すと強力な稲妻が狙った地点に落ちる。
大量の魔力の消費と引き換えにあらゆる敵を
一撃で葬りさる、究極の破壊力を持つ大魔法。","<col blue>Great Magic: Lightning<col end>

<col yellow>[How to Cast]<col end>
Press <kico mgc> to bring up the magic
ring, then press <ico key_lrm> to cycle to
the third ring. Press <ico key_a> to cast.
<col yellow>[Spell Effect]<col end>
Use the gunsight to
pick a target, then
pull <kico sht> to call down a
powerful lightning bolt
on that location.
Consumes lots of MP.
Can take out almost
any foe with one hit.",,aguardando tradução/revisão
lsn.bin,33,0x19010,0x19261,,"<col blue>魔法「Ｗｉｌｌ Ｐｏｗｅｒ」<col end>
　　　　　　　　　　　　　　　　　　　　　　　
<col yellow>[詠唱方法]<col end>
<kico mgc>を押した後、<ico key_lrm>を押し
リング2階層目で<ico key_a>を押すと発動可能。
<col yellow>[魔法効果]<col end>
詠唱後すぐに魔力による衝撃波で、近くの物体を
正面へ吹き飛ばす魔法。
バリケードなど、ガンロッドだけでは破壊が
困難な障害物に対して、他の物体を衝突させて
効果的に破壊することが可能。","<col blue>Magic: Willpower<col end>

<col yellow>[How to Cast]<col end>
Press <kico mgc> to bring up the magic
ring, then press <ico key_lrm> to cycle
to the second ring. Press <ico key_a> to cast.
<col yellow>[Spell Effect]<col end>
Unleashes a wave of
force that blasts back
objects in front of
you. Use it to break
barricades and other
obstacles, as well as
to scatter enemies.",,aguardando tradução/revisão
lsn.bin,34,0x19922,0x19BA2,,"<col sky>パワーアップ<col end>
　　　　　　　　　　　　　　　　　　　　　　　　　　　　　　
「スキルポイント」を消費して、ガンロッドや魔法、
回復速度のパワーアップが出来る。
<col yellow>[ABILITY]<col end>
アリシアのHPやMPの回復速度が上昇。
<col yellow>[GUNROD]<col end>
ガンロッドの種類の増加や、強化を実行。
新しいガンロッドの種類を取得すると、
「Ｅｌｅｍｅｎｔ Ｓｈｏｔ」の効果の種類も増える。
<col yellow>[WITCH CRAFT]<col end>
新しい魔法の会得や強化を行う。","<col sky>Powering Up<col end>

Use skill points to
power up your gunrod,
magic, or recovery rate.
<col yellow>[Ability]<col end>
Boosts Alicia's HP or MP
recovery rate.
<col yellow>[Gunrod]<col end>
Upgrade or gain new
types of gunrods. New
gunrods add effects
for Element Shot.
<col yellow>[Witch Craft]<col end>
Upgrade or gain magic.",,aguardando tradução/revisão
lsn.bin,35,0x1A23D,0x1A462,,"<col blue>大魔法「Ｔｏｒｎａｄｏ」<col end>
　　　　　　　　　　　　　　　　　　　　　　　　　
<col yellow>[詠唱方法]<col end>
<kico mgc>を押した後、<ico key_lrm>を2回押し
リング3階層目で<ico key_b>を押すと発動する。
<col yellow>[魔法効果]<col end>
詠唱後前方に、全てを天高く巻き上げる巨大な竜巻を
呼び出す大魔法。
大量の魔力と引き換えにヘリや敵の大軍勢を
混乱状態に陥れ、大打撃を与える事が可能。","<col blue>Great Magic: Tornado<col end>

<col yellow>[How to Cast]<col end>
Press <kico mgc> to bring up the magic
ring, then press <ico key_lrm> to cycle to
the third ring. Press <ico key_b> to cast.
<col yellow>[Spell Effect]<col end>
Summons a giant tornado
that blows everything
in its path high into
the air. Uses lots of
MP, but can throw
whole armies into
disarray and deal
widespread damage.",,aguardando tradução/revisão
lsn.bin,36,0x1AB93,0x1AD75,,"<col blue>魔法「Ｒａｖｅｎｓ Ｐａｎｉｃ」<col end>
　　　　　　　　　　　　　　　　　　　　　　　　　　　　
<col yellow>[詠唱方法]<col end>
<kico mgc>を押した後、<ico key_lrm>を押し
リング2階層目で<ico key_x>を押すと発動する。
<col yellow>[魔法効果]<col end>
カラスの大群を呼び寄せて、敵に群がらせる魔法。
素早い敵や多くの敵を足止めさせる時などに有効。","<col blue>Magic: Ravens Panic<col end>

<col yellow>[How to Cast]<col end>
Press <kico mgc> to bring up the magic
ring, then press <ico key_lrm> to cycle
to the second ring. Press <ico key_x> to cast.
<col yellow>[Spell Effect]<col end>
Summons a large horde
of ravens to swarm
over the enemy.
Useful for slowing
down fast enemies or
disrupting large
groups of foes.",,aguardando tradução/revisão
lsn.bin,37,0x1B3D2,0x1B6C3,,"<col yellow>[レジスタンス]<col end>
「逃走」より「闘争」を選んだ人々が、アメリカ陸軍の
生き残りと力を合わせ、結成した武装組織。
長引く戦いで劣勢の状況に追い詰められては
いるが、時に協力者として共に戦ってくれる。
　　　　　　　　　　　　　　　　　　　　　　　　　　　　　　
<col yellow>[マクスウェル]<col end>
戦死した前指揮官の代理として一部隊を束ねる
レジスタンスの隊長。
悪魔とガイスト兵達に猛攻をうける都市から、民衆を
避難させる作戦を行っている所でアリシアと出会った。
陽気で仲間を大切にするナイスガイである。","<col yellow>[The Resistance]<col end>
A militia made up of
survivors from the U.S.
Army and those who
choose to fight rather
than flee.

<col yellow>[Maxwell]<col end>
Became leader of the
Resistance after his
commander died. A good
man who values his
friends, he met Alicia
during a mission to
evacuate civilians.",,aguardando tradução/revisão
lsn.bin,38,0x1BCDF,0x1C028,,"<col sky>ガイスト<col end>　　　　　　
過去に死んだ邪悪な人々の魂が悪魔の吐息に
触れる事で物質化した、醜い怪物達の総称。
人々に、恐怖と絶望と死を与える事に
何よりの喜びを感じる。
　　　　　　　　　　　　　　　　　　　　　　　　　　　　　　　
<col sky>悪魔<col end>　　　　　　　　　　　　　　　　　　　　　　　　　　　　　　　　　　　
「悪魔」は天災、戦争、疫病、飢餓、あるいは、
ガイストと呼ばれる怪物を生み出す能力などで
人類を滅亡へと導き続けている。
空を飛び人々を襲う悪魔「ドラゴンバット」や
炎を操る悪魔「トライデントサーペント」等
世界中に数百の悪魔が存在する。","<col sky>Geists<col end>
Souls of evil humans
given form by a demon.
They love to kill and
terrify humans more
than anything else.

<col sky>Demons<col end>
The source of all the
disasters driving
humanity towards
extinction. Hundreds
of different demons
exist throughout the
world.",,aguardando tradução/revisão
lsn.bin,39,0x1C5AB,0x1C7FA,,"<col blue>大魔法「Ｍｅｔｅｏ」<col end>
　　　　　　　　　　　　　　　　　　　　　　　　　　　
<col yellow>[詠唱方法]<col end>
<kico mgc>を押した後、<ico key_lrm>を2回押し
リング3階層目で<ico key_x>を押すと発動する。
<col yellow>[魔法効果]<col end>
詠唱後空から次々と隕石を降り注がせ、辺り一面を
火の海に変えてしまう、究極の大魔法。　
大量の魔力と引き換えに、眼前に広がる広範囲の
あらゆる物を破壊しつくし灰へと変えてしまう。","<col blue>Great Magic: Meteor<col end>

<col yellow>[How to Cast]<col end>
Press <kico mgc> to bring up the magic
ring, then press <ico key_lrm> to cycle to
the third ring. Press <ico key_x> to cast.
<col yellow>[Spell Effect]<col end>
The ultimate spell, it
calls down a shower of
meteors that turns the
area into a sea of
flame. Uses lots of
MP, but has the power
to reduce everything
in your immediate
vicinity to ash.",,aguardando tradução/revisão
lsn.bin,40,0x1CF1C,0x1D2EF,,"<col blue>魔法「Ｅｌｅｍｅｎｔ Ｓｈｏｔ」 2<col end>
　　　　　　　　　　　　　　　　　　　　　　　　　　　　　　　　　　　　　　　　　　　　　　　　　　　　　　　　　　　　　　　　　　
装備しているガンロッドの種類によって魔法効果が異なる。
　　　　　　　　　　　　　　　　　　　　　　　　　　　　　　　　　　　　
<col yellow>[ショットガンフォーム装備時]<col end>
風の属性。発砲と同時に周りの敵に衝撃波を
与えることが可能。
<col yellow>[キャノンフォーム装備時]<col end>
光の属性。<kico mcam>の押し込みでズームとなり
遠距離の対象や、急所に狙いを定めることが可能。
<col yellow>[ガトリングフォーム装備時]<col end>
雷の属性。発砲対象の敵とその周りの敵に
放電し、足止めをすることが可能。","<col blue>Magic: Element Shot 2<col end>

<col yellow>[Shotgun Form]<col end>
Wind shots fire a wave
of force, knocking back
foes in the area.
<col yellow>[Cannon Form]<col end>
Light bullets. Click <kico mcam>
to zoom in and snipe
foes from a distance.
<col yellow>[Gatling Form]<col end>
Lightning shots that can
stun other enemies
around the targeted
enemy as well.",,aguardando tradução/revisão
nwp.bin,1,0x17F5,0x18B3,,"「生存者達の声!」
この状況下で多くの人が無事逃げ、生き延びたようだ。
避難した人々が感謝している「黒衣の魔女」とは救世主なのか？","”Ｔｈｅ Ｃｒｉｅｓ ｏｆ ｔｈｅ Ｓｕｒｖｉｖｏｒｓ！”
Ｓｕｒｖｉｖｏｒｓ ｃｌａｉｍ ａ ”ｗｉｔｃｈ ｉｎ
ｂｌａｃｋ” ｈａｓ ｃｏｍｅ ｔｏ ｓａｖｅ ｕｓ ａｌｌ．
　　　　　　　　　　　　　　　　　　　　　　　　",,aguardando tradução/revisão
nwp.bin,2,0x1D88,0x1E60,,"「そして誰もいなくなった…」
とてつもない力を持ちながら傷ついた民衆を見殺しにするという、
噂の魔女が通った後には敵味方問わず死体しか残らない…。","”Ｔｈｅｒｅ ｗｅｒｅ ｎｏ ｓｕｒｖｉｖｏｒｓ…”
Ｒｕｍｏｒｓ ａｂｏｕｎｄ ｏｆ ａ ｗｉｔｃｈ ｗｈｏ
ｋｉｌｌｓ ｆｒｉｅｎｄ ａｎｄ ｆｏｅ ａｌｉｋｅ…
　　　　　　　　　　　　　　　　　　　　　",,aguardando tradução/revisão
nwp.bin,3,0x2315,,,突如落雷によりガソリンスタンドが爆発炎上した。,,,sem par em inglês; traduzir a partir do japonês
nwp.bin,4,0x2367,0x2442,,"「ガソリンスタンド炎上」
市街地のガソリンスタンドが謎の爆発をした。　同地域で黒衣の女性が
車などを爆破する事件が多発しており、関係を調査中である。","”Ｔｈｅ Ｇａｓ Ｓｔａｔｉｏｎ ｉｎ Ｆｌａｍｅｓ．”
Ｒｅｐｏｒｔｓ ｉｎｄｉｃａｔｅ ａ ｗｏｍａｎ ｉｎ
ｂｌａｃｋ ｃａｕｓｅｄ ａ ｃａｒ ｔｏ ｅｘｐｌｏｄｅ．
　　　　　　　　　　　　　　　　　　　　　",,aguardando tradução/revisão
nwp.bin,5,0x2919,,,"街にはびこっていたガイスト達がカラスに襲われて、
一掃された!!",,,sem par em inglês; traduzir a partir do japonês
nwp.bin,6,0x2980,0x2A3C,,"「装甲車撃破！渋滞解消!!」
橋を占領していた装甲車が撃破された。
長い間我々を苦しめていた渋滞も、やっと解消されるというものだ。","”Ｔａｎｋｓ Ｇｏｎｅ； Ｔｒａｆｆｉｃ Ｊａｍ Ｅｎｄｓ！”
Ｔｈｅ ｉｌｌｅｇａｌｌｙ ｐａｒｋｅｄ ｔａｎｋｓ ａｒｅ
ｇｏｎｅ， ｅａｓｉｎｇ ｔｒａｆｆｉｃ ｃｏｎｇｅｓｔｉｏｎ．
　　　　　　　　　　　　　　　　　　　　　　　　　　　",,aguardando tradução/revisão
nwp.bin,7,0x2F6E,0x305B,,"「巨人倒れる」
我々の街を破壊してきた巨人軍団が何者かにより倒されていることが判明した。
あまりに巨大な死体の遺棄事件に、「迷惑極まりない」と住民は憤っている。","”Ｔｈｅ Ｇｉａｎｔｓ Ｆａｌｌ．”
Ｗｈｏ’ｓ ｇｏｉｎｇ ｔｏ ｒｅｍｏｖｅ ｔｈｅｓｅ
ｇｉａｎｔ ｃｏｒｐｓｅｓ ｆｒｏｍ ｔｈｅ ｓｔｒｅｅｔｓ？
　　　　　　　　　　　　　　　　　　　　　",,aguardando tradução/revisão
nwp.bin,8,0x3466,0x3550,,"「道路不法占拠者を排除」
化物達が道路を封鎖していた壁が破壊され、道路が我々の手に戻った。
市長はせっかく開通した道路に、化物の侵入を防ぐ壁を建設すると発表。","”Ｍｏｎｓｔｅｒｓ’ Ｂｌｏｃｋａｄｅ Ｒｅｍｏｖｅｄ．”
Ｔｈｅ ｍａｙｏｒ ｓｔａｔｅｓ ａ ｎｅｗ ｗａｌｌ ｗｉｌｌ
ｂｅ ｂｕｉｌｔ ｔｏ ｋｅｅｐ  ｍｏｎｓｔｅｒｓ ｏｕｔ．
　　　　　　　　　　　　　　　　　　　　　",,aguardando tradução/revisão
nwp.bin,9,0x3A6F,,,"街にはびこっていた化け物達がカラスに襲われ殲滅、
一掃された!!",,,sem par em inglês; traduzir a partir do japonês
nwp.bin,10,0x3AD6,,,"空港内でガラスのシャワーが降り注ぎ、
ガイストや他の人達に降り注いだ。",,,sem par em inglês; traduzir a partir do japonês
nwp.bin,11,0x3B4A,,,"人々が次々とゾンビになり、
空港内はゾンビで溢れかえった。",,,sem par em inglês; traduzir a partir do japonês
nwp.bin,12,0x3BAC,0x3C8E,,"「10000ｆｔでの勝利」
航空機を襲った化け物は瞬く間に魔女によって落とされ、人々は助かった。
あの魔女のトドメの一撃は最高だった!!　飛行機も落とされたが…。","”Ｖｉｃｔｏｒｙ ａｔ １０，０００ｆｔ．”
Ａ ｗｉｔｃｈ ｓｈｏｔ ｄｏｗｎ ｔｈｅ ｆｌｙｉｎｇ
ｍｏｎｓｔｅｒ， ａｓ ｗｅｌｌ ａｓ ｔｈｅ ｐｌａｎｅ．
　　　　　　　　　　　　　　　　　　　　　　　　",,aguardando tradução/revisão
nwp.bin,13,0x40FB,,,"突如竜巻が起こり、ガイストを巻き上げたおかげで
人々は無事逃げ延びた。",,,sem par em inglês; traduzir a partir do japonês
nwp.bin,14,0x416F,0x4227,,"「橋の崩落、九死に一生を得る!」
橋が崩落し、化け物達のしつこい追撃からは免れた！
しかし我々の退路も絶たれたのかもしれない…","”Ｎａｒｒｏｗ Ｅｓｃａｐｅ ａｓ Ｂｒｉｄｇｅ Ｆａｌｌｓ！”
Ｔｈｅ ｍｏｎｓｔｅｒｓ ｃａｎ’ｔ ｆｏｌｌｏｗ ｕｓ
ａｎｙｍｏｒｅ， ｂｕｔ ｎｏｗ ｗｅ’ｒｅ ｃｕｔ ｏｆｆ！
　　　　　　　　　　　　　　　　　　　　　　　　　　　　",,aguardando tradução/revisão
nwp.bin,15,0x4705,0x47EC,,"「作業足場崩壊」
作業足場に陣取っていた化物どもが、魔女の機転の利いた判断で一掃された。
地元住民は「一掃するのは化物だけにしてくれ」と不満を漏らしている。","”Ｗｏｒｋ Ｓｃａｆｆｏｌｄｉｎｇ Ｄｅｓｔｒｏｙｅｄ．”
Ｗｏｒｋｅｒｓ ｃｏｍｐｌａｉｎ， ”Ｐｌｅａｓｅ ｏｎｌｙ
ｄｅｓｔｒｏｙ ｔｈｅ ｍｏｎｓｔｅｒｓ ｎｅｘｔ ｔｉｍｅ！”
　　　　　　　　　　　　　　　　　　　　　　",,aguardando tradução/revisão
nwp.bin,16,0x4C8F,0x4D34,,"「呪われた村の最期」
異教徒との噂のあった村が、大きな力で破壊されたようだった。
この村で一体何が起きたのか…？","”Ｔｈｅ Ｅｎｄ ｏｆ ｔｈｅ Ｃｕｒｓｅｄ Ｖｉｌｌａｇｅ．”
Ｊｕｓｔ ｗｈａｔ ｆｏｒｃｅ ｄｅｓｔｒｏｙｅｄ ｔｈｉｓ
ｓｕｐｐｏｓｅｄ ”ｖｉｌｌａｇｅ ｏｆ ｐａｇａｎｓ”…？
　　　　　　　　　　　　　　　　　　　　　",,aguardando tradução/revisão
nwp.bin,17,0x5221,,,"レジスタンス達が戦いの最中、橋が落下。
中々スムーズに目的地にたどり着けないようだ。",,,sem par em inglês; traduzir a partir do japonês
nwp.bin,18,0x52AA,0x537F,,"「巨人、倒れる!!」
森の奥に潜んでいた巨人が最期を迎えた。
地響きが遠くまで響いていたが、トドメを指したのは
あの魔女であることは確かだろう・・・","”Ｄｏｗｎ Ｇｏｅｓ ｔｈｅ Ｇｉａｎｔ！！”
Ｍｉｎｏｒ ｔｒｅｍｏｒｓ ｔｏｄａｙ ｍａｒｋｅｄ ｔｈｅ
ｄｅａｔｈ ｏｆ ａ ｇｉａｎｔ ｉｎ ｔｈｅ ｆｏｒｅｓｔ．
　　　　　　　　　　　　　　　　　　　　　　　　",,aguardando tradução/revisão
nwp.bin,19,0x5818,0x58CC,,"「流星群の空」
降り注ぐ隕石によって、街は一層原型をとどめぬ程に崩壊した。
しかしもうあの悪魔がいないと思えば安い代償だ！","”Ｆａｌｌｉｎｇ Ｓｔａｒｓ Ｆｉｌｌ ｔｈｅ Ｓｋｙ”
Ｔｈｅ ｍｅｔｅｏｒｓ ｄｅｓｔｒｏｙｅｄ ｔｈｅ ｃｉｔｙ，
ｂｕｔ ａｔ ｌｅａｓｔ ｔｈａｔ ｄｅｍｏｎ ｉｓ ｇｏｎｅ！
　　　　　　　　　　　　　　　　　　　　",,aguardando tradução/revisão
nwp.bin,20,0x5DC3,0x5E99,,"「繋がった希望」
逃げ遅れた仲間と合流したレジスタンス達によって、戦いに終止符が打たれた。
彼らの活躍は、あの魔女に負けず劣らず最高の働きだった!","”Ｔｈｅ Ｂｏｎｄｓ ｏｆ Ｈｏｐｅ．”
Ｊｏｉｎｔ ｅｆｆｏｒｔｓ ｂｙ ｔｈｅ Ｒｅｓｉｓｔａｎｃｅ
ａｎｄ ｃｉｖｉｌｉａｎｓ ｅｎｄｅｄ ｔｈｅ ｂａｔｔｌｅ！
　　　　　　　　　　　　　　　　　　　　　　　　",,aguardando tradução/revisão
nwp.bin,21,0x6329,0x63CE,,"「大戦の終焉」
破壊の限りを尽くしていた悪魔についに打ち勝った!
美しい魔女によって、人類に希望の光が差したのだ!!","”Ｔｈｅ Ｇｒｅａｔ Ｗａｒ ｃｏｍｅｓ ｔｏ ａｎ Ｅｎｄ！”
Ｔｈｅ ｂｅａｕｔｉｆｕｌ ｗｉｔｃｈ ｓｌａｙｓ ｔｈｅ
ｄｅｍｏｎ， ｇｉｖｉｎｇ ｈｏｐｅ ｔｏ ｈｕｍａｎｉｔｙ！
　　　　　　　　　　　　　　　　　　　　　　",,aguardando tradução/revisão
nwp.bin,22,0x693E,0x69FE,,"「生存者達の声!」
この状況下で多くの人が無事逃げ、生き延びたようだ。
避難した人々が感謝している「黒衣の魔女」とは救世主なのか？","""The Cries of the Survivors""
Survivors claim a ""witch in
black"" has come to save us all.
",,aguardando tradução/revisão
nwp.bin,23,0x6BC1,0x6C9B,,"「そして誰もいなくなった…」
とてつもない力を持ちながら傷ついた民衆を見殺しにするという、
噂の魔女が通った後には敵味方問わず死体しか残らない…。","""There Were No Survivors""
Rumors abound of a witch who
kills friend and foe alike…
",,aguardando tradução/revisão
nwp.bin,24,0x6E51,,,突如落雷によりガソリンスタンドが爆発炎上した。,,,sem par em inglês; traduzir a partir do japonês
nwp.bin,25,0x6EA3,0x6F80,,"「ガソリンスタンド炎上」
市街地のガソリンスタンドが謎の爆発をした。　同地域で黒衣の女性が
車などを爆破する事件が多発しており、関係を調査中である。","""The Gas Station in Flames""
Reports indicate a woman in
black caused a huge explosion.
",,aguardando tradução/revisão
nwp.bin,26,0x7143,,,"街にはびこっていたガイスト達がカラスに襲われて、
一掃された!!",,,sem par em inglês; traduzir a partir do japonês
nwp.bin,27,0x71AB,0x7269,,"「装甲車撃破！渋滞解消!!」
橋を占領していた装甲車が撃破された。
長い間我々を苦しめていた渋滞も、やっと解消されるというものだ。","""Tanks Gone, Traffic Jam Ends""
The illegally parked tanks are
gone, easing traffic congestion.",,aguardando tradução/revisão
nwp.bin,28,0x7446,0x7535,,"「巨人倒れる」
我々の街を破壊してきた巨人軍団が何者かにより倒されていることが判明した。
あまりに巨大な死体の遺棄事件に、「迷惑極まりない」と住民は憤っている。","""The Giants Fall""
Who's going to remove these
giant corpses from the streets?
",,aguardando tradução/revisão
nwp.bin,29,0x76B0,0x779C,,"「道路不法占拠者を排除」
化物達が道路を封鎖していた壁が破壊され、道路が我々の手に戻った。
市長はせっかく開通した道路に、化物の侵入を防ぐ壁を建設すると発表。","""Monsters' Blockade Removed""
The mayor pledged to build a new
wall to keep monsters out.",,aguardando tradução/revisão
nwp.bin,30,0x796F,,,"街にはびこっていた化け物達がカラスに襲われ殲滅、
一掃された!!",,,sem par em inglês; traduzir a partir do japonês
nwp.bin,31,0x79D7,,,"空港内でガラスのシャワーが降り注ぎ、
ガイストや他の人達に降り注いだ。",,,sem par em inglês; traduzir a partir do japonês
nwp.bin,32,0x7A4C,,,"人々が次々とゾンビになり、
空港内はゾンビで溢れかえった。",,,sem par em inglês; traduzir a partir do japonês
nwp.bin,33,0x7AAF,0x7B93,,"「10000ｆｔでの勝利」
航空機を襲った化け物は瞬く間に魔女によって落とされ、人々は助かった。
あの魔女のトドメの一撃は最高だった!!　飛行機も落とされたが…。","""Victory at 10,000 Feet""
A witch shot down the flying
monster, as well as the plane.
",,aguardando tradução/revisão
nwp.bin,34,0x7D30,,,"突如竜巻が起こり、ガイストを巻き上げたおかげで
人々は無事逃げ延びた。",,,sem par em inglês; traduzir a partir do japonês
nwp.bin,35,0x7DA5,0x7E5F,,"「橋の崩落、九死に一生を得る!」
橋が崩落し、化け物達のしつこい追撃からは免れた！
しかし我々の退路も絶たれたのかもしれない…","""Narrow Escape as Bridge Falls""
The bridge collapsed, cutting
off monsters and civilians alike.",,aguardando tradução/revisão
nwp.bin,36,0x801E,0x8107,,"「作業足場崩壊」
作業足場に陣取っていた化物どもが、魔女の機転の利いた判断で一掃された。
地元住民は「一掃するのは化物だけにしてくれ」と不満を漏らしている。","""Work Scaffolding Destroyed""
Workers complain, ""Please only
destroy the monsters next time!""
",,aguardando tradução/revisão
nwp.bin,37,0x82B0,0x8357,,"「呪われた村の最期」
異教徒との噂のあった村が、大きな力で破壊されたようだった。
この村で一体何が起きたのか…？","""The End of the Cursed Village""
Just what force destroyed this
supposed ""village of pagans""…?",,aguardando tradução/revisão
nwp.bin,38,0x8523,,,"レジスタンス達が戦いの最中、橋が落下。
中々スムーズに目的地にたどり着けないようだ。",,,sem par em inglês; traduzir a partir do japonês
nwp.bin,39,0x85AD,0x8685,,"「巨人、倒れる!!」
森の奥に潜んでいた巨人が最期を迎えた。
地響きが遠くまで響いていたが、トドメを指したのは
あの魔女であることは確かだろう・・・","""Down Goes the Giant""
Minor tremors marked the death
of a giant in the forest today.",,aguardando tradução/revisão
nwp.bin,40,0x8834,0x88EA,,"「流星群の空」
降り注ぐ隕石によって、街は一層原型をとどめぬ程に崩壊した。
しかしもうあの悪魔がいないと思えば安い代償だ！","""Falling Stars Fill the Sky""
The meteors toppled the demon,
and most of the city with it.",,aguardando tradução/revisão
nwp.bin,41,0x8ABA,0x8B92,,"「繋がった希望」
逃げ遅れた仲間と合流したレジスタンス達によって、戦いに終止符が打たれた。
彼らの活躍は、あの魔女に負けず劣らず最高の働きだった!","""The Bonds of Hope""
Aided by civilians, the Resistance
fighters brought the battle to an end.",,aguardando tradução/revisão
nwp.bin,42,0x8D3B,0x8DE2,,"「大戦の終焉」
破壊の限りを尽くしていた悪魔についに打ち勝った!
美しい魔女によって、人類に希望の光が差したのだ!!","""The Great War is Over""
The beautiful witch slew the
demon, bringing peace to humanity.",,aguardando tradução/revisão
onm.bin,1,0x546E,,,予約,,,sem par em inglês; traduzir a partir do japonês
onm.bin,2,0x548A,0x54C5,,ダウンロード コンテンツ画面へ移行します,Ｇｏ ｔｏ Ｄｏｗｎｌｏａｄａｂｌｅ Ｃｏｎｔｅｎｔ,,aguardando tradução/revisão
onm.bin,3,0x561C,0x5644,,ランキング画面へ移行します,Ｇｏ ｔｏ Ｒａｎｋｉｎｇｓ,,aguardando tradução/revisão
onm.bin,4,0x570F,0x5731,,メニュー画面に戻ります,Ｒｅｔｕｒｎ ｔｏ ｔｈｅ Ｍａｉｎ Ｍｅｎｕ,,aguardando tradução/revisão
onm.bin,5,0x5879,0x58B6,,コンセプトミッションをダウンロードします,Ｄｏｗｎｌｏａｄ Ｃｏｎｃｅｐｔ Ｍｉｓｓｉｏｎ,,aguardando tradução/revisão
onm.bin,6,0x5A18,0x5A4F,,追加コスチュームをダウンロードします,Ｄｏｗｎｌｏａｄ Ｅｘｔｒａ Ｃｏｓｔｕｍｅｓ,,aguardando tradução/revisão
onm.bin,7,0x5BAC,0x5BD7,,オンラインメニューに戻ります,Ｒｅｔｕｒｎ ｔｏ ｔｈｅ Ｏｎｌｉｎｅ Ｍｅｎｕ,,aguardando tradução/revisão
onm.bin,8,0x5D0A,0x5D35,,コスチュームを変更しますか？,Ｃｈａｎｇｅ Ｃｏｓｔｕｍｅ？,,aguardando tradução/revisão
onm.bin,9,0x5E22,0x5E56,,ダウンロード可能な項目がありません,Ｎｏ ｄｏｗｎｌｏａｄａｂｌｅ ｉｔｅｍｓ ｆｏｕｎｄ．,,aguardando tradução/revisão
onm.bin,10,0x6039,0x6076,,変更可能なコスチュームがありませんでした,Ｎｏ ｃｈａｎｇｅａｂｌｅ ｃｏｓｔｕｍｅｓ ｗｅｒｅ ｆｏｕｎｄ．,,aguardando tradução/revisão
onm.bin,11,0x6DD2,0x6DFB,,コンセプトミッション ００１,Ｃｏｎｃｅｐｔ Ｍｉｓｓｉｏｎ ００１,,aguardando tradução/revisão
onm.bin,12,0x6EF5,0x6F1E,,コンセプトミッション ００２,Ｃｏｎｃｅｐｔ Ｍｉｓｓｉｏｎ ００２,,aguardando tradução/revisão
onm.bin,13,0x7018,0x7041,,コンセプトミッション ００３,Ｃｏｎｃｅｐｔ Ｍｉｓｓｉｏｎ ００３,,aguardando tradução/revisão
onm.bin,14,0x713B,0x7164,,コンセプトミッション ００４,Ｃｏｎｃｅｐｔ Ｍｉｓｓｉｏｎ ００４,,aguardando tradução/revisão
onm.bin,15,0x725E,0x7287,,コンセプトミッション ００５,Ｃｏｎｃｅｐｔ Ｍｉｓｓｉｏｎ ００５,,aguardando tradução/revisão
onm.bin,16,0x7381,0x73AA,,コンセプトミッション ００６,Ｃｏｎｃｅｐｔ Ｍｉｓｓｉｏｎ ００６,,aguardando tradução/revisão
onm.bin,17,0x74A4,0x74CD,,コンセプトミッション ００７,Ｃｏｎｃｅｐｔ Ｍｉｓｓｉｏｎ ００７,,aguardando tradução/revisão
onm.bin,18,0x75C7,0x75F0,,コンセプトミッション ００８,Ｃｏｎｃｅｐｔ Ｍｉｓｓｉｏｎ ００８,,aguardando tradução/revisão
onm.bin,19,0x76EA,0x7713,,コンセプトミッション ００９,Ｃｏｎｃｅｐｔ Ｍｉｓｓｉｏｎ ００９,,aguardando tradução/revisão
onm.bin,20,0x780D,0x7836,,コンセプトミッション ０１０,Ｃｏｎｃｅｐｔ Ｍｉｓｓｉｏｎ ０１０,,aguardando tradução/revisão
onm.bin,21,0x7930,0x7959,,コンセプトミッション ０１１,Ｃｏｎｃｅｐｔ Ｍｉｓｓｉｏｎ ０１１,,aguardando tradução/revisão
onm.bin,22,0x7A53,0x7A7C,,コンセプトミッション ０１２,Ｃｏｎｃｅｐｔ Ｍｉｓｓｉｏｎ ０１２,,aguardando tradução/revisão
onm.bin,23,0x7B76,0x7B9F,,コンセプトミッション ０１３,Ｃｏｎｃｅｐｔ Ｍｉｓｓｉｏｎ ０１３,,aguardando tradução/revisão
onm.bin,24,0x7C99,0x7CC2,,コンセプトミッション ０１４,Ｃｏｎｃｅｐｔ Ｍｉｓｓｉｏｎ ０１４,,aguardando tradução/revisão
onm.bin,25,0x7DBC,0x7DE5,,コンセプトミッション ０１５,Ｃｏｎｃｅｐｔ Ｍｉｓｓｉｏｎ ０１５,,aguardando tradução/revisão
onm.bin,26,0x7EDF,0x7F08,,コンセプトミッション ０１６,Ｃｏｎｃｅｐｔ Ｍｉｓｓｉｏｎ ０１６,,aguardando tradução/revisão
onm.bin,27,0x8002,0x802B,,コンセプトミッション ０１７,Ｃｏｎｃｅｐｔ Ｍｉｓｓｉｏｎ ０１７,,aguardando tradução/revisão
onm.bin,28,0x8125,0x814E,,コンセプトミッション ０１８,Ｃｏｎｃｅｐｔ Ｍｉｓｓｉｏｎ ０１８,,aguardando tradução/revisão
onm.bin,29,0x8248,0x8271,,コンセプトミッション ０１９,Ｃｏｎｃｅｐｔ Ｍｉｓｓｉｏｎ ０１９,,aguardando tradução/revisão
onm.bin,30,0x836B,0x8394,,コンセプトミッション ０２０,Ｃｏｎｃｅｐｔ Ｍｉｓｓｉｏｎ ０２０,,aguardando tradução/revisão
onm.bin,31,0x848E,0x84B7,,コンセプトミッション ０２１,Ｃｏｎｃｅｐｔ Ｍｉｓｓｉｏｎ ０２１,,aguardando tradução/revisão
onm.bin,32,0x85B1,0x85DA,,コンセプトミッション ０２２,Ｃｏｎｃｅｐｔ Ｍｉｓｓｉｏｎ ０２２,,aguardando tradução/revisão
onm.bin,33,0x86D4,0x86FD,,コンセプトミッション ０２３,Ｃｏｎｃｅｐｔ Ｍｉｓｓｉｏｎ ０２３,,aguardando tradução/revisão
onm.bin,34,0x87F7,0x8820,,コンセプトミッション ０２４,Ｃｏｎｃｅｐｔ Ｍｉｓｓｉｏｎ ０２４,,aguardando tradução/revisão
onm.bin,35,0x891A,0x8943,,コンセプトミッション ０２５,Ｃｏｎｃｅｐｔ Ｍｉｓｓｉｏｎ ０２５,,aguardando tradução/revisão
onm.bin,36,0x8A3D,0x8A66,,コンセプトミッション ０２６,Ｃｏｎｃｅｐｔ Ｍｉｓｓｉｏｎ ０２６,,aguardando tradução/revisão
onm.bin,37,0x8B60,0x8B89,,コンセプトミッション ０２７,Ｃｏｎｃｅｐｔ Ｍｉｓｓｉｏｎ ０２７,,aguardando tradução/revisão
onm.bin,38,0x8C83,0x8CAC,,コンセプトミッション ０２８,Ｃｏｎｃｅｐｔ Ｍｉｓｓｉｏｎ ０２８,,aguardando tradução/revisão
onm.bin,39,0x8DA6,0x8DCF,,コンセプトミッション ０２９,Ｃｏｎｃｅｐｔ Ｍｉｓｓｉｏｎ ０２９,,aguardando tradução/revisão
onm.bin,40,0x8EC9,0x8EF2,,コンセプトミッション ０３０,Ｃｏｎｃｅｐｔ Ｍｉｓｓｉｏｎ ０３０,,aguardando tradução/revisão
onm.bin,41,0x8FEC,0x9015,,コンセプトミッション ０３１,Ｃｏｎｃｅｐｔ Ｍｉｓｓｉｏｎ ０３１,,aguardando tradução/revisão
onm.bin,42,0x910F,0x9138,,コンセプトミッション ０３２,Ｃｏｎｃｅｐｔ Ｍｉｓｓｉｏｎ ０３２,,aguardando tradução/revisão
onm.bin,43,0x9232,0x925B,,コンセプトミッション ０３３,Ｃｏｎｃｅｐｔ Ｍｉｓｓｉｏｎ ０３３,,aguardando tradução/revisão
onm.bin,44,0x9355,0x937E,,コンセプトミッション ０３４,Ｃｏｎｃｅｐｔ Ｍｉｓｓｉｏｎ ０３４,,aguardando tradução/revisão
onm.bin,45,0x9478,0x94A1,,コンセプトミッション ０３５,Ｃｏｎｃｅｐｔ Ｍｉｓｓｉｏｎ ０３５,,aguardando tradução/revisão
onm.bin,46,0x959B,0x95C4,,コンセプトミッション ０３６,Ｃｏｎｃｅｐｔ Ｍｉｓｓｉｏｎ ０３６,,aguardando tradução/revisão
onm.bin,47,0x96BE,0x96E7,,コンセプトミッション ０３７,Ｃｏｎｃｅｐｔ Ｍｉｓｓｉｏｎ ０３７,,aguardando tradução/revisão
onm.bin,48,0x97E1,0x980A,,コンセプトミッション ０３８,Ｃｏｎｃｅｐｔ Ｍｉｓｓｉｏｎ ０３８,,aguardando tradução/revisão
onm.bin,49,0x9904,0x992D,,コンセプトミッション ０３９,Ｃｏｎｃｅｐｔ Ｍｉｓｓｉｏｎ ０３９,,aguardando tradução/revisão
onm.bin,50,0x9A27,0x9A50,,コンセプトミッション ０４０,Ｃｏｎｃｅｐｔ Ｍｉｓｓｉｏｎ ０４０,,aguardando tradução/revisão
onm.bin,51,0x9B4A,0x9B73,,コンセプトミッション ０４１,Ｃｏｎｃｅｐｔ Ｍｉｓｓｉｏｎ ０４１,,aguardando tradução/revisão
onm.bin,52,0x9C6D,0x9C96,,コンセプトミッション ０４２,Ｃｏｎｃｅｐｔ Ｍｉｓｓｉｏｎ ０４２,,aguardando tradução/revisão
onm.bin,53,0x9D90,0x9DB9,,コンセプトミッション ０４３,Ｃｏｎｃｅｐｔ Ｍｉｓｓｉｏｎ ０４３,,aguardando tradução/revisão
onm.bin,54,0x9EB3,0x9EDC,,コンセプトミッション ０４４,Ｃｏｎｃｅｐｔ Ｍｉｓｓｉｏｎ ０４４,,aguardando tradução/revisão
onm.bin,55,0x9FD6,0x9FFF,,コンセプトミッション ０４５,Ｃｏｎｃｅｐｔ Ｍｉｓｓｉｏｎ ０４５,,aguardando tradução/revisão
onm.bin,56,0xA0F9,0xA122,,コンセプトミッション ０４６,Ｃｏｎｃｅｐｔ Ｍｉｓｓｉｏｎ ０４６,,aguardando tradução/revisão
onm.bin,57,0xA21C,0xA245,,コンセプトミッション ０４７,Ｃｏｎｃｅｐｔ Ｍｉｓｓｉｏｎ ０４７,,aguardando tradução/revisão
onm.bin,58,0xA33F,0xA368,,コンセプトミッション ０４８,Ｃｏｎｃｅｐｔ Ｍｉｓｓｉｏｎ ０４８,,aguardando tradução/revisão
onm.bin,59,0xA462,0xA48B,,コンセプトミッション ０４９,Ｃｏｎｃｅｐｔ Ｍｉｓｓｉｏｎ ０４９,,aguardando tradução/revisão
onm.bin,60,0xA585,0xA5AE,,コンセプトミッション ０５０,Ｃｏｎｃｅｐｔ Ｍｉｓｓｉｏｎ ０５０,,aguardando tradução/revisão
onm.bin,61,0xA6A8,0xA6D1,,コンセプトミッション ０５１,Ｃｏｎｃｅｐｔ Ｍｉｓｓｉｏｎ ０５１,,aguardando tradução/revisão
onm.bin,62,0xA7CB,0xA7F4,,コンセプトミッション ０５２,Ｃｏｎｃｅｐｔ Ｍｉｓｓｉｏｎ ０５２,,aguardando tradução/revisão
onm.bin,63,0xA8EE,0xA917,,コンセプトミッション ０５３,Ｃｏｎｃｅｐｔ Ｍｉｓｓｉｏｎ ０５３,,aguardando tradução/revisão
onm.bin,64,0xAA11,0xAA3A,,コンセプトミッション ０５４,Ｃｏｎｃｅｐｔ Ｍｉｓｓｉｏｎ ０５４,,aguardando tradução/revisão
onm.bin,65,0xAB34,0xAB5D,,コンセプトミッション ０５５,Ｃｏｎｃｅｐｔ Ｍｉｓｓｉｏｎ ０５５,,aguardando tradução/revisão
onm.bin,66,0xAC57,0xAC80,,コンセプトミッション ０５６,Ｃｏｎｃｅｐｔ Ｍｉｓｓｉｏｎ ０５６,,aguardando tradução/revisão
onm.bin,67,0xAD7A,0xADA3,,コンセプトミッション ０５７,Ｃｏｎｃｅｐｔ Ｍｉｓｓｉｏｎ ０５７,,aguardando tradução/revisão
onm.bin,68,0xAE9D,0xAEC6,,コンセプトミッション ０５８,Ｃｏｎｃｅｐｔ Ｍｉｓｓｉｏｎ ０５８,,aguardando tradução/revisão
onm.bin,69,0xAFC0,0xAFE9,,コンセプトミッション ０５９,Ｃｏｎｃｅｐｔ Ｍｉｓｓｉｏｎ ０５９,,aguardando tradução/revisão
onm.bin,70,0xB0E3,0xB10C,,コンセプトミッション ０６０,Ｃｏｎｃｅｐｔ Ｍｉｓｓｉｏｎ ０６０,,aguardando tradução/revisão
onm.bin,71,0xB206,0xB22F,,コンセプトミッション ０６１,Ｃｏｎｃｅｐｔ Ｍｉｓｓｉｏｎ ０６１,,aguardando tradução/revisão
onm.bin,72,0xB329,0xB352,,コンセプトミッション ０６２,Ｃｏｎｃｅｐｔ Ｍｉｓｓｉｏｎ ０６２,,aguardando tradução/revisão
onm.bin,73,0xB44C,0xB475,,コンセプトミッション ０６３,Ｃｏｎｃｅｐｔ Ｍｉｓｓｉｏｎ ０６３,,aguardando tradução/revisão
onm.bin,74,0xB56F,0xB598,,コンセプトミッション ０６４,Ｃｏｎｃｅｐｔ Ｍｉｓｓｉｏｎ ０６４,,aguardando tradução/revisão
onm.bin,75,0xB693,,,予約,,,sem par em inglês; traduzir a partir do japonês
onm.bin,76,0xB6A6,,,予約,,,sem par em inglês; traduzir a partir do japonês
onm.bin,77,0xB6AD,,,予約,,,sem par em inglês; traduzir a partir do japonês
onm.bin,78,0xB6B4,,,予約,,,sem par em inglês; traduzir a partir do japonês
onm.bin,79,0xB6BB,,,予約,,,sem par em inglês; traduzir a partir do japonês
onm.bin,80,0xB6C2,0xB6FD,,ダウンロード コンテンツ画面へ移行します,Go to Downloadable Content,,aguardando tradução/revisão
onm.bin,81,0xB77C,0xB7A4,,ランキング画面へ移行します,Go to Leaderboards,,aguardando tradução/revisão
onm.bin,82,0xB7F4,0xB816,,メニュー画面に戻ります,Return to Main Menu,,aguardando tradução/revisão
onm.bin,83,0xB893,0xB8D0,,コンセプトミッションをダウンロードします,Download Concept Mission,,aguardando tradução/revisão
onm.bin,84,0xB951,0xB988,,追加コスチュームをダウンロードします,Download Extra Costumes,,aguardando tradução/revisão
onm.bin,85,0xBA07,0xBA32,,オンラインメニューに戻ります,Return to Online Menu,,aguardando tradução/revisão
onm.bin,86,0xBAA5,0xBAD0,,コスチュームを変更しますか？,Change Costume?,,aguardando tradução/revisão
onm.bin,87,0xBB2A,0xBB5E,,ダウンロード可能な項目がありません,No downloadable items found.,,aguardando tradução/revisão
onm.bin,88,0xBC10,0xBC4D,,変更可能なコスチュームがありませんでした,No costumes were found.,,aguardando tradução/revisão
onm.bin,89,0xC483,0xC4AC,,コンセプトミッション ００１,Concept Mission 001,,aguardando tradução/revisão
onm.bin,90,0xC509,0xC532,,コンセプトミッション ００２,Concept Mission 002,,aguardando tradução/revisão
onm.bin,91,0xC58F,0xC5B8,,コンセプトミッション ００３,Concept Mission 003,,aguardando tradução/revisão
onm.bin,92,0xC615,0xC63E,,コンセプトミッション ００４,Concept Mission 004,,aguardando tradução/revisão
onm.bin,93,0xC69B,0xC6C4,,コンセプトミッション ００５,Concept Mission 005,,aguardando tradução/revisão
onm.bin,94,0xC721,0xC74A,,コンセプトミッション ００６,Concept Mission 006,,aguardando tradução/revisão
onm.bin,95,0xC7A7,0xC7D0,,コンセプトミッション ００７,Concept Mission 007,,aguardando tradução/revisão
onm.bin,96,0xC82D,0xC856,,コンセプトミッション ００８,Concept Mission 008,,aguardando tradução/revisão
onm.bin,97,0xC8B3,0xC8DC,,コンセプトミッション ００９,Concept Mission 009,,aguardando tradução/revisão
onm.bin,98,0xC939,0xC962,,コンセプトミッション ０１０,Concept Mission 010,,aguardando tradução/revisão
onm.bin,99,0xC9BF,0xC9E8,,コンセプトミッション ０１１,Concept Mission 011,,aguardando tradução/revisão
onm.bin,100,0xCA45,0xCA6E,,コンセプトミッション ０１２,Concept Mission 012,,aguardando tradução/revisão
onm.bin,101,0xCACB,0xCAF4,,コンセプトミッション ０１３,Concept Mission 013,,aguardando tradução/revisão
onm.bin,102,0xCB51,0xCB7A,,コンセプトミッション ０１４,Concept Mission 014,,aguardando tradução/revisão
onm.bin,103,0xCBD7,0xCC00,,コンセプトミッション ０１５,Concept Mission 015,,aguardando tradução/revisão
onm.bin,104,0xCC5D,0xCC86,,コンセプトミッション ０１６,Concept Mission 016,,aguardando tradução/revisão
onm.bin,105,0xCCE3,0xCD0C,,コンセプトミッション ０１７,Concept Mission 017,,aguardando tradução/revisão
onm.bin,106,0xCD69,0xCD92,,コンセプトミッション ０１８,Concept Mission 018,,aguardando tradução/revisão
onm.bin,107,0xCDEF,0xCE18,,コンセプトミッション ０１９,Concept Mission 019,,aguardando tradução/revisão
onm.bin,108,0xCE75,0xCE9E,,コンセプトミッション ０２０,Concept Mission 020,,aguardando tradução/revisão
onm.bin,109,0xCEFB,0xCF24,,コンセプトミッション ０２１,Concept Mission 021,,aguardando tradução/revisão
onm.bin,110,0xCF81,0xCFAA,,コンセプトミッション ０２２,Concept Mission 022,,aguardando tradução/revisão
onm.bin,111,0xD007,0xD030,,コンセプトミッション ０２３,Concept Mission 023,,aguardando tradução/revisão
onm.bin,112,0xD08D,0xD0B6,,コンセプトミッション ０２４,Concept Mission 024,,aguardando tradução/revisão
onm.bin,113,0xD113,0xD13C,,コンセプトミッション ０２５,Concept Mission 025,,aguardando tradução/revisão
onm.bin,114,0xD199,0xD1C2,,コンセプトミッション ０２６,Concept Mission 026,,aguardando tradução/revisão
onm.bin,115,0xD21F,0xD248,,コンセプトミッション ０２７,Concept Mission 027,,aguardando tradução/revisão
onm.bin,116,0xD2A5,0xD2CE,,コンセプトミッション ０２８,Concept Mission 028,,aguardando tradução/revisão
onm.bin,117,0xD32B,0xD354,,コンセプトミッション ０２９,Concept Mission 029,,aguardando tradução/revisão
onm.bin,118,0xD3B1,0xD3DA,,コンセプトミッション ０３０,Concept Mission 030,,aguardando tradução/revisão
onm.bin,119,0xD437,0xD460,,コンセプトミッション ０３１,Concept Mission 031,,aguardando tradução/revisão
onm.bin,120,0xD4BD,0xD4E6,,コンセプトミッション ０３２,Concept Mission 032,,aguardando tradução/revisão
onm.bin,121,0xD543,0xD56C,,コンセプトミッション ０３３,Concept Mission 033,,aguardando tradução/revisão
onm.bin,122,0xD5C9,0xD5F2,,コンセプトミッション ０３４,Concept Mission 034,,aguardando tradução/revisão
onm.bin,123,0xD64F,0xD678,,コンセプトミッション ０３５,Concept Mission 035,,aguardando tradução/revisão
onm.bin,124,0xD6D5,0xD6FE,,コンセプトミッション ０３６,Concept Mission 036,,aguardando tradução/revisão
onm.bin,125,0xD75B,0xD784,,コンセプトミッション ０３７,Concept Mission 037,,aguardando tradução/revisão
onm.bin,126,0xD7E1,0xD80A,,コンセプトミッション ０３８,Concept Mission 038,,aguardando tradução/revisão
onm.bin,127,0xD867,0xD890,,コンセプトミッション ０３９,Concept Mission 039,,aguardando tradução/revisão
onm.bin,128,0xD8ED,0xD916,,コンセプトミッション ０４０,Concept Mission 040,,aguardando tradução/revisão
onm.bin,129,0xD973,0xD99C,,コンセプトミッション ０４１,Concept Mission 041,,aguardando tradução/revisão
onm.bin,130,0xD9F9,0xDA22,,コンセプトミッション ０４２,Concept Mission 042,,aguardando tradução/revisão
onm.bin,131,0xDA7F,0xDAA8,,コンセプトミッション ０４３,Concept Mission 043,,aguardando tradução/revisão
onm.bin,132,0xDB05,0xDB2E,,コンセプトミッション ０４４,Concept Mission 044,,aguardando tradução/revisão
onm.bin,133,0xDB8B,0xDBB4,,コンセプトミッション ０４５,Concept Mission 045,,aguardando tradução/revisão
onm.bin,134,0xDC11,0xDC3A,,コンセプトミッション ０４６,Concept Mission 046,,aguardando tradução/revisão
onm.bin,135,0xDC97,0xDCC0,,コンセプトミッション ０４７,Concept Mission 047,,aguardando tradução/revisão
onm.bin,136,0xDD1D,0xDD46,,コンセプトミッション ０４８,Concept Mission 048,,aguardando tradução/revisão
onm.bin,137,0xDDA3,0xDDCC,,コンセプトミッション ０４９,Concept Mission 049,,aguardando tradução/revisão
onm.bin,138,0xDE29,0xDE52,,コンセプトミッション ０５０,Concept Mission 050,,aguardando tradução/revisão
onm.bin,139,0xDEAF,0xDED8,,コンセプトミッション ０５１,Concept Mission 051,,aguardando tradução/revisão
onm.bin,140,0xDF35,0xDF5E,,コンセプトミッション ０５２,Concept Mission 052,,aguardando tradução/revisão
onm.bin,141,0xDFBB,0xDFE4,,コンセプトミッション ０５３,Concept Mission 053,,aguardando tradução/revisão
onm.bin,142,0xE041,0xE06A,,コンセプトミッション ０５４,Concept Mission 054,,aguardando tradução/revisão
onm.bin,143,0xE0C7,0xE0F0,,コンセプトミッション ０５５,Concept Mission 055,,aguardando tradução/revisão
onm.bin,144,0xE14D,0xE176,,コンセプトミッション ０５６,Concept Mission 056,,aguardando tradução/revisão
onm.bin,145,0xE1D3,0xE1FC,,コンセプトミッション ０５７,Concept Mission 057,,aguardando tradução/revisão
onm.bin,146,0xE259,0xE282,,コンセプトミッション ０５８,Concept Mission 058,,aguardando tradução/revisão
onm.bin,147,0xE2DF,0xE308,,コンセプトミッション ０５９,Concept Mission 059,,aguardando tradução/revisão
onm.bin,148,0xE365,0xE38E,,コンセプトミッション ０６０,Concept Mission 060,,aguardando tradução/revisão
onm.bin,149,0xE3EB,0xE414,,コンセプトミッション ０６１,Concept Mission 061,,aguardando tradução/revisão
onm.bin,150,0xE471,0xE49A,,コンセプトミッション ０６２,Concept Mission 062,,aguardando tradução/revisão
onm.bin,151,0xE4F7,0xE520,,コンセプトミッション ０６３,Concept Mission 063,,aguardando tradução/revisão
onm.bin,152,0xE57D,0xE5A6,,コンセプトミッション ０６４,Concept Mission 064,,aguardando tradução/revisão
pup.bin,1,0x2F84,0x2F94,,予約,ＨｉｔＰｏｉｎｔ Ａｂｉｌｉｔｙ,,aguardando tradução/revisão
pup.bin,2,0x366F,0x36BC,,スキルポイントを消費して、HPやMPの回復速度を上げます,Ｕｐｇｒａｄｅ ＨＰ ａｎｄ ＭＰ ｒｅｃｏｖｅｒｙ.,,aguardando tradução/revisão
pup.bin,3,0x384D,0x38A2,,スキルポイントを消費して、武器の種類増加や強化を行います,Ｕｐｇｒａｄｅ ｏｒ ｂｕｙ ｇｕｎｒｏｄ ｆｏｒｍｓ．,,aguardando tradução/revisão
pup.bin,4,0x3A1C,0x3A6B,,スキルポイントを消費して、魔法の会得や威力を上げます,Ｐｏｗｅｒ ｕｐ ｏｒ ｌｅａｒｎ ｍａｇｉｃ ｓｐｅｌｌｓ．,,aguardando tradução/revisão
pup.bin,5,0x3BF6,0x3C1B,,パワーアップを終了します,Ｅｘｉｔ Ｐｏｗｅｒ Ｕｐ,,aguardando tradução/revisão
pup.bin,6,0x3D17,0x3D54,,スキルポイントの割り振りを実行しますか？,Ｕｓｅ ｓｋｉｌｌ ｐｏｉｎｔｓ？,,aguardando tradução/revisão
pup.bin,7,0x3EAD,0x3EF9,,トータルスキルポイントが足りないので実行できません,Ｙｏｕ ｎｅｅｄ ｍｏｒｅ ｓｋｉｌｌ ｐｏｉｎｔｓ ｔｏ ｐｏｗｅｒ ｕｐ ｔｈｉｓ.,,aguardando tradução/revisão
pup.bin,8,0x4167,0x4195,,ＨＰの回復速度がアップします。,"Ｉｎｃｒｅａｓｅ ＨＰ
ｒｅｇｅｎｅｒａｔｉｏｎ
ｒａｔｅ．",,aguardando tradução/revisão
pup.bin,9,0x437F,0x43AD,,ＭＰの回復速度がアップします。,"Ｉｎｃｒｅａｓｅ ＭＰ
ｒｅｇｅｎｅｒａｔｉｏｎ
ｒａｔｅ．",,aguardando tradução/revisão
pup.bin,10,0x4599,0x45F9,,"マシンガンフォームの威力を
アップします。
攻撃力がアップします。","Ｕｐｓ
Ｍａｃｈｉｎｅ ｇｕｎ Ｆｏｒｍ
ａｔｔａｃｋ ｐｏｗｅｒ.",,aguardando tradução/revisão
pup.bin,11,0x4857,0x48ED,,"ショットガンフォーム
至近距離での攻撃力が高く
機動性に優れたガンロッドです。
魔法「ElementShot」：風属性","Ｓｈｏｔｇｕｎ Ｆｏｒｍ
Ｄｏｅｓ ｈｉｇｈ ｄａｍａｇｅ
ａｔ ｃｌｏｓｅ ｒａｎｇｅ．
Ｅｌｅｍｅｎｔ： Ｗｉｎｄ",,aguardando tradução/revisão
pup.bin,12,0x4BA4,0x4C25,,"キャノンフォーム
遠距離攻撃と精密射撃が得意な
ガンロッドです。
魔法「ElementShot」：光属性","Ｃａｎｎｏｎ Ｆｏｒｍ
Ｇｏｏｄ ｆｏｒ ｐｒｅｃｉｓｉｏｎ
ｓｎｉｐｉｎｇ ａｔｔａｃｋｓ．
Ｅｌｅｍｅｎｔ： Ｌｉｇｈｔ",,aguardando tradução/revisão
pup.bin,13,0x4F19,0x4FAC,,"ガトリングフォーム
圧倒的な連射性と広範囲への
攻撃に適したガンロッドです。
魔法「ElementShot」：雷属性","Ｇａｔｌｉｎｇ Ｆｏｒｍ
Ｇｏｏｄ ｆｏｒ ｇｅｎｅｒａｌ
ｓｕｐｐｒｅｓｓｉｖｅ ｆｉｒｅ．
Ｅｌｅｍｅｎｔ：Ｔｈｕｎｄｅｒ",,aguardando tradução/revisão
pup.bin,14,0x52C1,0x5330,,"連射性、攻撃力共に標準的で
使い易いガンロッドです。
攻撃力がアップします。","Ａｎ ｅａｓｙ ｔｏ ｕｓｅ，
ｒａｐｉｄ ｆｉｒｅ ｇｕｎｒｏｄ．
Ｕｐｓ ａｔｔａｃｋ ｐｏｗｅｒ．",,aguardando tradução/revisão
pup.bin,15,0x55DB,0x561F,,"ショットガンフォームの攻撃力が
アップします。","Ｕｐｓ
Ｓｈｏｔｇｕｎ Ｆｏｒｍ
ａｔｔａｃｋ ｐｏｗｅｒ．",,aguardando tradução/revisão
pup.bin,16,0x5804,0x5842,,"キャノンフォームの攻撃力が
アップします。","Ｕｐｓ
Ｃａｎｎｏｎ Ｆｏｒｍ
ａｔｔａｃｋ ｐｏｗｅｒ．",,aguardando tradução/revisão
pup.bin,17,0x5A1C,0x5A5D,,"ガトリングフォームの攻撃力が
アップします。","Ｕｐｓ
Ｇａｔｌｉｎｇ Ｆｏｒｍ
ａｔｔａｃｋ ｐｏｗｅｒ．",,aguardando tradução/revisão
pup.bin,18,0x5C52,0x5CFB,,"ガンロッドに魔法属性を与え
特殊な弾丸を発射する魔法です。
持続時間が増加し、属性ごとの
効果がパワーアップします。","Ａｄｄｓ ｅｌｅｍｅｎｔａｌ
ｅｆｆｅｃｔｓ．
Ｕｐｓ ｄｕｒａｔｉｏｎ ａｎｄ
ｅｆｆｅｃｔ ｐｏｗｅｒ．",,aguardando tradução/revisão
pup.bin,19,0x6003,0x6059,,"物理攻撃を防ぐ壁を作る魔法です。
壁の耐久力が上昇します。","Ｍａｋｅｓ ｗａｌｌｓ ｆｏｒ
ｂｌｏｃｋｉｎｇ ａｔｔａｃｋｓ．
Ｕｐｓ ｄｕｒａｂｉｌｉｔｙ
ｏｆ ｔｈｅ ｗａｌｌ．",,aguardando tradução/revisão
pup.bin,20,0x636A,0x63C0,,"敵をまとめて串刺しにする魔法です。
攻撃範囲が拡大します。","Ｉｍｐａｌｅｓ ｇｒｏｕｐｓ ｏｆ
ｅｎｅｍｉｅｓ．
Ｕｐｓ ｔｈｅ ａｔｔａｃｋ
ｒａｄｉｕｓ．",,aguardando tradução/revisão
pup.bin,21,0x668D,0x66EF,,"周囲の物を吹き飛ばす魔法です。
吹き飛ばす力がより強力になります。","Ｋｎｏｃｋｓ ｂａｃｋ
ｏｂｊｅｃｔｓ．
Ｕｐｓ ｔｈｅ ｆｏｒｃｅ
ｏｆ ｔｈｅ ｗａｖｅ．",,aguardando tradução/revisão
pup.bin,22,0x6960,0x69CF,,"瀕死の人を回復する魔法です。
より広範囲の民衆を治療できる
ようになります。","Ｈｅａｌｓ ｉｎｊｕｒｅｄ
ｃｉｖｉｌｉａｎｓ．
Ｕｐｓ ｒａｄｉｕｓ ｏｆ
ｈｅａｌｉｎｇ ｅｆｆｅｃｔ．",,aguardando tradução/revisão
pup.bin,23,0x6CC6,0x6D6C,,"カラスで敵を混乱させて足止めを
する魔法です。
カラスが増加し、足止めできる敵が
増え、より戦闘が優位になります。","Ｓｔｏｐｓ ｅｎｅｍｉｅｓ ｗｉｔｈ
ａ ｓｗａｒｍ ｏｆ ｒａｖｅｎｓ．
Ｕｐｓ ｓｔｏｐｐｅｄ ｆｏｅｓ
ａｎｄ ａｄｄｓ ｒａｖｅｎｓ．",,aguardando tradução/revisão
pup.bin,24,0x70E4,0x7173,,"ゲームのプレイデータがない場合、魔法はオープンになりません
ゲームを開始してから選択してください","Ｍａｇｉｃ ｗｉｌｌ ｎｏｔ ｂｅ
ｏｐｅｎｅｄ ｗｉｔｈｏｕｔ
ｐｌａｙ ｄａｔａ．",,aguardando tradução/revisão
pup.bin,25,0x73BA,0x741F,,"既に最大レベルに達しています
これ以上レベルを上げることはできません","Ｙｏｕ ａｒｅ ａｌｒｅａｄｙ ａｔｔｈｅ ｍａｘｉｍｕｍ ｌｅｖｅｌ．
Ｙｏｕ ｃａｎｎｏｔ ｌｅｖｅｌｕｐ ａｎｙ ｈｉｇｈｅｒ．
                                                         ",,aguardando tradução/revisão
pup.bin,26,0x782C,0x7846,,次のレベルまで ：,Ｕｎｔｉｌ ｎｅｘｔ ｌｅｖｅｌ：,,aguardando tradução/revisão
pup.bin,27,0x79A4,0x7A4B,,"魔法「Ｅｌｅｍｅｎｔ Ｓｈｏｔ」が詠唱可能に
なります。
ガンロッドに魔法属性を与え
特殊な弾丸を発射する魔法です。","Ｅｌｅｍｅｎｔ Ｓｈｏｔ ｃａｎ
ｎｏｗ ｂｅ ｕｓｅｄ． Ｉｔ
ａｄｄｓ ｅｌｅｍｅｎｔａｌ
ｐｏｗｅｒｓ ｔｏ ｇｕｎｒｏｄｓ．",,aguardando tradução/revisão
pup.bin,28,0x7D64,0x7E0E,,"魔法「Ａｎｃｉｅｎｔ Ｗａｌｌ」が詠唱可能に
なります
物理攻撃を防ぐ魔法の壁を作り出し
激しい銃撃戦の時に有効です。","Ａｎｃｉｅｎｔ Ｗａｌｌ ｃａｎ
ｎｏｗ ｂｅ ｕｓｅｄ． 
Ｃｒｅａｔｅｓ ａ ｗａｌｌ ｆｏｒ
ｂｌｏｃｋｉｎｇ ａｔｔａｃｋｓ．",,aguardando tradução/revisão
pup.bin,29,0x8120,0x81C7,,"魔法「Ｒｏｓｅ Ｓｐｅａｒ」が詠唱可能に
なります。
敵をバラのトゲで串刺しにします。
密集した敵の集団に有効です。","Ｒｏｓｅ Ｓｐｅａｒ ｃａｎ ｎｏｗ
ｂｅ ｕｓｅｄ． Ｓｐｅａｒｓ
ｇｒｏｕｐｓ ｏｆ ｅｎｅｍｉｅｓ
ｏｎ ｍｅｔａｌ ｓｐｉｋｅｓ．",,aguardando tradução/revisão
pup.bin,30,0x8506,0x85AA,,"魔法「Ｗｉｌｌ Ｐｏｗｅｒ」が詠唱可能に
なります。
魔力で近くの物体を吹き飛ばし
他の物にぶつけて破壊できます。","Ｗｉｌｌｐｏｗｅｒ ｃａｎ ｎｏｗ
ｂｅ ｕｓｅｄ． Ｐｕｓｈｅｓ
ｎｅａｒｂｙ ｏｂｊｅｃｔｓ
ｂａｃｋ．",,aguardando tradução/revisão
pup.bin,31,0x8882,0x890A,,"魔法「Ｓａｃｒｉｆｉｃｅ」が詠唱可能に
なります。
傷で瀕死となった人々を回復する
魔法です。","Ｓａｃｒｉｆｉｃｅ ｃａｎ ｎｏｗ
ｂｅ ｕｓｅｄ． Ｈｅａｌｓ
ｉｎｊｕｒｅｄ ｐｅｏｐｌｅ
ｎｅａｒｂｙ．",,aguardando tradução/revisão
pup.bin,32,0x8BD8,0x8C88,,"魔法「Ｒａｖｅｎｓ Ｐａｎｉｃ」が詠唱可能
になります。
カラスの大群を呼び出して、敵を
混乱させて足止めをする魔法です。","Ｒａｖｅｎｓ Ｐａｎｉｃ ｃａｎ
ｎｏｗ ｂｅ ｕｓｅｄ． Ｃａｌｌｓ
ａ ｈｏｒｄｅ ｏｆ ｒａｖｅｎｓ
ｔｏ ｓｌｏｗ ｄｏｗｎ ｆｏｅｓ．",,aguardando tradução/revisão
pup.bin,33,0x9074,,,予約,,,sem par em inglês; traduzir a partir do japonês
pup.bin,34,0x907B,0x9082,,予約,ＨｉｔＰｏｉｎｔ Ａｂｉｌｉｔｙ,,aguardando tradução/revisão
pup.bin,35,0x94A1,0x94EE,,スキルポイントを消費して、HPやMPの回復速度を上げます,Upgrade HP and MP recovery.,,aguardando tradução/revisão
pup.bin,36,0x958D,0x95E2,,スキルポイントを消費して、武器の種類増加や強化を行います,Upgrade or buy gunrod forms.,,aguardando tradução/revisão
pup.bin,37,0x9672,0x96C1,,スキルポイントを消費して、魔法の会得や威力を上げます,Learn or enhance magic spells.,,aguardando tradução/revisão
pup.bin,38,0x9754,0x9779,,パワーアップを終了します,Exit Power Up menu.,,aguardando tradução/revisão
pup.bin,39,0x97DC,0x9819,,スキルポイントの割り振りを実行しますか？,Use skill points?,,aguardando tradução/revisão
pup.bin,40,0x989B,0x98E7,,トータルスキルポイントが足りないので実行できません,You need more skill points for this.,,aguardando tradução/revisão
pup.bin,41,0x99CE,0x99FC,,ＨＰの回復速度がアップします。,"Increase HP
regeneration
rate.",,aguardando tradução/revisão
pup.bin,42,0x9ABF,0x9AED,,ＭＰの回復速度がアップします。,"Increase MP
regeneration
rate.",,aguardando tradução/revisão
pup.bin,43,0x9BB0,0x9C12,,"マシンガンフォームの威力を
アップします。
攻撃力がアップします。","Raises
Machine Gun Form
attack power.",,aguardando tradução/revisão
pup.bin,44,0x9D02,0x9D9B,,"ショットガンフォーム
至近距離での攻撃力が高く
機動性に優れたガンロッドです。
魔法「ElementShot」：風属性","Shotgun Form
Does high damage
at close range.
Element: Wind",,aguardando tradução/revisão
pup.bin,45,0x9EAA,0x9F2E,,"キャノンフォーム
遠距離攻撃と精密射撃が得意な
ガンロッドです。
魔法「ElementShot」：光属性","Cannon Form
Good for precise
long-range shots.
Element: Light",,aguardando tradução/revisão
pup.bin,46,0xA052,0xA0E8,,"ガトリングフォーム
圧倒的な連射性と広範囲への
攻撃に適したガンロッドです。
魔法「ElementShot」：雷属性","Gatling Form
Good for general
suppressive fire.
Element:Lightning",,aguardando tradução/revisão
pup.bin,47,0xA21D,0xA28E,,"連射性、攻撃力共に標準的で
使い易いガンロッドです。
攻撃力がアップします。","An easy-to-use,
rapid-fire gunrod.
Ups attack power.",,aguardando tradução/revisão
pup.bin,48,0xA3A2,0xA3E7,,"ショットガンフォームの攻撃力が
アップします。","Ups
Shotgun Form
attack power.",,aguardando tradução/revisão
pup.bin,49,0xA4A5,0xA4E4,,"キャノンフォームの攻撃力が
アップします。","Ups
Cannon Form
attack power.",,aguardando tradução/revisão
pup.bin,50,0xA59F,0xA5E1,,"ガトリングフォームの攻撃力が
アップします。","Ups
Gatling Form
attack power.",,aguardando tradução/revisão
pup.bin,51,0xA6A5,0xA751,,"ガンロッドに魔法属性を与え
特殊な弾丸を発射する魔法です。
持続時間が増加し、属性ごとの
効果がパワーアップします。","Loads magical
bullets. Power up
to boost and
extend the effect.",,aguardando tradução/revisão
pup.bin,52,0xA884,0xA8DB,,"物理攻撃を防ぐ壁を作る魔法です。
壁の耐久力が上昇します。","Makes walls for
blocking attacks.
Power up for
stronger walls.",,aguardando tradução/revisão
pup.bin,53,0xAA12,0xAA69,,"敵をまとめて串刺しにする魔法です。
攻撃範囲が拡大します。","Impales groups of
enemies. Power
up to widen
the attack radius.",,aguardando tradução/revisão
pup.bin,54,0xAB8F,0xABF2,,"周囲の物を吹き飛ばす魔法です。
吹き飛ばす力がより強力になります。","Knocks objects
back. Power up
for a stronger
wave.",,aguardando tradução/revisão
pup.bin,55,0xACEF,0xAD60,,"瀕死の人を回復する魔法です。
より広範囲の民衆を治療できる
ようになります。","Heals injured
civilians.
Power up to
increase range.",,aguardando tradução/revisão
pup.bin,56,0xAE89,0xAF32,,"カラスで敵を混乱させて足止めを
する魔法です。
カラスが増加し、足止めできる敵が
増え、より戦闘が優位になります。","Stops enemies with
a swarm of ravens.
Power up for more
ravens.",,aguardando tradução/revisão
pup.bin,57,0xB088,0xB118,,"ゲームのプレイデータがない場合、魔法はオープンになりません
ゲームを開始してから選択してください","Magic will not be
opened without
play data.",,aguardando tradução/revisão
pup.bin,58,0xB1FF,0xB265,,"既に最大レベルに達しています
これ以上レベルを上げることはできません","You are already at the maximum level.
You cannot level up any higher.
",,aguardando tradução/revisão
pup.bin,59,0xB44B,0xB465,,次のレベルまで ：,To next level:,,aguardando tradução/revisão
pup.bin,60,0xB4EF,0xB599,,"魔法「Ｅｌｅｍｅｎｔ Ｓｈｏｔ」が詠唱可能に
なります。
ガンロッドに魔法属性を与え
特殊な弾丸を発射する魔法です。","Element Shot can
now be used. It
adds elemental
powers to gunrods.",,aguardando tradução/revisão
pup.bin,61,0xB6D0,0xB77D,,"魔法「Ａｎｃｉｅｎｔ Ｗａｌｌ」が詠唱可能に
なります
物理攻撃を防ぐ魔法の壁を作り出し
激しい銃撃戦の時に有効です。","Ancient Wall can
now be used. It
creates a wall for
blocking attacks.",,aguardando tradução/revisão
pup.bin,62,0xB8B4,0xB95E,,"魔法「Ｒｏｓｅ Ｓｐｅａｒ」が詠唱可能に
なります。
敵をバラのトゲで串刺しにします。
密集した敵の集団に有効です。","Rose Spear can now
be used. It spears
groups of enemies
on metal spikes.",,aguardando tradução/revisão
pup.bin,63,0xBAA7,0xBB4E,,"魔法「Ｗｉｌｌ Ｐｏｗｅｒ」が詠唱可能に
なります。
魔力で近くの物体を吹き飛ばし
他の物にぶつけて破壊できます。","Willpower can now
be used. It pushes
nearby objects
back.",,aguardando tradução/revisão
pup.bin,64,0xBC70,0xBCFB,,"魔法「Ｓａｃｒｉｆｉｃｅ」が詠唱可能に
なります。
傷で瀕死となった人々を回復する
魔法です。","Sacrifice can now
be used. It heals
injured people
nearby.",,aguardando tradução/revisão
pup.bin,65,0xBE1A,0xBECD,,"魔法「Ｒａｖｅｎｓ Ｐａｎｉｃ」が詠唱可能
になります。
カラスの大群を呼び出して、敵を
混乱させて足止めをする魔法です。","Ravens Panic can
now be used. It calls
a horde of ravens
to slow down foes.",,aguardando tradução/revisão
res.bin,EN-1,,0x17F5,,,ＫＩＬＬ　ＰＯＩＮＴ,,candidato sem fonte japonesa; conferir idioma e duplicatas
res.bin,EN-2,,0x1814,,,Ｋｉｌｌ　Ｐｏｉｎｔ,,candidato sem fonte japonesa; conferir idioma e duplicatas
res.bin,EN-3,,0x1833,,,Ｋｉｌｌ Ｐｏｉｎｔｓ,,candidato sem fonte japonesa; conferir idioma e duplicatas
res.bin,EN-4,,0x1E95,,,EASY,,candidato sem fonte japonesa; conferir idioma e duplicatas
res.bin,EN-5,,0x1E9A,,,Ｅａｓｙ,,candidato sem fonte japonesa; conferir idioma e duplicatas
res.bin,EN-6,,0x20B2,,,ＫＩＬＬ　ＰＯＩＮＴ,,candidato sem fonte japonesa; conferir idioma e duplicatas
res.bin,EN-7,,0x20D1,,,Kill Points,,candidato sem fonte japonesa; conferir idioma e duplicatas
res.bin,EN-8,,0x23A3,,,EASY,,candidato sem fonte japonesa; conferir idioma e duplicatas
res.bin,EN-9,,0x23A8,,,Easy,,candidato sem fonte japonesa; conferir idioma e duplicatas
rtevent.bin,1,0x1EA83,0x1EAE2,VO_DRK_EVENT_ST1_01,本体は、あの都市にいるようだな,"It appears the main body is in that city.
",O núcleo parece estar naquela cidade.,já traduzido
rtevent.bin,2,0x1EBDA,0x1EC42,VO_DRK_EVENT_ST4_00_A,"つくづく、騒ぐのが好きな連中よ
もてなす側も大忙しだ","They truly do enjoy stirring up trouble.
Their hosts have their hands full.",,aguardando tradução/revisão
rtevent.bin,3,0x1EDDC,0x1EE4A,VO_DRK_EVENT_FIRSTBATTLE,"久々の生贄だがこんな汚い魂ではな
魔力の足しにもならん","It's been awhile since I've had a sacrifice... Unfortunately,
a tainted soul like this won't even fill up my spell power.",,aguardando tradução/revisão
rtevent.bin,4,0x1F079,0x1F0DF,VO_DRK_EVENT_MAGIC_BUTTERFLY,"うっとうしい連中よ
虫をまいてかく乱させてやれ",What a bunch of pests. Go and squash them like the bugs they are.,,aguardando tradução/revisão
rtevent.bin,5,0x1F21A,0x1F268,VO_DRK_EVENT_MAGIC_MYST,危険な状況だ、　霧となり回避しろ,It's too dangerous here. Turn into mist to avoid them.,,aguardando tradução/revisão
rtevent.bin,6,0x1F3A9,0x1F409,VO_DRK_EVENT_FIRST_KEKKAI,"あの結界はこいつが作ったようだな
こざかしい","He must be the one who made that shield.
How pathetic.",,aguardando tradução/revisão
rtevent.bin,7,0x1F523,0x1F57F,VO_DRK_EVENT_FIRST_KEKKAIOFF,結界が解けたようだ。　先へ進むとしよう,"It looks like the shield is down.
Let's keep moving.",,aguardando tradução/revisão
rtevent.bin,8,0x1F651,0x1F68E,VO_DRK_EVENT_AFTER_MAGIC,ふふっ、愚かな奴らだ,"Heh heh, fools.",,aguardando tradução/revisão
rtevent.bin,9,0x1F6DF,0x1F767,VO_DRK_EVENT_MAGIC_THUNDER,"並みの攻撃では、らちが明きそうも無いな
ならば、ここは稲妻をつかえい！","Ordinary attacks won't do us any good here.
Time to call down the thunder!",,aguardando tradução/revisão
rtevent.bin,10,0x1F8EC,0x1F97C,VO_DRK_EVENT_MAGIC_RAVENS,"カラスを呼べるようにしてやる！
数には数なりの戦いがある事を見せつけてやろう","I've made it so you can summon the ravens!
Let's show them that we can fight numbers with numbers.",,aguardando tradução/revisão
rtevent.bin,11,0x1FB69,0x1FBC5,VO_DRK_EVENT_ST1_00,憩いの場が、いまや死体専用とは哀れな光景だな,"What a sad sight.
The only ones
who have any place to rest nowadays are the dead.",,aguardando tradução/revisão
rtevent.bin,12,0x1FD81,0x1FDFC,VO_DRK_EVENT_ST1_02,"あの都市に渡る唯一の道がこの橋のようだ
一筋縄では通れなさそうだな","This bridge seems to be the only road into the city.
It probably won't be easy to cross.",,aguardando tradução/revisão
rtevent.bin,13,0x1FFB3,0x2001F,VO_DRK_EVENT_FIRTS_SEA,"この海は猛毒で満たされているぞ！
間違っても落ちるなよ","The ocean here is filled with deadly toxins.
Make sure that you don't fall in!",,aguardando tradução/revisão
rtevent.bin,14,0x2019F,0x201F2,VO_DRK_EVENT_ST1_03,並みの攻撃では、らちが明きそうも無いな,Ordinary attacks won't do us any good here.,,aguardando tradução/revisão
rtevent.bin,15,0x202D2,0x2032B,VO_DRK_EVENT_ST1_04,大量の魔力を溜めるには、もっと生贄が必要だ,We need more sacrifices to gain more spell power.,,aguardando tradução/revisão
rtevent.bin,16,0x20456,0x20488,VO_DRK_EVENT_ST1_05,この数、厄介だな,So many... This is bad.,,aguardando tradução/revisão
rtevent.bin,17,0x20517,0x20557,VO_DRK_EVENT_ST1_06,この攻撃ではらちが明かんな,This attack isn't working.,,aguardando tradução/revisão
rtevent.bin,18,0x205EC,0x20655,VO_DRK_EVENT_ST2_02,"なんという事だ！
奴の結界には我々の攻撃が通じないぞ！","What is this?!
Our attacks aren't piercing it's shield!",,aguardando tradução/revisão
rtevent.bin,19,0x20780,0x207F6,VO_DRK_EVENT_FIRST_TANK,"人間にとっては皮肉なものだな
自らが作った兵器で殺されるとは","How ironic that humans should be killed
using the very weapons they created.",,aguardando tradução/revisão
rtevent.bin,20,0x20988,0x209EA,VO_DRK_EVENT_FIRST_BARRICADE,あの邪魔なバリケードを粉砕する事を優先しろ,Destroy that barricade that's in the way first.,,aguardando tradução/revisão
rtevent.bin,21,0x20AD6,0x20B2E,VO_DRK_EVENT_MAGIC_ARROW,離れた距離からの攻撃には、矢が有効だぞ,Arrows are effective when attacking from a long distance.,,aguardando tradução/revisão
rtevent.bin,22,0x20C38,0x20C9E,VO_DRK_EVENT_MAGIC_ROSE,愚かな密集隊形には　薔薇の裁きを加えてやるがいい,"If they're foolish enough to come in clusters,
show them the error of their ways.",,aguardando tradução/revisão
rtevent.bin,23,0x20E60,0x20EE0,VO_DRK_EVENT_FIRTS_GIGAS,"あの巨体、近づかれればひとたまりもないな
どこかに急所があるはずだ","We don't stand a chance if that giant gets too close to us.
He's got to have a weak spot somewhere.",,aguardando tradução/revisão
rtevent.bin,24,0x210CD,0x210F2,VO_DRK_EVENT_PRAISE_A,お見事,Nicely done...,,aguardando tradução/revisão
rtevent.bin,25,0x21139,0x21176,VO_DRK_EVENT_PRAISE_B,おまえにしては上出来だ,"That was pretty good, even for you.",,aguardando tradução/revisão
rtevent.bin,26,0x2122B,0x212B6,VO_DRK_EVENT_FIRST_RESISTANCE,"ほう、これは驚きだ
人間共に、まだ戦う意思をもっている連中がいるとはな","Well, this is a surprise.
I didn't think there were any humans left with the will to fight.",,aguardando tradução/revisão
rtevent.bin,27,0x21453,0x214C8,VO_DRK_EVENT_ST2_00,"この都市全体が、絶望で満たされているな
壊滅も時間の問題だろう","This city is filled with despair. 
It's only a matter of time before it's destroyed.",,aguardando tradução/revisão
rtevent.bin,28,0x2166D,0x216E8,VO_DRK_EVENT_ST2_01,"都市全体のいたる所に結界が張りめぐらされている
これは骨が折れるぞ","Everywhere we go in this city, there's a shield in the way.
What a pain.",,aguardando tradução/revisão
rtevent.bin,29,0x2186B,0x218CA,VO_DRK_EVENT_ST2_03,周りに身を隠す場所がなければ、作ればいいだろう,"If there's no cover nearby, you'll just have to make some.",,aguardando tradução/revisão
rtevent.bin,30,0x219F0,0x21A87,VO_DRK_EVENT_ST5_00,"飛ぶ物との相性が悪いようだな
我々と同乗した時、こいつらの命運は尽きていたという事か","You and aircraft apparently do not get along well.
They had the unfortunate luck of riding with us.",,aguardando tradução/revisão
rtevent.bin,31,0x21C4B,0x21CBB,VO_DRK_EVENT_MAGIC_PUPET,ここは、奴らの体を乗っ取り、武器を利用してやるとしよう,Here we need to take over their bodies and use their weapons.,,aguardando tradução/revisão
rtevent.bin,32,0x21DE4,0x21E57,VO_DRK_EVENT_ENCOUNT_03,"つくづく、不愉快な連中よ
まず、この結界をなんとかせねばな","These guys certainly aren't very nice.
Before we do anything, let's get rid of that shield.",,aguardando tradução/revisão
rtevent.bin,33,0x22019,0x22090,VO_DRK_EVENT_BOSS1_00,"このままでは、この機体がもたないぞ
あの目の攻撃を封じるのだ！","At this rate our plane won't last much longer.
You've got to stop the attacks coming from its eyes!",,aguardando tradução/revisão
rtevent.bin,34,0x2228A,0x22300,VO_DRK_EVENT_BOSS1_01,"奴は、この機体を噛み砕く気だ！
口の中を攻撃すれば撃退できる！","It's trying to bite the plane!
You can stop it if you shoot it in the mouth!",,aguardando tradução/revisão
rtevent.bin,35,0x2246A,0x224E7,VO_DRK_EVENT_BOSS1_02,"外殻がかなり厚いとみえる
稲妻を当てる以外に倒す術はないようだな！","That shell looks pretty thick. 
I think the only way to take it down is by hitting it with thunder!",,aguardando tradução/revisão
rtevent.bin,36,0x226BE,0x22748,VO_DRK_EVENT_ST3_01,"とんだ邪魔がはいったようだ
この結界を作り出してる奴を、先に倒すことにしよう","Looks like we've got some serious interference.
Let's defeat the one creating this shield first.",,aguardando tradução/revisão
rtevent.bin,37,0x22922,0x22972,VO_DRK_EVENT_ST3_02,まずい！　この機体ごと噛み砕く気だ！,"This is bad!
It's trying to bite the plane!",,aguardando tradução/revisão
rtevent.bin,38,0x22A59,0x22A94,VO_DRK_EVENT_ST3_03,来るぞ！　撃ち落とせ！,Here it comes! Shoot it down!,,aguardando tradução/revisão
rtevent.bin,39,0x22B16,0x22B6E,VO_DRK_EVENT_ST3_04,まだ懲りんか！　アリシア、また奴が来るぞ！,"It still hasn't had enough?!
Alicia, here it comes again!",,aguardando tradução/revisão
rtevent.bin,40,0x22C8F,0x22CFA,VO_DRK_EVENT_ST3_05,目玉の動きを見るのだ！　厄介なところから飛んでくるぞ！,"Watch it's eyes!
It'll always attacks from our weakest position!",,aguardando tradução/revisão
rtevent.bin,41,0x22E6A,0x22EC6,VO_DRK_EVENT_ST3_06,このままでは、この鉄の塊が墓標となりそうだな,"If you don't do something soon, 
this hunk of iron is going to be your grave-marker...",,aguardando tradução/revisão
rtevent.bin,42,0x23041,0x230A6,VO_DRK_EVENT_ST3_07,急げ！　このままでは、機体ごと食い潰されてしまうぞ,"Hurry!
At this rate he's going to chew the whole plane up!",,aguardando tradução/revisão
rtevent.bin,43,0x231CF,0x2321C,VO_DRK_EVENT_ST3_08,馬鹿な奴だ、弱点を自らさらすとはな,"What a fool.
To reveal his weak spot like that...",,aguardando tradução/revisão
rtevent.bin,44,0x23335,0x2337C,VO_DRK_EVENT_ST3_09,我々は飛べないことを忘れるなよ,Don't forget that we can't fly.,,aguardando tradução/revisão
rtevent.bin,45,0x2343B,0x2349A,VO_DRK_EVENT_ST3_10,この機体が落ちれば我々も共にやられることになる,"If this plane goes down, then we go down with it.",,aguardando tradução/revisão
rtevent.bin,46,0x23585,0x235C6,VO_DRK_EVENT_ST3_11,この機体を護る事も忘れるな,Don't forget to protect the plane.,,aguardando tradução/revisão
rtevent.bin,47,0x2367A,0x236EB,VO_DRK_EVENT_ST3_12,このままでは持たん！　周囲に張り付いてる奴を先に落とすのだ,"We can't just sit and wait!
We've got to shoot down the one's surrounding us!",,aguardando tradução/revisão
rtevent.bin,48,0x23886,0x238E7,VO_DRK_EVENT_ST5_01,"目標地点まで、まだかなり距離があるぞ
用心してかかれ","We still have a lot of ground to cover
before we reach our destination.
Keep your guard up.",,aguardando tradução/revisão
rtevent.bin,49,0x23A63,0x23AC6,VO_DRK_EVENT_ST3_00,"騒ぐだけで無力な人間共よ
滅びるのも当然の運命だな","Humans are all bark and no bite. 
It's only natural that they should meet with destruction.",,aguardando tradução/revisão
rtevent.bin,50,0x23C91,0x23CE9,VO_DRK_EVENT_ST4_00_B,この位置から、橋を爆破できるのではないか？,Shouldn't you be able to destroy the bridge from here?,,aguardando tradução/revisão
rtevent.bin,51,0x23E08,0x23E50,VO_DRK_EVENT_ENCOUNT_00,とことん、うっとうしい奴らよ,Could these idiots get any more annoying?,,aguardando tradução/revisão
rtevent.bin,52,0x23F4D,0x23FDE,VO_DRK_EVENT_MAGIC_TORNADE,"やむをえん！　竜巻をつかえるようにしてやる！
奴ら全て巻き上げてやるがいい！","I have no choice!
I grant you the power of the tornado! Send these fools flying!",,aguardando tradução/revisão
rtevent.bin,53,0x2419E,0x2420A,VO_DRK_EVENT_ST4_01,"残った者どもが見当たらないな
どこかに隠れているのだろう","I don't see any of the survivors... 
They must be hiding somewhere.",,aguardando tradução/revisão
rtevent.bin,54,0x24350,0x2438F,VO_DRK_EVENT_FIRST_RIVER,泳いで渡れると思うなよ,I hope you don't think you can swim across here.,,aguardando tradução/revisão
rtevent.bin,55,0x24497,0x244DB,VO_DRK_EVENT_ST5_03,あの村の奥のようだ、例の森は,The forest should lie beyond this village.,,aguardando tradução/revisão
rtevent.bin,56,0x245B9,0x24632,VO_DRK_EVENT_ENCOUNT_01,"まさか、こんな大歓迎を受けるとは驚きだ
少々にぎやか過ぎるがな","I certainly wasn't expecting a big welcome like this. 
A little too cheery for my tastes, though.",,aguardando tradução/revisão
rtevent.bin,57,0x24804,0x2488D,VO_DRK_EVENT_MAGIC_METEO,"アリシア！　真の力を出す時がきたぞ！
隕石で奴らを火の海に沈めてやろう！","Alicia!
The time has come to unleash your true power!
Use the meteor to drown them in a sea of flame!",,aguardando tradução/revisão
rtevent.bin,58,0x24A8E,0x24B0E,VO_DRK_EVENT_AFTER_METEO,"ずいぶんと派手に壊したものだ
これではどちらが、破壊者か分からんぞ","You certainly made a mess out of this place.
It's difficult to tell which of you is more dangerous.",,aguardando tradução/revisão
rtevent.bin,59,0x24CE2,0x24D62,VO_DRK_EVENT_BOSS2_03,"我等の攻撃が通じるようになったぞ！
これまでの鬱憤晴らしてやろう！　","Our attacks work now!
It's time to unleash your full rage!",,aguardando tradução/revisão
rtevent.bin,60,0x24E92,0x24ED7,VO_DRK_EVENT_BOSS2_04,"とどめをさしてやれ
特大の奴でな",Now finish this...Behomoth.,,aguardando tradução/revisão
rtevent.bin,61,0x24F83,0x2501C,VO_DRK_EVENT_ST6_00,"わずかの間にこの都市も様変わりしたようだ
大気に毒素が混ざり、空の色も変色し始めている","The city has changed a great deal in a short time.
The air is so filled with poison
that it has changed the color of the sky.",,aguardando tradução/revisão
rtevent.bin,62,0x25237,0x2529D,VO_DRK_EVENT_FIRST_CORPSE,"見飽きた光景だろう
いまさら感傷的になることか？","If you've seen it so much, why did you get so emotional?",,aguardando tradução/revisão
rtevent.bin,63,0x253C8,0x2541E,VO_DRK_EVENT_BOSS2_01,"まだ攻撃は無駄だ
結界は厚く覆われている","Our attacks are still useless.
It's shield is still too thick.",,aguardando tradução/revisão
rtevent.bin,64,0x2558F,0x255CC,VO_DRK_EVENT_BOSS2_02,結界崩壊まであと少しだ,The shield is almost gone.,,aguardando tradução/revisão
rtevent.bin,65,0x2565F,0x256F4,VO_DRK_EVENT_BOSS2_00,"連中が全滅すれば、打つ手がなくなる！
アリシア、お前が囮となり奴を引きつけるのだ！","If they get wiped out we'll be in trouble!
Alicia, use yourself as bait to lure it away from them!",,aguardando tradução/revisão
rtevent.bin,66,0x258B9,0x25918,VO_DRK_EVENT_ST6_01,また結界を張るつもりか！　奴の力の源を封じろ！,"It's trying to put up another shield!
You need to cut off it's power source!",,aguardando tradução/revisão
rtevent.bin,67,0x25AA7,0x25B00,VO_DRK_EVENT_ST6_02,アリシア、あまり近づきすぎると火傷するぞ！,"Alicia, you'll get burned if you get too close!",,aguardando tradução/revisão
rtevent.bin,68,0x25BF0,0x25C3A,VO_DRK_EVENT_ST6_03,背だ！　奴の背に向けて銃を放て！,"Shoot it's back!
Get around and open fire on it from behind!",,aguardando tradução/revisão
rtevent.bin,69,0x25D72,0x25DC2,VO_DRK_EVENT_ST6_04,背中だ！　奴の背中に向けて銃を放て！,"It's back!
Shoot it when it's back is turned!",,aguardando tradução/revisão
rtevent.bin,70,0x25EBE,0x25EF9,VO_DRK_EVENT_ST6_05,奴にも弱点はあるはずだ,It should have a weak point...,,aguardando tradução/revisão
rtevent.bin,71,0x25FA7,0x25FFE,VO_DRK_EVENT_ST6_06,"奴め、力を戻したか
さっさと仕留めんからだ","Damn, it regained it's strength... 
You didn't finish it off fast enough.",,aguardando tradução/revisão
rtevent.bin,72,0x26176,0x261C6,VO_DRK_EVENT_ST6_07,あの邪魔な蛇どもを焼き払ってしまえ！,Fry those blasted snakes!,,aguardando tradução/revisão
rtevent.bin,73,0x26267,0x262BA,VO_DRK_EVENT_ST6_08,今だ！　奴にとどめの魔法を喰らわせろ！,Now! Hit it with one final spell!,,aguardando tradução/revisão
rtevent.bin,74,0x2637B,0x263EE,VO_DRK_EVENT_ST6_09,気をつけろ！　あの蛇どもに巻き込まれたらひとたまりもないぞ！,"Be careful!
You're done for if those snakes wrap around you!",,aguardando tradução/revisão
rtevent.bin,75,0x2654D,0x26597,VO_DRK_EVENT_ST6_10,奴の結界にはどの魔力も効かぬとは,None of our magic works on it's shield...,,aguardando tradução/revisão
rtevent.bin,76,0x26686,0x266D9,VO_DRK_EVENT_ST6_11,この場は人間どもに働いてもらうとしよう,Time to get some work out of the humans.,,aguardando tradução/revisão
rtevent.bin,77,0x26797,0x26801,VO_DRK_EVENT_FIRST_SNIPE,"遠方から狙われているようだな
物陰に隠れながら進め ","There must be a sniper…
Stick to the shadows and keep moving.",,aguardando tradução/revisão
rtevent.bin,78,0x26953,0x2698C,VO_DRK_EVENT_NON_01,どうやら囲まれたようだな,"Well, it appears we've been surrounded.",,aguardando tradução/revisão
rtevent.bin,79,0x26A4D,0x26A8E,VO_DRK_EVENT_NON_02,ここは退いた方がよさそうだ,I think retreat is the best option at this point.,,aguardando tradução/revisão
rtevent.bin,80,0x26B85,0x26BC3,VO_DRK_EVENT_NON_03,時には退くことも必要だぞ,Discretion is the better part of valor.,,aguardando tradução/revisão
rtevent.bin,81,0x26C9D,0x26CCF,VO_DRK_EVENT_NON_04,ぬっ、待ち伏せか,"Grr, an ambush...",,aguardando tradução/revisão
rtevent.bin,82,0x26D38,0x26D94,VO_DRK_EVENT_NON_05,ここは行けそうも無いな、他の道を探すとしよう,"This way is no good.
Let's search for another route.",,aguardando tradução/revisão
rtevent.bin,83,0x26E6F,0x26EB5,VO_DRK_EVENT_DEAD_00,この程度だったとはな、失望したぞ,Is this all you've got? I'm disappointed.,,aguardando tradução/revisão
rtevent.bin,84,0x26F8F,0x26FC2,VO_DRK_EVENT_DEAD_01,なんと、うかつな,What a fool I was...,,aguardando tradução/revisão
rtevent.bin,85,0x27042,0x2709F,VO_DRK_EVENT_DEAD_02,お前ごときを当てにした、私が愚かだったようだ,A fool to have faith in something as worthless as you...,,aguardando tradução/revisão
rtevent.bin,86,0x2751C,0x275A6,VO_HM2_EVENT_ST1_00,"この壁はどんな爆弾でも破壊ができないんだ
このままじゃ、わしらは袋のネズミだ","We can't break this wall no matter
what type of explosive we use on it.
At this rate, we'll be trapped like rats.",,aguardando tradução/revisão
rtevent.bin,87,0x27CD8,0x27D28,VO_HR1_EVENT_ST3_00,こっちだ！　ここから地下に避難しろ！,"This way!
You can escape underground through here!",,aguardando tradução/revisão
rtevent.bin,88,0x27E1C,0x27EA0,VO_HR1_EVENT_ST3_01,"くそ！　なんだって基地の方から敵がくる！？
中の連中はどうなってるんだ！","Damn!
Why are there enemies coming from the direction of the base?!
Has something happened to the others?!",,aguardando tradução/revisão
rtevent.bin,89,0x28096,0x28101,VO_HR1_EVENT_ST3_02,なんてことだ！　てめーのアジトで待ち伏せくらうとはよ！,"How did this happen?!
They've ambushed us at our own base!",,aguardando tradução/revisão
rtevent.bin,90,0x28272,0x282F3,VO_HR1_EVENT_ST3_03,"俺達は、ここで後続の仲間をまつ
さきに空港へ急いでくれ、後から合流する","We'll wait here for any stragglers.
You hurry on ahead to the airport.
We'll catch up to you there.",,aguardando tradução/revisão
rtevent.bin,91,0x28589,0x285B3,VO_HR0A_EVENT_ST2_01,こっちだ！,Over here!,,aguardando tradução/revisão
rtevent.bin,92,0x285F0,0x28626,VO_HR0A_EVENT_ST2_02,ここに逃げ込め！！,Run this way!,,aguardando tradução/revisão
rtevent.bin,93,0x2866E,0x286C3,VO_HR0A_EVENT_ST2_03,こっちなら奴も追ってこれない！　急げ！！,He can't follow us through here! Hurry!!,,aguardando tradução/revisão
rtevent.bin,94,0x28790,0x287E4,VO_HR0A_EVENT_ST2_04,ここなら奴も追ってこれない！　急げ！！,We should be safe from him here! Hurry!!,,aguardando tradução/revisão
rtevent.bin,95,0x288AE,0x288F0,VO_HR0A_EVENT_ST2_05,おい、あんた！　こっちだ！,"Hey, you! This way!",,aguardando tradução/revisão
rtevent.bin,96,0x28957,0x2898D,VO_HR0A_EVENT_ST2_06,ここなら安全だ！！,We should be safe here!!,,aguardando tradução/revisão
rtevent.bin,97,0x28B42,0x28BCF,VO_HR0A_EVENT_ST4_01,"この橋の根元に爆薬がしかけてある！
あれをなんとか爆破できれば追っ手をまけるぞ","There's explosives attached to the base of this bridge!
If we could set them off somehow,
we could get those freaks off our tail!",,aguardando tradução/revisão
rtevent.bin,98,0x28E15,0x28E63,VO_HR0A_EVENT_ST4_03,橋の下の爆弾はここから狙えるはずだ,You should be able to aim at the explosives under the bridge from here.,,aguardando tradução/revisão
rtevent.bin,99,0x28FBB,0x29013,VO_HR0A_EVENT_ST4_04,爆弾のリモコンが効かない、あんたの力が必要だ,"The remote for the explosives doesn't work.
We need your help.",,aguardando tradução/revisão
rtevent.bin,100,0x29190,0x291D5,VO_HR0A_EVENT_ST4_06,爆破は合図があるまで待つんだ,Wait until the signal to set off the explosion.,,aguardando tradução/revisão
rtevent.bin,101,0x292CA,0x2930C,VO_HR0A_EVENT_ST4_07,全員渡り終えるまで待つんだ,We have to wait until they have finished crossing.,,aguardando tradução/revisão
rtevent.bin,102,0x29412,0x29445,VO_HR0A_EVENT_ST4_08,全員渡り終えたぞ,They're all across.,,aguardando tradução/revisão
rtevent.bin,103,0x294B6,0x294DA,VO_HR0A_EVENT_ST4_09,今だ！,Now!,,aguardando tradução/revisão
rtevent.bin,104,0x29504,0x2953D,VO_HR0A_EVENT_ST4_10,どうした？　早くしろ,What's the matter? Do it now!,,aguardando tradução/revisão
rtevent.bin,105,0x295C1,0x29621,VO_HR0A_EVENT_ST4_11,何をやってんだ！　このままじゃ追いつかれちまう,"What the hell are you doing?!
They're going to catch us at this rate!",,aguardando tradução/revisão
rtevent.bin,106,0x2973F,0x2978A,VO_HR0A_EVENT_ST4_12,中央の隔壁を越えるまで耐えるんだ,Wait until they've passed the center barricade.,,aguardando tradução/revisão
rtevent.bin,107,0x29892,0x298CC,VO_HR0A_EVENT_NON_37b,今のうちだ！　急げ！,Now's our chance! Hurry!,,aguardando tradução/revisão
rtevent.bin,108,0x29973,0x299AF,VO_HR0A_EVENT_ST4_14,追いつかれる！　急げ！,They're almost on us! Hurry!,,aguardando tradução/revisão
rtevent.bin,109,0x29A5B,0x29A9D,VO_HR0A_EVENT_ST4_15,どんどん増えてきているぞ！,They just keep on coming!,,aguardando tradução/revisão
rtevent.bin,110,0x29B17,0x29B71,VO_HR0A_EVENT_ST4_16,この先に司令部がある！　俺達について来い！,"Our headquarters are just ahead!
Follow us!",,aguardando tradução/revisão
rtevent.bin,111,0x29C5A,0x29C9C,VO_HR0A_EVENT_ST4_17,あと少しだ、みんな頑張れ！,We're almost there. Hang in there everyone!,,aguardando tradução/revisão
rtevent.bin,112,0x29D62,0x29DA1,VO_HR0A_EVENT_ST4_18,早く橋から離れるんだ！！,"Get away from the bridge, now!!",,aguardando tradução/revisão
rtevent.bin,113,0x29E37,0x29E69,VO_HR0A_EVENT_ST4_19,橋を爆破するぞ！,The bridge is going to explode!,,aguardando tradução/revisão
rtevent.bin,114,0x29EF5,0x29F4A,VO_HR0A_EVENT_ST4_20,橋の下に爆弾が見えるはずだ、よく狙ってくれ,"You should be able to see the explosives.
Pick your shot well.",,aguardando tradução/revisão
rtevent.bin,115,0x2A075,0x2A0D9,VO_HR0A_EVENT_ST4_21,歩けない者達は、機内に隠れていろ！　後で救出に向かう,"Anyone who can't walk,
stay inside the plane!
We'll come back for you later.",,aguardando tradução/revisão
rtevent.bin,116,0x2A282,0x2A2D8,VO_HR0A_EVENT_ST4_22,俺達は機内で、歩けない者達の治療に当たる,We're going to stay with the plane and see to the injured.,,aguardando tradução/revisão
rtevent.bin,117,0x2A3F2,0x2A441,VO_HR0A_EVENT_ST4_23,あんたは仲間と共に司令部に向かってくれ,You should go on to headquarters with the others.,,aguardando tradução/revisão
rtevent.bin,118,0x2A52F,0x2A5AD,VO_HR0A_EVENT_NON_03,これだけ待ち構えてたってことは、俺達は核心に迫っているってことだな,"The fact that there were so many of them means
 that we're getting closer to the center.",,aguardando tradução/revisão
rtevent.bin,119,0x2A71F,0x2A757,VO_HR0A_EVENT_HELI,こんな所にまでヘリが！？,"A helicopter, here?!",,aguardando tradução/revisão
rtevent.bin,120,0x2A7C6,0x2A809,VO_HR0A_EVENT_NON_04,なんとも嫌な予感のする空気だ！,Something in the air here makes me feel edgy!,,aguardando tradução/revisão
rtevent.bin,121,0x2A906,0x2A94F,VO_HR0A_EVENT_NON_06,もう、誰も生き残っていなさそうだな,It doesn't look like there were any survivors.,,aguardando tradução/revisão
rtevent.bin,122,0x2AA2D,0x2AAA9,VO_HR0A_EVENT_ST5_01,"無事でしたか！
先行している部隊がいるので、そちらに向かいましょう","Are you okay?
There's a unit scouting ahead, so let's go catch up with them.",,aguardando tradução/revisão
rtevent.bin,123,0x2ACE9,0x2AD2D,VO_HR0A_EVENT_NON_13,まだ残っている奴がいるはずだ,There's still some of them left.,,aguardando tradução/revisão
rtevent.bin,124,0x2ADBD,0x2ADF1,VO_HR0A_EVENT_NON_14,民衆の安全を確保しろ,Make sure the civilians are safe.,,aguardando tradução/revisão
rtevent.bin,125,0x2AEBD,0x2AEEB,VO_HR0A_EVENT_NON_15,仲間の合流を待て,Wait here and rendezvous with the others.,,aguardando tradução/revisão
rtevent.bin,126,0x2AFAA,0x2AFE0,VO_HR0A_EVENT_NON_16,待て！　まだ早い！,Wait! Don't be hasty!,,aguardando tradução/revisão
rtevent.bin,127,0x2B06D,0x2B0B9,VO_HR0A_EVENT_NON_17,ここは俺達に任せて、仲間の援護を頼む,Leave things here to us. Go and help the others.,,aguardando tradução/revisão
rtevent.bin,128,0x2B1B7,0x2B1E3,VO_HR0A_EVENT_NON_18,ここは危険だ,This area is dangerous.,,aguardando tradução/revisão
rtevent.bin,129,0x2B26E,0x2B2A3,VO_HR0A_EVENT_NON_19,ここから奥は危険だ,It's dangerous through here.,,aguardando tradução/revisão
rtevent.bin,130,0x2B333,0x2B369,VO_HR0A_EVENT_NON_20,ここから先は危険だ,Things get dangerous up ahead.,,aguardando tradução/revisão
rtevent.bin,131,0x2B40D,0x2B461,VO_HR0A_EVENT_NON_21,取り残された人達が居ないか良く探すんだ,Search for any civilians that might have been left behind.,,aguardando tradução/revisão
rtevent.bin,132,0x2B569,0x2B596,VO_HR0A_EVENT_NON_22,敵はこの奥だ,The enemies are through here.,,aguardando tradução/revisão
rtevent.bin,133,0x2B627,0x2B660,VO_HR0A_EVENT_NON_23,ターゲットはこの奥だ,The targets are through here.,,aguardando tradução/revisão
rtevent.bin,134,0x2B6F5,0x2B723,VO_HR0A_EVENT_NON_24,目的地はこの奥だ,Our destination is through here.,,aguardando tradução/revisão
rtevent.bin,135,0x2B7CD,0x2B7FA,VO_HR0A_EVENT_NON_25,敵はこの先だ,The enemies are up ahead.,,aguardando tradução/revisão
rtevent.bin,136,0x2B884,0x2B8BD,VO_HR0A_EVENT_NON_26,ターゲットはこの先だ,The targets are up ahead.,,aguardando tradução/revisão
rtevent.bin,137,0x2B94B,0x2B97E,VO_HR0A_EVENT_NON_27,目的地はこの先だ,Our destination is up ahead.,,aguardando tradução/revisão
rtevent.bin,138,0x2BA22,0x2BA4F,VO_HR0A_EVENT_NON_28,敵はこの上だ,The enemies are above us.,,aguardando tradução/revisão
rtevent.bin,139,0x2BAE9,0x2BB1D,VO_HR0A_EVENT_NON_29,ターゲットはこの上だ,The targets are above us.,,aguardando tradução/revisão
rtevent.bin,140,0x2BBBA,0x2BBED,VO_HR0A_EVENT_NON_30,目的地はこの上だ,Our destination is above us.,,aguardando tradução/revisão
rtevent.bin,141,0x2BC9B,0x2BCC3,VO_HR0A_EVENT_NON_31,敵はこの下だ,The enemies are below us.,,aguardando tradução/revisão
rtevent.bin,142,0x2BD62,0x2BD9B,VO_HR0A_EVENT_NON_32,ターゲットはこの下だ,The targets are below us.,,aguardando tradução/revisão
rtevent.bin,143,0x2BE3D,0x2BE70,VO_HR0A_EVENT_NON_33,目的地はこの下だ,Our destination is below us.,,aguardando tradução/revisão
rtevent.bin,144,0x2BF24,0x2BF63,VO_HR0A_EVENT_NON_34,こっちに敵は居ないようだ,There doesn't seem to be any enemies here.,,aguardando tradução/revisão
rtevent.bin,145,0x2C023,0x2C05D,VO_HR0A_EVENT_NON_35,この先に敵は居ないようだ,There doesn't seem to be any enemies up ahead.,,aguardando tradução/revisão
rtevent.bin,146,0x2C136,0x2C179,VO_HR0A_EVENT_NON_36,おい、ルートからはずれているぞ,"Hey, you're straying off the route!",,aguardando tradução/revisão
rtevent.bin,147,0x2C221,0x2C257,VO_HR0A_EVENT_NON_37,よし！　こっちだ！,All right! Over here!,,aguardando tradução/revisão
rtevent.bin,148,0x2C2D1,0x2C30E,VO_HR0A_EVENT_NON_38,まだ敵は残っているはずだ！,There're still some enemies left!,,aguardando tradução/revisão
rtevent.bin,149,0x2CA8F,0x2CAE2,VO_HW0_1_0250_R_010,たすけてー！　誰かー！　誰か！お願い！,Help! Someone! Please! Help!,,aguardando tradução/revisão
rtevent.bin,150,0x2CB7E,0x2CC1A,VO_DRK_1_0250_R_020,"人間の一人二人助けた所で何になる？
奴らは、たやすく増え、たやすく死ぬ、虫みたいなものだ","What is the point in saving one or two humans?
They reproduce like insects and die just as easily.",,aguardando tradução/revisão
rtevent.bin,151,0x2CDC3,0x2CE09,VO_DRK_2_0450_V_010,厄介な。　今は分が悪い、退け！,"This is bad... We're at a disadvantage.
You must run!",,aguardando tradução/revisão
rtevent.bin,152,0x2CEF7,0x2CF26,VO_PW0_2_0450_V_020,まだ、戦える！,I can still fight!,,aguardando tradução/revisão
rtevent.bin,153,0x2CFA4,0x2D02C,VO_DRK_2_0450_V_030,"だまれ！　奴ら全てを滅ぼすという目的を忘れたのか！
今のお前では、奴に勝てぬ！","Silence!
Have you forgotten that our goal is to destroy them all!
You can't defeat it as you are now!",,aguardando tradução/revisão
rtevent.bin,154,0x2D22B,0x2D288,VO_HR1_3_0100_R_010,よお、無事だったかい？　うまく逃げられたようだな,"Hey, so you're all right. Nice job getting away.",,aguardando tradução/revisão
rtevent.bin,155,0x2D373,0x2D41A,VO_HR1_3_0100_R_020,"アリシア、理由は知らないが、あんたも悪魔を倒そうとしてるんだろう？
だったら、目的は俺達と一緒だ","Alicia, I don't know why, but you're trying to kill that demon too, right?
That means we're on the same side.",,aguardando tradução/revisão
rtevent.bin,156,0x2D629,0x2D683,VO_HR1_3_0100_R_030,この先に俺達の地下基地がある、そこで話がしたい,Our underground base is just up ahead. Let's talk there.,,aguardando tradução/revisão
rtevent.bin,157,0x2D7A8,0x2D7DE,VO_HR1_3_0100_R_040,仲間もそこで待っている,Our friends are waiting there too.,,aguardando tradução/revisão
rtevent.bin,158,0x2D895,0x2D8E9,VO_HR0C_3_0700_R_010,くそったれ！うじゃうじゃときりがねえ！,Godammit! We don't have time for this!,,aguardando tradução/revisão
rtevent.bin,159,0x2D9B4,0x2DA26,VO_HR1_3_0700_R_020,アリシア!　裏の地下道を通って先に空港へ急げ！　後から行く！,"Alicia!
Take the underground passage to the airport!
I'll follow later!!",,aguardando tradução/revisão
rtevent.bin,160,0x2DBAF,0x2DC33,VO_HR1_3_0700_R_030,"そこで仲間と合流して、飛行機で司令部へ向かう！
ここで死んだら犬死だぞ！","We'll meet my friends there and head for HQ by plane!
If we stay here, we'll die like dogs!",,aguardando tradução/revisão
rtevent.bin,161,0x2DE2B,0x2DEBE,VO_HR1_4_0100_R_010,"やれやれ、まさか助かるとは思わなかったぜ
ここからなら、司令部は歩いていける距離だ","Nice going. I didn't think we were going to make it.
We're close enough to walk to the HQ from here.",,aguardando tradução/revisão
rtevent.bin,162,0x2E0AE,0x2E0F7,VO_HR0B_4_0100_R_020,ここまでくれば、ひとまずは安全だな,"We've made it this far, so we can relax a little.",,aguardando tradução/revisão
rtevent.bin,163,0x2E21C,0x2E281,VO_HR0C3_4_0100_R_30,"けが人とお年寄りの面倒をみます
後で救助に来てください","I'll look after the old and injured.
Please come back for us later.",,aguardando tradução/revisão
rtevent.bin,164,0x2E3F0,0x2E480,VO_HR1_6_0400_R_010,"待ちくたびれて、来ちまったぜ
アリシア、主役は出番が来るまで下がっててもらおうか","I got tired of waiting and decided to come.
Alicia, maybe you should stand back until the real show starts.",,aguardando tradução/revisão
rtevent.bin,165,0x2E68B,0x2E71C,VO_HR1_6_0400_R_020,"聞け！　俺達の仕事は、奴の結界を剥がすことだ！
Dフォーメーションで包囲して戦う！","Listen!
Our job right now is to take care of that shield!
Get in D-Formation, surround them and fight!",,aguardando tradução/revisão
rtevent.bin,166,0x2E903,0x2E984,VO_HR1_6_0400_R_030,"生きようが死のうが地獄に悪魔だ！
だったら、戦って死ね！　分かったか！","Alive or dead, your enemy is a demon from hell!
So you may as well die fighting!
Understand!?",,aguardando tradução/revisão
rtevent.bin,167,0x2EC63,0x2ECDE,VO_PW0_1_0200_N_010,"ガイストの数が、ここにきてかなり増えている
本体が近くにいる証拠ね","The number of Geists has increased since we got here.
It's proof that the main body is near by.",,aguardando tradução/revisão
rtevent.bin,168,0x2EEBE,0x2EF43,VO_DRK_1_0200_N_020,"この、おびただしい死臭
噂どおり…。　いや、それ以上の悪魔がいるようだな","That putrid stench of death.
The demon here... It's even stronger than I feared.",,aguardando tradução/revisão
rtevent.bin,169,0x2F0EA,0x2F12B,VO_DRK_1_0200_N_030,この街も滅びる運命のようだ,It seems this city is also doomed to destruction.,,aguardando tradução/revisão
rtevent.bin,170,0x2F23E,0x2F26C,,本体は、あの都市にいるようだな,"It appears the main body is in that city.
",,aguardando tradução/revisão
rtevent.bin,171,0x2F364,0x2F3B2,,"つくづく、騒ぐのが好きな連中よ
もてなす側も大忙しだ","They truly do enjoy stirring up trouble.
Their hosts have their hands full.",,aguardando tradução/revisão
rtevent.bin,172,0x2F54D,0x2F59E,,"久々の生贄だがこんな汚い魂ではな
魔力の足しにもならん","It's been awhile since I've had a sacrifice... Unfortunately,
a tainted soul like this won't even fill up my spell power.",,aguardando tradução/revisão
rtevent.bin,173,0x2F7CA,0x2F80F,,"うっとうしい連中よ
虫をまいてかく乱させてやれ",What a bunch of pests. Go and squash them like the bugs they are.,,aguardando tradução/revisão
rtevent.bin,174,0x2F94B,0x2F97C,,危険な状況だ、　霧となり回避しろ,It's too dangerous here. Turn into mist to avoid them.,,aguardando tradução/revisão
rtevent.bin,175,0x2FABE,0x2FB00,,"あの結界はこいつが作ったようだな
こざかしい","He must be the one who made that shield.
How pathetic.",,aguardando tradução/revisão
rtevent.bin,176,0x2FC19,0x2FC53,,結界が解けたようだ。　先へ進むとしよう,"It looks like the shield is down.
Let's keep moving.",,aguardando tradução/revisão
rtevent.bin,177,0x2FD21,0x2FD40,,ふふっ、愚かな奴らだ,"Heh heh, fools.",,aguardando tradução/revisão
rtevent.bin,178,0x2FD8E,0x2FDF7,,"並みの攻撃では、らちが明きそうも無いな
ならば、ここは稲妻をつかえい！","Ordinary attacks won't do us any good here.
Time to call down the thunder!",,aguardando tradução/revisão
rtevent.bin,179,0x2FF81,0x2FFF3,,"カラスを呼べるようにしてやる！
数には数なりの戦いがある事を見せつけてやろう","I've made it so you can summon the ravens!
Let's show them that we can fight numbers with numbers.",,aguardando tradução/revisão
rtevent.bin,180,0x301E2,0x30225,,憩いの場が、いまや死体専用とは哀れな光景だな,"What a sad sight.
The only ones
who have any place to rest nowadays are the dead.",,aguardando tradução/revisão
rtevent.bin,181,0x303E2,0x30445,,"あの都市に渡る唯一の道がこの橋のようだ
一筋縄では通れなさそうだな","This bridge seems to be the only road into the city.
It probably won't be easy to cross.",,aguardando tradução/revisão
rtevent.bin,182,0x305FB,0x3064C,,"この海は猛毒で満たされているぞ！
間違っても落ちるなよ","The ocean here is filled with deadly toxins.
Make sure that you don't fall in!",,aguardando tradução/revisão
rtevent.bin,183,0x307CA,0x30804,,並みの攻撃では、らちが明きそうも無いな,Ordinary attacks won't do us any good here.,,aguardando tradução/revisão
rtevent.bin,184,0x308E7,0x30927,,大量の魔力を溜めるには、もっと生贄が必要だ,We need more sacrifices to gain more spell power.,,aguardando tradução/revisão
rtevent.bin,185,0x30A53,0x30A6C,,この数、厄介だな,So many... This is bad.,,aguardando tradução/revisão
rtevent.bin,186,0x30AFB,0x30B23,,この攻撃ではらちが明かんな,This attack isn't working.,,aguardando tradução/revisão
rtevent.bin,187,0x30BB9,0x30C0A,,"なんという事だ！
奴の結界には我々の攻撃が通じないぞ！","What is this?!
Our attacks aren't piercing its shield!",,aguardando tradução/revisão
rtevent.bin,188,0x30D36,0x30D90,,"人間にとっては皮肉なものだな
自らが作った兵器で殺されるとは","How ironic that humans should be killed
using the very weapons they created.",,aguardando tradução/revisão
rtevent.bin,189,0x30F25,0x30F65,,あの邪魔なバリケードを粉砕する事を優先しろ,Destroy that barricade that's in the way first.,,aguardando tradução/revisão
rtevent.bin,190,0x31052,0x3108C,,離れた距離からの攻撃には、矢が有効だぞ,Arrows are effective when attacking from a long distance.,,aguardando tradução/revisão
rtevent.bin,191,0x31198,0x311E1,,愚かな密集隊形には　薔薇の裁きを加えてやるがいい,"If they're foolish enough to come in clusters,
show them the error of their ways.",,aguardando tradução/revisão
rtevent.bin,192,0x313A6,0x31409,,"あの巨体、近づかれればひとたまりもないな
どこかに急所があるはずだ","We don't stand a chance if that giant gets too close to us.
He's got to have a weak spot somewhere.",,aguardando tradução/revisão
rtevent.bin,193,0x315F9,0x31603,,お見事,Nicely done...,,aguardando tradução/revisão
rtevent.bin,194,0x31649,0x3166B,,おまえにしては上出来だ,"That was pretty good, even for you.",,aguardando tradução/revisão
rtevent.bin,195,0x3171F,0x31788,,"ほう、これは驚きだ
人間共に、まだ戦う意思をもっている連中がいるとはな","Well, this is a surprise.
I didn't think there were any humans left with the will to fight.",,aguardando tradução/revisão
rtevent.bin,196,0x31929,0x31986,,"この都市全体が、絶望で満たされているな
壊滅も時間の問題だろう","This city is filled with despair. 
It's only a matter of time before it's destroyed.",,aguardando tradução/revisão
rtevent.bin,197,0x31B2C,0x31B8F,,"都市全体のいたる所に結界が張りめぐらされている
これは骨が折れるぞ","Everywhere we go in this city, there's a shield in the way.
What a pain.",,aguardando tradução/revisão
rtevent.bin,198,0x31D16,0x31D5C,,周りに身を隠す場所がなければ、作ればいいだろう,"If there's no cover nearby, you'll just have to make some.",,aguardando tradução/revisão
rtevent.bin,199,0x31E81,0x31EFF,,"飛ぶ物との相性が悪いようだな
我々と同乗した時、こいつらの命運は尽きていたという事か","You and aircraft apparently do not get along well.
They had the unfortunate luck of riding with us.",,aguardando tradução/revisão
rtevent.bin,200,0x320C4,0x32116,,ここは、奴らの体を乗っ取り、武器を利用してやるとしよう,Here we need to take over their bodies and use their weapons.,,aguardando tradução/revisão
rtevent.bin,201,0x32241,0x32298,,"つくづく、不愉快な連中よ
まず、この結界をなんとかせねばな","These guys certainly aren't very nice.
Before we do anything, let's get rid of that shield.",,aguardando tradução/revisão
rtevent.bin,202,0x3245D,0x324BA,,"このままでは、この機体がもたないぞ
あの目の攻撃を封じるのだ！","At this rate, our plane won't last much longer.
You've got to stop the attacks coming from its eyes!",,aguardando tradução/revisão
rtevent.bin,203,0x326B9,0x32716,,"奴は、この機体を噛み砕く気だ！
口の中を攻撃すれば撃退できる！","It's trying to bite the plane!
You can stop it if you shoot it in the mouth!",,aguardando tradução/revisão
rtevent.bin,204,0x32882,0x328E5,,"外殻がかなり厚いとみえる
稲妻を当てる以外に倒す術はないようだな！","That shell looks pretty thick. 
I think the only way to take it down is by hitting it with thunder!",,aguardando tradução/revisão
rtevent.bin,205,0x32ABE,0x32B30,,"とんだ邪魔がはいったようだ
この結界を作り出してる奴を、先に倒すことにしよう","Looks like we've got some serious interference.
Let's defeat the one creating this shield first.",,aguardando tradução/revisão
rtevent.bin,206,0x32D0B,0x32D42,,まずい！　この機体ごと噛み砕く気だ！,"This is bad!
It's trying to bite the plane!",,aguardando tradução/revisão
rtevent.bin,207,0x32E29,0x32E4B,,来るぞ！　撃ち落とせ！,Here it comes! Shoot it down!,,aguardando tradução/revisão
rtevent.bin,208,0x32EC9,0x32F09,,まだ懲りんか！　アリシア、また奴が来るぞ！,"It still hasn't had enough?!
Alicia, here it comes again!",,aguardando tradução/revisão
rtevent.bin,209,0x3302D,0x3307F,,目玉の動きを見るのだ！　厄介なところから飛んでくるぞ！,"Watch its eyes!
It'll always attack from our weakest position!",,aguardando tradução/revisão
rtevent.bin,210,0x331ED,0x33230,,このままでは、この鉄の塊が墓標となりそうだな,"If you don't do something soon, 
this hunk of iron is going to be your grave-marker...",,aguardando tradução/revisão
rtevent.bin,211,0x333AE,0x333FA,,急げ！　このままでは、機体ごと食い潰されてしまうぞ,"Hurry!
At this rate, he's going to chew the whole plane up!",,aguardando tradução/revisão
rtevent.bin,212,0x33526,0x3355A,,馬鹿な奴だ、弱点を自らさらすとはな,"What a fool.
To reveal his weak spot like that...",,aguardando tradução/revisão
rtevent.bin,213,0x33671,0x3369F,,我々は飛べないことを忘れるなよ,Don't forget that we can't fly.,,aguardando tradução/revisão
rtevent.bin,214,0x3375F,0x337A5,,この機体が落ちれば我々も共にやられることになる,"If this plane goes down, then we go down with it.",,aguardando tradução/revisão
rtevent.bin,215,0x3388D,0x338B5,,この機体を護る事も忘れるな,Don't forget to protect the plane.,,aguardando tradução/revisão
rtevent.bin,216,0x33968,0x339C0,,このままでは持たん！　周囲に張り付いてる奴を先に落とすのだ,"We can't just sit and wait!
We've got to shoot down the ones surrounding us!",,aguardando tradução/revisão
rtevent.bin,217,0x33B5D,0x33BAB,,"目標地点まで、まだかなり距離があるぞ
用心してかかれ","We still have a lot of ground to cover
before we reach our destination.
Keep your guard up.",,aguardando tradução/revisão
rtevent.bin,218,0x33D2D,0x33D78,,"騒ぐだけで無力な人間共よ
滅びるのも当然の運命だな","Humans are all bark and no bite. 
It's only natural that they should meet with destruction.",,aguardando tradução/revisão
rtevent.bin,219,0x33F45,0x33F85,,この位置から、橋を爆破できるのではないか？,Shouldn't you be able to destroy the bridge from here?,,aguardando tradução/revisão
rtevent.bin,220,0x340A3,0x340CE,,とことん、うっとうしい奴らよ,Could these idiots get any more annoying?,,aguardando tradução/revisão
rtevent.bin,221,0x341C9,0x3423B,,"やむをえん！　竜巻をつかえるようにしてやる！
奴ら全て巻き上げてやるがいい！","I have no choice!
I grant you the power of the tornado! Send these fools flying!",,aguardando tradução/revisão
rtevent.bin,222,0x34400,0x34454,,"残った者どもが見当たらないな
どこかに隠れているのだろう","I don't see any of the survivors... 
They must be hiding somewhere.",,aguardando tradução/revisão
rtevent.bin,223,0x3459C,0x345BE,,泳いで渡れると思うなよ,I hope you don't think you can swim across here.,,aguardando tradução/revisão
rtevent.bin,224,0x346C7,0x346F2,,あの村の奥のようだ、例の森は,The forest should lie beyond this village.,,aguardando tradução/revisão
rtevent.bin,225,0x347CF,0x3482C,,"まさか、こんな大歓迎を受けるとは驚きだ
少々にぎやか過ぎるがな","I certainly wasn't expecting a big welcome like this. 
A little too cheery for my tastes, though.",,aguardando tradução/revisão
rtevent.bin,226,0x349FE,0x34A6A,,"アリシア！　真の力を出す時がきたぞ！
隕石で奴らを火の海に沈めてやろう！","Alicia!
The time has come to unleash your true power!
Use the meteor to drown them in a sea of flame!",,aguardando tradução/revisão
rtevent.bin,227,0x34C6E,0x34CD1,,"ずいぶんと派手に壊したものだ
これではどちらが、破壊者か分からんぞ","You certainly made a mess out of this place.
It's difficult to tell which of you is more dangerous.",,aguardando tradução/revisão
rtevent.bin,228,0x34EA5,0x34F0B,,"我等の攻撃が通じるようになったぞ！
これまでの鬱憤晴らしてやろう！　","Our attacks work now!
It's time to unleash your full rage!",,aguardando tradução/revisão
rtevent.bin,229,0x3503E,0x3506E,,"とどめをさしてやれ
特大の奴でな",Now finish this...behemoth.,,aguardando tradução/revisão
rtevent.bin,230,0x3511A,0x3519B,,"わずかの間にこの都市も様変わりしたようだ
大気に毒素が混ざり、空の色も変色し始めている","The city has changed a great deal in a short time.
The air is so filled with poison
that it has changed the color of the sky.",,aguardando tradução/revisão
rtevent.bin,231,0x353B5,0x353FD,,"見飽きた光景だろう
いまさら感傷的になることか？","If you've seen it so much, why did you get so emotional?",,aguardando tradução/revisão
rtevent.bin,232,0x35528,0x35564,,"まだ攻撃は無駄だ
結界は厚く覆われている","Our attacks are still useless.
Its shield is too thick.",,aguardando tradução/revisão
rtevent.bin,233,0x356D2,0x356F4,,結界崩壊まであと少しだ,The shield is almost gone.,,aguardando tradução/revisão
rtevent.bin,234,0x35784,0x357FF,,"連中が全滅すれば、打つ手がなくなる！
アリシア、お前が囮となり奴を引きつけるのだ！","If they get wiped out we'll be in trouble!
Alicia, use yourself as bait to lure it away from them!",,aguardando tradução/revisão
rtevent.bin,235,0x359CA,0x35A10,,また結界を張るつもりか！　奴の力の源を封じろ！,"It's trying to put up another shield!
You need to cut off its power source!",,aguardando tradução/revisão
rtevent.bin,236,0x35BA1,0x35BE1,,アリシア、あまり近づきすぎると火傷するぞ！,"Alicia, you'll get burned if you get too close!",,aguardando tradução/revisão
rtevent.bin,237,0x35CD3,0x35D04,,背だ！　奴の背に向けて銃を放て！,"Shoot its back!
Get around and open fire on it from behind!",,aguardando tradução/revisão
rtevent.bin,238,0x35E3B,0x35E72,,背中だ！　奴の背中に向けて銃を放て！,"Its back!
Shoot it when its back is turned!",,aguardando tradução/revisão
rtevent.bin,239,0x35F6A,0x35F8C,,奴にも弱点はあるはずだ,It should have a weak point...,,aguardando tradução/revisão
rtevent.bin,240,0x36038,0x36077,,"奴め、力を戻したか
さっさと仕留めんからだ","Damn, it regained its strength... 
You didn't finish it off fast enough.",,aguardando tradução/revisão
rtevent.bin,241,0x361F1,0x36228,,あの邪魔な蛇どもを焼き払ってしまえ！,Fry those blasted snakes!,,aguardando tradução/revisão
rtevent.bin,242,0x362C8,0x36302,,今だ！　奴にとどめの魔法を喰らわせろ！,Now! Hit it with one final spell!,,aguardando tradução/revisão
rtevent.bin,243,0x363C4,0x3641F,,気をつけろ！　あの蛇どもに巻き込まれたらひとたまりもないぞ！,"Be careful!
You're done for if those snakes wrap around you!",,aguardando tradução/revisão
rtevent.bin,244,0x36583,0x365B4,,奴の結界にはどの魔力も効かぬとは,None of our magic works on its shield...,,aguardando tradução/revisão
rtevent.bin,245,0x366A6,0x366E0,,この場は人間どもに働いてもらうとしよう,Time to get some work out of the humans.,,aguardando tradução/revisão
rtevent.bin,246,0x3679F,0x367EB,,"遠方から狙われているようだな
物陰に隠れながら進め ","There must be a sniper…
Stick to the shadows and keep moving.",,aguardando tradução/revisão
rtevent.bin,247,0x36940,0x36965,,どうやら囲まれたようだな,"Well, it appears we've been surrounded.",,aguardando tradução/revisão
rtevent.bin,248,0x36A28,0x36A50,,ここは退いた方がよさそうだ,I think retreat is the best option at this point.,,aguardando tradução/revisão
rtevent.bin,249,0x36B49,0x36B6E,,時には退くことも必要だぞ,Discretion is the better part of valor.,,aguardando tradução/revisão
rtevent.bin,250,0x36C47,0x36C60,,ぬっ、待ち伏せか,"Grr, an ambush...",,aguardando tradução/revisão
rtevent.bin,251,0x36CC9,0x36D0C,,ここは行けそうも無いな、他の道を探すとしよう,"This way is no good.
Let's search for another route.",,aguardando tradução/revisão
rtevent.bin,252,0x36DE9,0x36E1A,,この程度だったとはな、失望したぞ,Is this all you've got? I'm disappointed.,,aguardando tradução/revisão
rtevent.bin,253,0x36EF4,0x36F0D,,なんと、うかつな,What a fool I was...,,aguardando tradução/revisão
rtevent.bin,254,0x36F8A,0x36FCD,,お前ごときを当てにした、私が愚かだったようだ,A fool to have faith in something as worthless as you...,,aguardando tradução/revisão
rtevent.bin,255,0x370E0,0x37152,,"この壁はどんな爆弾でも破壊ができないんだ
このままじゃ、わしらは袋のネズミだ","We can't break this wall no matter
what type of explosive we use on it.
At this rate, we'll be trapped like rats.",,aguardando tradução/revisão
rtevent.bin,256,0x3735C,0x37393,,こっちだ！　ここから地下に避難しろ！,"This way!
You can escape underground through here!",,aguardando tradução/revisão
rtevent.bin,257,0x37489,0x374F5,,"くそ！　なんだって基地の方から敵がくる！？
中の連中はどうなってるんだ！","Damn!
Why are there enemies coming from the direction of the base?!
Has something happened to the others?!",,aguardando tradução/revisão
rtevent.bin,258,0x376EC,0x3773E,,なんてことだ！　てめーのアジトで待ち伏せくらうとはよ！,"How did this happen?!
They've ambushed us at our own base!",,aguardando tradução/revisão
rtevent.bin,259,0x378B2,0x3791B,,"俺達は、ここで後続の仲間をまつ
さきに空港へ急いでくれ、後から合流する","We'll wait here for any stragglers.
You hurry on ahead to the airport.
We'll catch up to you there.",,aguardando tradução/revisão
rtevent.bin,260,0x37ABB,0x37ACB,,こっちだ！,Over here!,,aguardando tradução/revisão
rtevent.bin,261,0x37B05,0x37B21,,ここに逃げ込め！！,Run this way!,,aguardando tradução/revisão
rtevent.bin,262,0x37B77,0x37BB4,,こっちなら奴も追ってこれない！　急げ！！,He can't follow us through here! Hurry!!,,aguardando tradução/revisão
rtevent.bin,263,0x37C7F,0x37CB9,,ここなら奴も追ってこれない！　急げ！！,We should be safe from him here! Hurry!!,,aguardando tradução/revisão
rtevent.bin,264,0x37D7F,0x37DA7,,おい、あんた！　こっちだ！,"Hey, you! This way!",,aguardando tradução/revisão
rtevent.bin,265,0x37E0B,0x37E27,,ここなら安全だ！！,We should be safe here!!,,aguardando tradução/revisão
rtevent.bin,266,0x37EB7,0x37F2C,,"この橋の根元に爆薬がしかけてある！
あれをなんとか爆破できれば追っ手をまけるぞ","There's explosives attached to the base of this bridge!
If we could set them off somehow,
we could get those freaks off of our tail!",,aguardando tradução/revisão
rtevent.bin,267,0x38173,0x381A7,,橋の下の爆弾はここから狙えるはずだ,You should be able to aim at the explosives under the bridge from here.,,aguardando tradução/revisão
rtevent.bin,268,0x38301,0x38344,,爆弾のリモコンが効かない、あんたの力が必要だ,"The remote for the explosives doesn't work.
We need your help.",,aguardando tradução/revisão
rtevent.bin,269,0x384AF,0x384DA,,爆破は合図があるまで待つんだ,Wait until the signal to set off the explosion.,,aguardando tradução/revisão
rtevent.bin,270,0x385CF,0x385F7,,全員渡り終えるまで待つんだ,We have to wait until they have finished crossing.,,aguardando tradução/revisão
rtevent.bin,271,0x386FE,0x38717,,全員渡り終えたぞ,They're all across.,,aguardando tradução/revisão
rtevent.bin,272,0x38785,0x3878F,,今だ！,Now!,,aguardando tradução/revisão
rtevent.bin,273,0x387B8,0x387D7,,どうした？　早くしろ,What's the matter? Do it now!,,aguardando tradução/revisão
rtevent.bin,274,0x38858,0x3889E,,何をやってんだ！　このままじゃ追いつかれちまう,"What the hell are you doing?!
They're going to catch us at this rate!",,aguardando tradução/revisão
rtevent.bin,275,0x389BC,0x389ED,,中央の隔壁を越えるまで耐えるんだ,Wait until they've passed the center barricade.,,aguardando tradução/revisão
rtevent.bin,276,0x38AF7,0x38B16,,今のうちだ！　急げ！,Now's our chance! Hurry!,,aguardando tradução/revisão
rtevent.bin,277,0x38BBA,0x38BDC,,追いつかれる！　急げ！,They're almost on us! Hurry!,,aguardando tradução/revisão
rtevent.bin,278,0x38C87,0x38CAF,,どんどん増えてきているぞ！,They just keep on coming!,,aguardando tradução/revisão
rtevent.bin,279,0x38D26,0x38D66,,この先に司令部がある！　俺達について来い！,"Our headquarters are just ahead!
Follow us!",,aguardando tradução/revisão
rtevent.bin,280,0x38E4D,0x38E75,,あと少しだ、みんな頑張れ！,We're almost there. Hang in there everyone!,,aguardando tradução/revisão
rtevent.bin,281,0x38F3C,0x38F61,,早く橋から離れるんだ！！,"Get away from the bridge, now!!",,aguardando tradução/revisão
rtevent.bin,282,0x38FF5,0x3900E,,橋を爆破するぞ！,The bridge is going to explode!,,aguardando tradução/revisão
rtevent.bin,283,0x39098,0x390D8,,橋の下に爆弾が見えるはずだ、よく狙ってくれ,"You should be able to see the explosives.
Pick your shot well.",,aguardando tradução/revisão
rtevent.bin,284,0x39204,0x39253,,歩けない者達は、機内に隠れていろ！　後で救出に向かう,"Anyone who can't walk,
stay inside the plane!
We'll come back for you later.",,aguardando tradução/revisão
rtevent.bin,285,0x393FD,0x3943A,,俺達は機内で、歩けない者達の治療に当たる,We're going to stay with the plane and see to the injured.,,aguardando tradução/revisão
rtevent.bin,286,0x39555,0x3958F,,あんたは仲間と共に司令部に向かってくれ,You should go on to headquarters with the others.,,aguardando tradução/revisão
rtevent.bin,287,0x3967D,0x396E1,,これだけ待ち構えてたってことは、俺達は核心に迫っているってことだな,"The fact that there were so many of them means
that we're getting closer to the center.",,aguardando tradução/revisão
rtevent.bin,288,0x39855,0x3987A,,こんな所にまでヘリが！？,"A helicopter, here?!",,aguardando tradução/revisão
rtevent.bin,289,0x398E4,0x39912,,なんとも嫌な予感のする空気だ！,Something in the air here makes me feel edgy!,,aguardando tradução/revisão
rtevent.bin,290,0x39A0F,0x39A43,,もう、誰も生き残っていなさそうだな,It doesn't look like there were any survivors.,,aguardando tradução/revisão
rtevent.bin,291,0x39B22,0x39B85,,"無事でしたか！
先行している部隊がいるので、そちらに向かいましょう","Are you okay?
There's a unit scouting ahead, so let's go catch up with them.",,aguardando tradução/revisão
rtevent.bin,292,0x39D10,0x39D3B,,まだ残っている奴がいるはずだ,There's still some of them left.,,aguardando tradução/revisão
rtevent.bin,293,0x39DC9,0x39DE8,,民衆の安全を確保しろ,Make sure the civilians are safe.,,aguardando tradução/revisão
rtevent.bin,294,0x39EB4,0x39ECD,,仲間の合流を待て,Wait here and rendezvous with the others.,,aguardando tradução/revisão
rtevent.bin,295,0x39F8B,0x39FA7,,待て！　まだ早い！,Wait! Don't be hasty!,,aguardando tradução/revisão
rtevent.bin,296,0x3A032,0x3A069,,ここは俺達に任せて、仲間の援護を頼む,Leave things here to us. Go and help the others.,,aguardando tradução/revisão
rtevent.bin,297,0x3A167,0x3A17A,,ここは危険だ,This area is dangerous.,,aguardando tradução/revisão
rtevent.bin,298,0x3A203,0x3A21F,,ここから奥は危険だ,It's dangerous through here.,,aguardando tradução/revisão
rtevent.bin,299,0x3A2AC,0x3A2C8,,ここから先は危険だ,Things get dangerous up ahead.,,aguardando tradução/revisão
rtevent.bin,300,0x3A369,0x3A3A3,,取り残された人達が居ないか良く探すんだ,Search for any civilians that might have been left behind.,,aguardando tradução/revisão
rtevent.bin,301,0x3A4AA,0x3A4BD,,敵はこの奥だ,The enemies are through here.,,aguardando tradução/revisão
rtevent.bin,302,0x3A54B,0x3A56A,,ターゲットはこの奥だ,The targets are through here.,,aguardando tradução/revisão
rtevent.bin,303,0x3A5FC,0x3A615,,目的地はこの奥だ,Our destination is through here.,,aguardando tradução/revisão
rtevent.bin,304,0x3A6BC,0x3A6CF,,敵はこの先だ,The enemies are up ahead.,,aguardando tradução/revisão
rtevent.bin,305,0x3A757,0x3A776,,ターゲットはこの先だ,The targets are up ahead.,,aguardando tradução/revisão
rtevent.bin,306,0x3A802,0x3A81B,,目的地はこの先だ,Our destination is up ahead.,,aguardando tradução/revisão
rtevent.bin,307,0x3A8BD,0x3A8D0,,敵はこの上だ,The enemies are above us.,,aguardando tradução/revisão
rtevent.bin,308,0x3A96A,0x3A989,,ターゲットはこの上だ,The targets are above us.,,aguardando tradução/revisão
rtevent.bin,309,0x3AA24,0x3AA3D,,目的地はこの上だ,Our destination is above us.,,aguardando tradução/revisão
rtevent.bin,310,0x3AAEA,0x3AAFD,,敵はこの下だ,The enemies are below us.,,aguardando tradução/revisão
rtevent.bin,311,0x3AB9C,0x3ABBB,,ターゲットはこの下だ,The targets are below us.,,aguardando tradução/revisão
rtevent.bin,312,0x3AC5D,0x3AC76,,目的地はこの下だ,Our destination is below us.,,aguardando tradução/revisão
rtevent.bin,313,0x3AD2B,0x3AD50,,こっちに敵は居ないようだ,There doesn't seem to be any enemies here.,,aguardando tradução/revisão
rtevent.bin,314,0x3AE12,0x3AE37,,この先に敵は居ないようだ,There doesn't seem to be any enemies up ahead.,,aguardando tradução/revisão
rtevent.bin,315,0x3AF13,0x3AF41,,おい、ルートからはずれているぞ,"Hey, you're straying off the route!",,aguardando tradução/revisão
rtevent.bin,316,0x3AFE8,0x3B004,,よし！　こっちだ！,All right! Over here!,,aguardando tradução/revisão
rtevent.bin,317,0x3B079,0x3B0A1,,まだ敵は残っているはずだ！,There're still some enemies left!,,aguardando tradução/revisão
rtevent.bin,318,0x3B152,0x3B18C,,たすけてー！　誰かー！　誰か！お願い！,Help! Someone! Please! Help!,,aguardando tradução/revisão
rtevent.bin,319,0x3B226,0x3B2AA,,"人間の一人二人助けた所で何になる？
奴らは、たやすく増え、たやすく死ぬ、虫みたいなものだ","What is the point in saving one or two humans?
They reproduce like insects and die just as easily.",,aguardando tradução/revisão
rtevent.bin,320,0x3B458,0x3B486,,厄介な。　今は分が悪い、退け！,"This is bad... We're at a disadvantage.
You must run!",,aguardando tradução/revisão
rtevent.bin,321,0x3B576,0x3B58C,,まだ、戦える！,I can still fight!,,aguardando tradução/revisão
rtevent.bin,322,0x3B609,0x3B67E,,"だまれ！　奴ら全てを滅ぼすという目的を忘れたのか！
今のお前では、奴に勝てぬ！","Silence!
Have you forgotten that our goal is to destroy them all?
You can't defeat it as you are now!",,aguardando tradução/revisão
rtevent.bin,323,0x3B880,0x3B8C9,,よお、無事だったかい？　うまく逃げられたようだな,"Hey, so you're all right. Nice job getting away.",,aguardando tradução/revisão
rtevent.bin,324,0x3B9B5,0x3BA45,,"アリシア、理由は知らないが、あんたも悪魔を倒そうとしてるんだろう？
だったら、目的は俺達と一緒だ","Alicia, I don't know why, but you're trying to kill that demon too, right?
That means we're on the same side.",,aguardando tradução/revisão
rtevent.bin,325,0x3BC56,0x3BC9C,,この先に俺達の地下基地がある、そこで話がしたい,Our underground base is just up ahead. Let's talk there.,,aguardando tradução/revisão
rtevent.bin,326,0x3BDC0,0x3BDE2,,仲間もそこで待っている,Our friends are waiting there too.,,aguardando tradução/revisão
rtevent.bin,327,0x3BE97,0x3BED1,,くそったれ！うじゃうじゃときりがねえ！,Godammit! We don't have time for this!,,aguardando tradução/revisão
rtevent.bin,328,0x3BF9C,0x3BFF5,,アリシア!　裏の地下道を通って先に空港へ急げ！　後から行く！,"Alicia!
Take the underground passage to the airport!
I'll follow later!!",,aguardando tradução/revisão
rtevent.bin,329,0x3C17B,0x3C1E7,,"そこで仲間と合流して、飛行機で司令部へ向かう！
ここで死んだら犬死だぞ！","We'll meet my friends there and head for HQ by plane!
If we stay here, we'll die like dogs!",,aguardando tradução/revisão
rtevent.bin,330,0x3C3E4,0x3C45F,,"やれやれ、まさか助かるとは思わなかったぜ
ここからなら、司令部は歩いていける距離だ","Nice going. I didn't think we were going to make it.
We're close enough to walk to HQ from here.",,aguardando tradução/revisão
rtevent.bin,331,0x3C64D,0x3C681,,ここまでくれば、ひとまずは安全だな,"We've made it this far, so we can relax a little.",,aguardando tradução/revisão
rtevent.bin,332,0x3C7A5,0x3C7F6,,"けが人とお年寄りの面倒をみます
後で救助に来てください","I'll look after the old and injured.
Please come back for us.",,aguardando tradução/revisão
rtevent.bin,333,0x3C95F,0x3C9D7,,"待ちくたびれて、来ちまったぜ
アリシア、主役は出番が来るまで下がっててもらおうか","I got tired of waiting and decided to come.
Alicia, maybe you should stand back until the real show starts.",,aguardando tradução/revisão
rtevent.bin,334,0x3CBE5,0x3CC5E,,"聞け！　俺達の仕事は、奴の結界を剥がすことだ！
Dフォーメーションで包囲して戦う！","Listen!
Our job right now is to take care of that shield!
Get in D-Formation, surround them and fight!",,aguardando tradução/revisão
rtevent.bin,335,0x3CE45,0x3CEAE,,"生きようが死のうが地獄に悪魔だ！
だったら、戦って死ね！　分かったか！","Alive or dead, your enemy is a demon from hell!
So you may as well die fighting!
Understand?!",,aguardando tradução/revisão
rtevent.bin,336,0x3D0AB,0x3D10E,,"ガイストの数が、ここにきてかなり増えている
本体が近くにいる証拠ね","The number of geists has increased since we got here.
It's proof that the main body is nearby.",,aguardando tradução/revisão
rtevent.bin,337,0x3D2E9,0x3D355,,"この、おびただしい死臭
噂どおり…。　いや、それ以上の悪魔がいるようだな","That putrid stench of death.
The demon here... It's even stronger than I feared.",,aguardando tradução/revisão
rtevent.bin,338,0x3D4FA,0x3D522,,この街も滅びる運命のようだ,It seems this city is also doomed to destruction.,,aguardando tradução/revisão
staff.bin,1,0x214,,,“巨大悪魔に勝利、その影に美女の姿あり”,,,sem par em inglês; traduzir a partir do japonês
staff.bin,2,0x26A,,,“またも勝利、我らがレジスタンス”,,,sem par em inglês; traduzir a partir do japonês
staff.bin,3,0x2A1,,,“悪魔勢力に対し巻き返し、相当数を撃破”,,,sem par em inglês; traduzir a partir do japonês
staff.bin,4,0x2E1,,,“悪魔個体数が減少、増加認められず”,,,sem par em inglês; traduzir a partir do japonês
staff.bin,5,0x31C,,,“ウィルス抗体発見、ワクチンの開発急ピッチで進む”,,,sem par em inglês; traduzir a partir do japonês
staff.bin,6,0x36C,,,“食料供給徐々に回復、半年後には備蓄も”,,,sem par em inglês; traduzir a partir do japonês
staff.bin,7,0x3AD,,,“暫定政府樹立、治安回復に努めると声明”,,,sem par em inglês; traduzir a partir do japonês
staff.bin,8,0x3EE,,,“噂の魔女現る、その名は「アリシア」”,,,sem par em inglês; traduzir a partir do japonês
staff.bin,9,0x42F,,,“巨大悪魔に勝利、その影に美女の姿あり”,,,sem par em inglês; traduzir a partir do japonês
staff.bin,10,0x46C,,,“またも勝利、我らがレジスタンス”,,,sem par em inglês; traduzir a partir do japonês
staff.bin,11,0x4A0,,,“悪魔勢力に対し巻き返し、相当数を撃破”,,,sem par em inglês; traduzir a partir do japonês
staff.bin,12,0x4DD,,,“悪魔個体数が減少、増加認められず”,,,sem par em inglês; traduzir a partir do japonês
staff.bin,13,0x514,,,“ウィルス抗体発見、ワクチンの開発急ピッチで進む”,,,sem par em inglês; traduzir a partir do japonês
staff.bin,14,0x560,,,“食料供給徐々に回復、半年後には備蓄も”,,,sem par em inglês; traduzir a partir do japonês
staff.bin,15,0x59D,,,“暫定政府樹立、治安回復に努めると声明”,,,sem par em inglês; traduzir a partir do japonês
staff.bin,16,0x5DA,,,“噂の魔女現る、その名は「アリシア」”,,,sem par em inglês; traduzir a partir do japonês
sts.bin,1,0x5EC4,,,予約,,,sem par em inglês; traduzir a partir do japonês
sts.bin,2,0x5EE0,0x5EED,,翻る黒衣,Ｃｌａｄ ｉｎ Ｓｔｒｅａｍｉｎｇ Ｂｌａｃｋ,,aguardando tradução/revisão
sts.bin,3,0x6028,0x6032,,叫ぶ街,Ｔｈｅ Ｃｉｔｙ ｏｆ Ｓｃｒｅａｍｓ,,aguardando tradução/revisão
sts.bin,4,0x6176,0x618E,,炎上１００００ft,１０，０００ ｆｔ ｏｆ Ｆｌａｍｅｓ,,aguardando tradução/revisão
sts.bin,5,0x62C9,0x62D6,,暁の渓谷,Ｄａｗｎ ｉｎ ｔｈｅ Ｖａｌｌｅｙ,,aguardando tradução/revisão
sts.bin,6,0x63CE,0x63DE,,繋がれた魂,Ｔｈｅ Ｂｏｕｎｄ Ｓｏｕｌ,,aguardando tradução/revisão
sts.bin,7,0x64BF,0x64CF,,混沌の果て,Ｔｈｅ Ｅｎｄ ｏｆ Ｃｈａｏｓ,,aguardando tradução/revisão
sts.bin,8,0x65BE,0x65E1,,コンセプトミッション ０,Ｃｏｎｃｅｐｔ Ｍｉｓｓｉｏｎ ０,,aguardando tradução/revisão
sts.bin,9,0x66BD,0x66E0,,コンセプトミッション １,Ｃｏｎｃｅｐｔ Ｍｉｓｓｉｏｎ １,,aguardando tradução/revisão
sts.bin,10,0x67BC,0x67DF,,コンセプトミッション ２,Ｃｏｎｃｅｐｔ Ｍｉｓｓｉｏｎ ２,,aguardando tradução/revisão
sts.bin,11,0x68BB,0x68DE,,コンセプトミッション ３,Ｃｏｎｃｅｐｔ Ｍｉｓｓｉｏｎ ３,,aguardando tradução/revisão
sts.bin,12,0x69BA,0x69DD,,コンセプトミッション ４,Ｃｏｎｃｅｐｔ Ｍｉｓｓｉｏｎ ４,,aguardando tradução/revisão
sts.bin,13,0x6AB9,0x6ADC,,コンセプトミッション ５,Ｃｏｎｃｅｐｔ Ｍｉｓｓｉｏｎ ５,,aguardando tradução/revisão
sts.bin,14,0x6BB8,0x6BDB,,コンセプトミッション ６,Ｃｏｎｃｅｐｔ Ｍｉｓｓｉｏｎ ６,,aguardando tradução/revisão
sts.bin,15,0x6CB7,0x6CDA,,コンセプトミッション ７,Ｃｏｎｃｅｐｔ Ｍｉｓｓｉｏｎ ７,,aguardando tradução/revisão
sts.bin,16,0x6DB6,0x6DD9,,コンセプトミッション ８,Ｃｏｎｃｅｐｔ Ｍｉｓｓｉｏｎ ８,,aguardando tradução/revisão
sts.bin,17,0x6EB5,0x6ED8,,コンセプトミッション ９,Ｃｏｎｃｅｐｔ Ｍｉｓｓｉｏｎ ９,,aguardando tradução/revisão
sts.bin,18,0x6FB4,0x6FDA,,コンセプトミッション １０,Ｃｏｎｃｅｐｔ Ｍｉｓｓｉｏｎ １０,,aguardando tradução/revisão
sts.bin,19,0x70C5,0x70EB,,コンセプトミッション １１,Ｃｏｎｃｅｐｔ Ｍｉｓｓｉｏｎ １１,,aguardando tradução/revisão
sts.bin,20,0x71D6,0x71FC,,コンセプトミッション １２,Ｃｏｎｃｅｐｔ Ｍｉｓｓｉｏｎ １２,,aguardando tradução/revisão
sts.bin,21,0x72E7,0x730D,,コンセプトミッション １３,Ｃｏｎｃｅｐｔ Ｍｉｓｓｉｏｎ １３,,aguardando tradução/revisão
sts.bin,22,0x73F8,0x741E,,コンセプトミッション １４,Ｃｏｎｃｅｐｔ Ｍｉｓｓｉｏｎ １４,,aguardando tradução/revisão
sts.bin,23,0x7509,0x752F,,コンセプトミッション １５,Ｃｏｎｃｅｐｔ Ｍｉｓｓｉｏｎ １５,,aguardando tradução/revisão
sts.bin,24,0x761A,0x7640,,コンセプトミッション １６,Ｃｏｎｃｅｐｔ Ｍｉｓｓｉｏｎ １６,,aguardando tradução/revisão
sts.bin,25,0x772B,0x7751,,コンセプトミッション １７,Ｃｏｎｃｅｐｔ Ｍｉｓｓｉｏｎ １７,,aguardando tradução/revisão
sts.bin,26,0x783C,0x7862,,コンセプトミッション １８,Ｃｏｎｃｅｐｔ Ｍｉｓｓｉｏｎ １８,,aguardando tradução/revisão
sts.bin,27,0x794D,0x7973,,コンセプトミッション １９,Ｃｏｎｃｅｐｔ Ｍｉｓｓｉｏｎ １９,,aguardando tradução/revisão
sts.bin,28,0x7A5E,0x7A84,,コンセプトミッション ２０,Ｃｏｎｃｅｐｔ Ｍｉｓｓｉｏｎ ２０,,aguardando tradução/revisão
sts.bin,29,0x7B6F,0x7B95,,コンセプトミッション ２１,Ｃｏｎｃｅｐｔ Ｍｉｓｓｉｏｎ ２１,,aguardando tradução/revisão
sts.bin,30,0x7C80,0x7CA6,,コンセプトミッション ２２,Ｃｏｎｃｅｐｔ Ｍｉｓｓｉｏｎ ２２,,aguardando tradução/revisão
sts.bin,31,0x7D91,0x7DB7,,コンセプトミッション ２３,Ｃｏｎｃｅｐｔ Ｍｉｓｓｉｏｎ ２３,,aguardando tradução/revisão
sts.bin,32,0x7EA2,0x7EC8,,コンセプトミッション ２４,Ｃｏｎｃｅｐｔ Ｍｉｓｓｉｏｎ ２４,,aguardando tradução/revisão
sts.bin,33,0x7FB3,0x7FD9,,コンセプトミッション ２５,Ｃｏｎｃｅｐｔ Ｍｉｓｓｉｏｎ ２５,,aguardando tradução/revisão
sts.bin,34,0x80C4,0x80EA,,コンセプトミッション ２６,Ｃｏｎｃｅｐｔ Ｍｉｓｓｉｏｎ ２６,,aguardando tradução/revisão
sts.bin,35,0x81D5,0x81FB,,コンセプトミッション ２７,Ｃｏｎｃｅｐｔ Ｍｉｓｓｉｏｎ ２７,,aguardando tradução/revisão
sts.bin,36,0x82E6,0x830C,,コンセプトミッション ２８,Ｃｏｎｃｅｐｔ Ｍｉｓｓｉｏｎ ２８,,aguardando tradução/revisão
sts.bin,37,0x83F7,0x841D,,コンセプトミッション ２９,Ｃｏｎｃｅｐｔ Ｍｉｓｓｉｏｎ ２９,,aguardando tradução/revisão
sts.bin,38,0x8508,0x852E,,コンセプトミッション ３０,Ｃｏｎｃｅｐｔ Ｍｉｓｓｉｏｎ ３０,,aguardando tradução/revisão
sts.bin,39,0x8619,0x863F,,コンセプトミッション ３１,Ｃｏｎｃｅｐｔ Ｍｉｓｓｉｏｎ ３１,,aguardando tradução/revisão
sts.bin,40,0x872A,0x8750,,コンセプトミッション ３２,Ｃｏｎｃｅｐｔ Ｍｉｓｓｉｏｎ ３２,,aguardando tradução/revisão
sts.bin,41,0x883B,0x8861,,コンセプトミッション ３３,Ｃｏｎｃｅｐｔ Ｍｉｓｓｉｏｎ ３３,,aguardando tradução/revisão
sts.bin,42,0x894C,0x8972,,コンセプトミッション ３４,Ｃｏｎｃｅｐｔ Ｍｉｓｓｉｏｎ ３４,,aguardando tradução/revisão
sts.bin,43,0x8A5D,0x8A83,,コンセプトミッション ３５,Ｃｏｎｃｅｐｔ Ｍｉｓｓｉｏｎ ３５,,aguardando tradução/revisão
sts.bin,44,0x8B6E,0x8B94,,コンセプトミッション ３６,Ｃｏｎｃｅｐｔ Ｍｉｓｓｉｏｎ ３６,,aguardando tradução/revisão
sts.bin,45,0x8C7F,0x8CA5,,コンセプトミッション ３７,Ｃｏｎｃｅｐｔ Ｍｉｓｓｉｏｎ ３７,,aguardando tradução/revisão
sts.bin,46,0x8D90,0x8DB6,,コンセプトミッション ３８,Ｃｏｎｃｅｐｔ Ｍｉｓｓｉｏｎ ３８,,aguardando tradução/revisão
sts.bin,47,0x8EA1,0x8EC7,,コンセプトミッション ３９,Ｃｏｎｃｅｐｔ Ｍｉｓｓｉｏｎ ３９,,aguardando tradução/revisão
sts.bin,48,0x8FB2,0x8FD8,,コンセプトミッション ４０,Ｃｏｎｃｅｐｔ Ｍｉｓｓｉｏｎ ４０,,aguardando tradução/revisão
sts.bin,49,0x90C3,0x90E9,,コンセプトミッション ４１,Ｃｏｎｃｅｐｔ Ｍｉｓｓｉｏｎ ４１,,aguardando tradução/revisão
sts.bin,50,0x91D4,0x91FA,,コンセプトミッション ４２,Ｃｏｎｃｅｐｔ Ｍｉｓｓｉｏｎ ４２,,aguardando tradução/revisão
sts.bin,51,0x92E5,0x930B,,コンセプトミッション ４３,Ｃｏｎｃｅｐｔ Ｍｉｓｓｉｏｎ ４３,,aguardando tradução/revisão
sts.bin,52,0x93F6,0x941C,,コンセプトミッション ４４,Ｃｏｎｃｅｐｔ Ｍｉｓｓｉｏｎ ４４,,aguardando tradução/revisão
sts.bin,53,0x9507,0x952D,,コンセプトミッション ４５,Ｃｏｎｃｅｐｔ Ｍｉｓｓｉｏｎ ４５,,aguardando tradução/revisão
sts.bin,54,0x9618,0x963E,,コンセプトミッション ４６,Ｃｏｎｃｅｐｔ Ｍｉｓｓｉｏｎ ４６,,aguardando tradução/revisão
sts.bin,55,0x9729,0x974F,,コンセプトミッション ４７,Ｃｏｎｃｅｐｔ Ｍｉｓｓｉｏｎ ４７,,aguardando tradução/revisão
sts.bin,56,0x983A,0x9860,,コンセプトミッション ４８,Ｃｏｎｃｅｐｔ Ｍｉｓｓｉｏｎ ４８,,aguardando tradução/revisão
sts.bin,57,0x994B,0x9971,,コンセプトミッション ４９,Ｃｏｎｃｅｐｔ Ｍｉｓｓｉｏｎ ４９,,aguardando tradução/revisão
sts.bin,58,0x9A5C,0x9A82,,コンセプトミッション ５０,Ｃｏｎｃｅｐｔ Ｍｉｓｓｉｏｎ ５０,,aguardando tradução/revisão
sts.bin,59,0x9B6D,0x9B93,,コンセプトミッション ５１,Ｃｏｎｃｅｐｔ Ｍｉｓｓｉｏｎ ５１,,aguardando tradução/revisão
sts.bin,60,0x9C7E,0x9CA4,,コンセプトミッション ５２,Ｃｏｎｃｅｐｔ Ｍｉｓｓｉｏｎ ５２,,aguardando tradução/revisão
sts.bin,61,0x9D8F,0x9DB5,,コンセプトミッション ５３,Ｃｏｎｃｅｐｔ Ｍｉｓｓｉｏｎ ５３,,aguardando tradução/revisão
sts.bin,62,0x9EA0,0x9EC6,,コンセプトミッション ５４,Ｃｏｎｃｅｐｔ Ｍｉｓｓｉｏｎ ５４,,aguardando tradução/revisão
sts.bin,63,0x9FB1,0x9FD7,,コンセプトミッション ５５,Ｃｏｎｃｅｐｔ Ｍｉｓｓｉｏｎ ５５,,aguardando tradução/revisão
sts.bin,64,0xA0C2,0xA0E8,,コンセプトミッション ５６,Ｃｏｎｃｅｐｔ Ｍｉｓｓｉｏｎ ５６,,aguardando tradução/revisão
sts.bin,65,0xA1D3,0xA1F9,,コンセプトミッション ５７,Ｃｏｎｃｅｐｔ Ｍｉｓｓｉｏｎ ５７,,aguardando tradução/revisão
sts.bin,66,0xA2E4,0xA30A,,コンセプトミッション ５８,Ｃｏｎｃｅｐｔ Ｍｉｓｓｉｏｎ ５８,,aguardando tradução/revisão
sts.bin,67,0xA3F5,0xA41B,,コンセプトミッション ５９,Ｃｏｎｃｅｐｔ Ｍｉｓｓｉｏｎ ５９,,aguardando tradução/revisão
sts.bin,68,0xA506,0xA52C,,コンセプトミッション ６０,Ｃｏｎｃｅｐｔ Ｍｉｓｓｉｏｎ ６０,,aguardando tradução/revisão
sts.bin,69,0xA617,0xA63D,,コンセプトミッション ６１,Ｃｏｎｃｅｐｔ Ｍｉｓｓｉｏｎ ６１,,aguardando tradução/revisão
sts.bin,70,0xA728,0xA74E,,コンセプトミッション ６２,Ｃｏｎｃｅｐｔ Ｍｉｓｓｉｏｎ ６２,,aguardando tradução/revisão
sts.bin,71,0xA839,0xA85F,,コンセプトミッション ６３,Ｃｏｎｃｅｐｔ Ｍｉｓｓｉｏｎ ６３,,aguardando tradução/revisão
sts.bin,72,0xA94A,0xA970,,コンセプトミッション ６４,Ｃｏｎｃｅｐｔ Ｍｉｓｓｉｏｎ ６４,,aguardando tradução/revisão
sts.bin,73,0xAE70,,,予約,,,sem par em inglês; traduzir a partir do japonês
sts.bin,74,0xAEB3,0xAEC0,,翻る黒衣,"Clad in
Streaming Black",,aguardando tradução/revisão
sts.bin,75,0xAF1E,0xAF28,,叫ぶ街,"The City
of Screams",,aguardando tradução/revisão
sts.bin,76,0xAF92,0xAFAA,,炎上１００００ft,"10,000 Feet of Flames",,aguardando tradução/revisão
sts.bin,77,0xB024,0xB031,,暁の渓谷,Dawn in the Valley,,aguardando tradução/revisão
sts.bin,78,0xB092,0xB0A2,,繋がれた魂,The Bound Soul,,aguardando tradução/revisão
sts.bin,79,0xB0F8,0xB108,,混沌の果て,The End of Chaos,,aguardando tradução/revisão
sts.bin,80,0xB176,0xB199,,コンセプトミッション ０,Concept Mission 0,,aguardando tradução/revisão
sts.bin,81,0xB1EC,0xB20F,,コンセプトミッション １,Concept Mission 1,,aguardando tradução/revisão
sts.bin,82,0xB262,0xB285,,コンセプトミッション ２,Concept Mission 2,,aguardando tradução/revisão
sts.bin,83,0xB2D8,0xB2FB,,コンセプトミッション ３,Concept Mission 3,,aguardando tradução/revisão
sts.bin,84,0xB34E,0xB371,,コンセプトミッション ４,Concept Mission 4,,aguardando tradução/revisão
sts.bin,85,0xB3C4,0xB3E7,,コンセプトミッション ５,Concept Mission 5,,aguardando tradução/revisão
sts.bin,86,0xB43A,0xB45D,,コンセプトミッション ６,Concept Mission 6,,aguardando tradução/revisão
sts.bin,87,0xB4B0,0xB4D3,,コンセプトミッション ７,Concept Mission 7,,aguardando tradução/revisão
sts.bin,88,0xB526,0xB549,,コンセプトミッション ８,Concept Mission 8,,aguardando tradução/revisão
sts.bin,89,0xB59C,0xB5BF,,コンセプトミッション ９,Concept Mission 9,,aguardando tradução/revisão
sts.bin,90,0xB612,0xB638,,コンセプトミッション １０,Concept Mission 10,,aguardando tradução/revisão
sts.bin,91,0xB690,0xB6B6,,コンセプトミッション １１,Concept Mission 11,,aguardando tradução/revisão
sts.bin,92,0xB70E,0xB734,,コンセプトミッション １２,Concept Mission 12,,aguardando tradução/revisão
sts.bin,93,0xB78C,0xB7B2,,コンセプトミッション １３,Concept Mission 13,,aguardando tradução/revisão
sts.bin,94,0xB80A,0xB830,,コンセプトミッション １４,Concept Mission 14,,aguardando tradução/revisão
sts.bin,95,0xB888,0xB8AE,,コンセプトミッション １５,Concept Mission 15,,aguardando tradução/revisão
sts.bin,96,0xB906,0xB92C,,コンセプトミッション １６,Concept Mission 16,,aguardando tradução/revisão
sts.bin,97,0xB984,0xB9AA,,コンセプトミッション １７,Concept Mission 17,,aguardando tradução/revisão
sts.bin,98,0xBA02,0xBA28,,コンセプトミッション １８,Concept Mission 18,,aguardando tradução/revisão
sts.bin,99,0xBA80,0xBAA6,,コンセプトミッション １９,Concept Mission 19,,aguardando tradução/revisão
sts.bin,100,0xBAFE,0xBB24,,コンセプトミッション ２０,Concept Mission 20,,aguardando tradução/revisão
sts.bin,101,0xBB7C,0xBBA2,,コンセプトミッション ２１,Concept Mission 21,,aguardando tradução/revisão
sts.bin,102,0xBBFA,0xBC20,,コンセプトミッション ２２,Concept Mission 22,,aguardando tradução/revisão
sts.bin,103,0xBC78,0xBC9E,,コンセプトミッション ２３,Concept Mission 23,,aguardando tradução/revisão
sts.bin,104,0xBCF6,0xBD1C,,コンセプトミッション ２４,Concept Mission 24,,aguardando tradução/revisão
sts.bin,105,0xBD74,0xBD9A,,コンセプトミッション ２５,Concept Mission 25,,aguardando tradução/revisão
sts.bin,106,0xBDF2,0xBE18,,コンセプトミッション ２６,Concept Mission 26,,aguardando tradução/revisão
sts.bin,107,0xBE70,0xBE96,,コンセプトミッション ２７,Concept Mission 27,,aguardando tradução/revisão
sts.bin,108,0xBEEE,0xBF14,,コンセプトミッション ２８,Concept Mission 28,,aguardando tradução/revisão
sts.bin,109,0xBF6C,0xBF92,,コンセプトミッション ２９,Concept Mission 29,,aguardando tradução/revisão
sts.bin,110,0xBFEA,0xC010,,コンセプトミッション ３０,Concept Mission 30,,aguardando tradução/revisão
sts.bin,111,0xC068,0xC08E,,コンセプトミッション ３１,Concept Mission 31,,aguardando tradução/revisão
sts.bin,112,0xC0E6,0xC10C,,コンセプトミッション ３２,Concept Mission 32,,aguardando tradução/revisão
sts.bin,113,0xC164,0xC18A,,コンセプトミッション ３３,Concept Mission 33,,aguardando tradução/revisão
sts.bin,114,0xC1E2,0xC208,,コンセプトミッション ３４,Concept Mission 34,,aguardando tradução/revisão
sts.bin,115,0xC260,0xC286,,コンセプトミッション ３５,Concept Mission 35,,aguardando tradução/revisão
sts.bin,116,0xC2DE,0xC304,,コンセプトミッション ３６,Concept Mission 36,,aguardando tradução/revisão
sts.bin,117,0xC35C,0xC382,,コンセプトミッション ３７,Concept Mission 37,,aguardando tradução/revisão
sts.bin,118,0xC3DA,0xC400,,コンセプトミッション ３８,Concept Mission 38,,aguardando tradução/revisão
sts.bin,119,0xC458,0xC47E,,コンセプトミッション ３９,Concept Mission 39,,aguardando tradução/revisão
sts.bin,120,0xC4D6,0xC4FC,,コンセプトミッション ４０,Concept Mission 40,,aguardando tradução/revisão
sts.bin,121,0xC554,0xC57A,,コンセプトミッション ４１,Concept Mission 41,,aguardando tradução/revisão
sts.bin,122,0xC5D2,0xC5F8,,コンセプトミッション ４２,Concept Mission 42,,aguardando tradução/revisão
sts.bin,123,0xC650,0xC676,,コンセプトミッション ４３,Concept Mission 43,,aguardando tradução/revisão
sts.bin,124,0xC6CE,0xC6F4,,コンセプトミッション ４４,Concept Mission 44,,aguardando tradução/revisão
sts.bin,125,0xC74C,0xC772,,コンセプトミッション ４５,Concept Mission 45,,aguardando tradução/revisão
sts.bin,126,0xC7CA,0xC7F0,,コンセプトミッション ４６,Concept Mission 46,,aguardando tradução/revisão
sts.bin,127,0xC848,0xC86E,,コンセプトミッション ４７,Concept Mission 47,,aguardando tradução/revisão
sts.bin,128,0xC8C6,0xC8EC,,コンセプトミッション ４８,Concept Mission 48,,aguardando tradução/revisão
sts.bin,129,0xC944,0xC96A,,コンセプトミッション ４９,Concept Mission 49,,aguardando tradução/revisão
sts.bin,130,0xC9C2,0xC9E8,,コンセプトミッション ５０,Concept Mission 50,,aguardando tradução/revisão
sts.bin,131,0xCA40,0xCA66,,コンセプトミッション ５１,Concept Mission 51,,aguardando tradução/revisão
sts.bin,132,0xCABE,0xCAE4,,コンセプトミッション ５２,Concept Mission 52,,aguardando tradução/revisão
sts.bin,133,0xCB3C,0xCB62,,コンセプトミッション ５３,Concept Mission 53,,aguardando tradução/revisão
sts.bin,134,0xCBBA,0xCBE0,,コンセプトミッション ５４,Concept Mission 54,,aguardando tradução/revisão
sts.bin,135,0xCC38,0xCC5E,,コンセプトミッション ５５,Concept Mission 55,,aguardando tradução/revisão
sts.bin,136,0xCCB6,0xCCDC,,コンセプトミッション ５６,Concept Mission 56,,aguardando tradução/revisão
sts.bin,137,0xCD34,0xCD5A,,コンセプトミッション ５７,Concept Mission 57,,aguardando tradução/revisão
sts.bin,138,0xCDB2,0xCDD8,,コンセプトミッション ５８,Concept Mission 58,,aguardando tradução/revisão
sts.bin,139,0xCE30,0xCE56,,コンセプトミッション ５９,Concept Mission 59,,aguardando tradução/revisão
sts.bin,140,0xCEAE,0xCED4,,コンセプトミッション ６０,Concept Mission 60,,aguardando tradução/revisão
sts.bin,141,0xCF2C,0xCF52,,コンセプトミッション ６１,Concept Mission 61,,aguardando tradução/revisão
sts.bin,142,0xCFAA,0xCFD0,,コンセプトミッション ６２,Concept Mission 62,,aguardando tradução/revisão
sts.bin,143,0xD028,0xD04E,,コンセプトミッション ６３,Concept Mission 63,,aguardando tradução/revisão
sts.bin,144,0xD0A6,0xD0CC,,コンセプトミッション ６４,Concept Mission 64,,aguardando tradução/revisão
sys.bin,1,0x23415,0x23425,,予約,Ｒｅｓｅｒｖａｔｉｏｎ,,aguardando tradução/revisão
sys.bin,2,0x23468,0x2346F,,はい,Ｙｅｓ,,aguardando tradução/revisão
sys.bin,3,0x23496,0x234A0,,いいえ,Ｎｏ,,aguardando tradução/revisão
sys.bin,4,0x234CF,0x2352B,,"最新のコンティニューポイントからやり直します
よろしいですか？",Ｒｅｓｔａｒｔ ｆｒｏｍ ｔｈｅ ｌａｓｔ ｃｈｅｃｋｐｏｉｎｔ？,,aguardando tradução/revisão
sys.bin,5,0x2371F,0x23793,,"ステージの最初からやり直します
プレイデータは破棄されますが、よろしいですか？","Ｒｅｓｔａｒｔ ｆｒｏｍ ｔｈｅ ｂｅｇｉｎｎｉｎｇ ｏｆ
ｔｈｅ ｓｔａｇｅ． Ｇａｍｅ ｐｒｏｇｒｅｓｓ ｗｉｌｌ ｂｅ ｌｏｓｔ．
ＯＫ？",,aguardando tradução/revisão
sys.bin,6,0x23B53,0x23B9D,,"ゲームを抜けてタイトルに戻ります
よろしいですか？","Ｅｘｉｔ ｔｈｅ ｇａｍｅ ａｎｄ ｒｅｔｕｒｎ
ｔｏ ｔｈｅ ｔｉｔｌｅ ｓｃｒｅｅｎ？",,aguardando tradução/revisão
sys.bin,7,0x23E46,0x23E5C,,セーブして終了,Ｓａｖｅ ａｎｄ Ｑｕｉｔ,,aguardando tradução/revisão
sys.bin,8,0x23F49,0x23F5C,,そのまま終了,Ｑｕｉｔ ｗｉｔｈｏｕｔ Ｓａｖｉｎｇ,,aguardando tradução/revisão
sys.bin,9,0x24079,0x240AA,,ロードしてゲームを開始しますか？,Ｌｏａｄ ｓａｖｅｄ ｇａｍｅ？,,aguardando tradução/revisão
sys.bin,10,0x241F2,0x24232,,プレイ中にヒントメッセージを表示しますか？,Ｄｉｓｐｌａｙ ｈｉｎｔｓ ｄｕｒｉｎｇ ｐｌａｙ？,,aguardando tradução/revisão
sys.bin,11,0x2443B,0x24495,,"ゲーマー プロフィールが変更されたので
ゲームをリセットします","Ｙｏｕｒ ｇａｍｅｒ ｐｒｏｆｉｌｅ ｈａｓ ｃｈａｎｇｅｄ．
Ｔｈｅ ｇａｍｅ ｗｉｌｌ ｎｏｗ ｒｅｓｅｔ．
                            ",,aguardando tradução/revisão
sys.bin,12,0x24806,0x24856,,"最新のコンティニューポイントの状態を
セーブしますか？",Ｓａｖｅ ｙｏｕｒ ｓｔａｔｕｓ ａｓ ｏｆ ｔｈｅ ｌａｓｔ ｃｈｅｃｋｐｏｉｎｔ？,,aguardando tradução/revisão
sys.bin,13,0x24BA8,0x24BCD,,新しくゲームを開始します,Ｓｔａｒｔ ａ ｎｅｗ ｇａｍｅ．,,aguardando tradução/revisão
sys.bin,14,0x24D14,0x24D60,,ストレージからデータをロードしてゲームを開始します,Ｃｏｎｔｉｎｕｅ ｔｈｅ ｇａｍｅ ｕｓｉｎｇ ｔｈｅ ｓａｖｅｄ ｐｒｏｇｒｅｓｓ.,,aguardando tradução/revisão
sys.bin,15,0x24F16,0x24F4A,,ステージを選んでゲームを開始します,Ｐｉｃｋ ａ ｓｔａｇｅ ｔｏ ｓｔａｒｔ ｆｒｏｍ．,,aguardando tradução/revisão
sys.bin,16,0x250B3,0x250DB,,オプションの設定を行います,Ｓｅｔ ｖａｒｉｏｕｓ ｇａｍｅ ｏｐｔｉｏｎｓ．,,aguardando tradução/revisão
sys.bin,17,0x25243,0x25268,,Xbox Liveメニューを開きます,Ｏｐｅｎ ｔｈｅ Ｘｂｏｘ Ｌｉｖｅ ｍｅｎｕ．,,aguardando tradução/revisão
sys.bin,18,0x253A6,0x253E0,,コンセプトミッションを選んで開始します,Ｓｔａｒｔ ａ ｃｏｎｃｅｐｔ ｍｉｓｓｉｏｎ．,,aguardando tradução/revisão
sys.bin,19,0x2553D,0x25544,,選択,Ｓｅｌｅｃｔ,,aguardando tradução/revisão
sys.bin,20,0x255CB,0x255D2,,決定,ＯＫ,,aguardando tradução/revisão
sys.bin,21,0x255EC,0x255FC,,キャンセル,Ｃａｎｃｅｌ,,aguardando tradução/revisão
sys.bin,22,0x25670,0x25686,,ランキング確認,Ｖｉｅｗ Ｒａｎｋｉｎｇｓ,,aguardando tradução/revisão
sys.bin,23,0x25776,0x25783,,次へ進む,Ｎｅｘｔ,,aguardando tradução/revisão
sys.bin,24,0x257E8,0x257FB,,ステージ切替,Ｓｗｉｔｃｈ Ｓｔａｇｅ,,aguardando tradução/revisão
sys.bin,25,0x258C3,0x258D3,,モード切替,Ｓｗｉｔｃｈ Ｍｏｄｅ,,aguardando tradução/revisão
sys.bin,26,0x25994,0x259A4,,スクロール,Ｓｃｒｏｌｌ,,aguardando tradução/revisão
sys.bin,27,0x25A2A,0x25A32,,+100位,Ｕｐ 100,,aguardando tradução/revisão
sys.bin,28,0x25A6A,0x25A72,,-100位,Ｄｏｗｎ 100,,aguardando tradução/revisão
sys.bin,29,0x25AC0,0x25ADC,,ゲーマースコア表示,Ｄｉｓｐｌａｙ ｍｙ ｓｃｏｒｅ,,aguardando tradução/revisão
sys.bin,30,0x25BD8,0x25BDF,,切替,Ｓｗｉｔｃｈ,,aguardando tradução/revisão
sys.bin,31,0x25C4A,0x25C51,,戻る,Ｇｏ ｂａｃｋ,,aguardando tradução/revisão
sys.bin,32,0x25CB9,0x25CC6,,初期設定,Ｄｅｆａｕｌｔ,,aguardando tradução/revisão
sys.bin,33,0x25D54,0x25D7A,,ゲーマー プロフィール表示,Ｄｉｓｐｌａｙ Ｇａｍｅｒ ｐｒｏｆｉｌｅ,,aguardando tradução/revisão
sys.bin,34,0x25ED2,,,予約 ガイドボタン,,,sem par em inglês; traduzir a partir do japonês
sys.bin,35,0x25EEC,0x25F16,,コンティニューポイント通過,Ｃｈｅｃｋｐｏｉｎｔ,,aguardando tradução/revisão
sys.bin,36,0x26040,,,continue point予約,,,sem par em inglês; traduzir a partir do japonês
sys.bin,37,0x26075,0x26108,,"難易度「ＥＡＳＹ」のクリアデータがあります
難易度「ＮＯＲＭＡＬ」のステージ1からゲームを開始します","Ｆｏｕｎｄ ｆｉｎｉｓｈｅｄ ｐｒｏｇｒｅｓｓ ｆｏｒ ［Ｅａｓｙ］ ｍｏｄｅ．
Ｔｈｉｓ ｗｉｌｌ ｓｔａｒｔ ｔｈｅ ｇａｍｅ ｆｒｏｍ ｔｈｅ
ｆｉｒｓｔ ｓｔａｇｅ ｏｆ ［Ｎｏｒｍａｌ］ ｍｏｄｅ．
                                                    ",,aguardando tradução/revisão
sys.bin,38,0x26712,0x267A5,,"難易度「ＮＯＲＭＡＬ」のクリアデータがあります
難易度「ＨＡＲＤ」のステージ1からゲームを開始します","Ｆｏｕｎｄ ｆｉｎｉｓｈｅｄ ｐｒｏｇｒｅｓｓ ｆｏｒ ［Ｎｏｒｍａｌ］ ｍｏｄｅ．
Ｔｈｉｓ ｗｉｌｌ ｓｔａｒｔ ｔｈｅ ｇａｍｅ ｆｒｏｍ ｔｈｅ
ｆｉｒｓｔ ｓｔａｇｅ ｏｆ ［Ｈａｒｄ］ ｍｏｄｅ．
                                                             ",,aguardando tradução/revisão
sys.bin,39,0x26DD0,0x26E60,,"難易度「ＨＡＲＤ」のクリアデータがあります
難易度「ＣＨＡＯＳ」のステージ1からゲームを開始します","Ｆｏｕｎｄ ｆｉｎｉｓｈｅｄ ｐｒｏｇｒｅｓｓ ｆｏｒ ［Ｈａｒｄ］ ｍｏｄｅ．
Ｔｈｉｓ ｗｉｌｌ ｓｔａｒｔ ｔｈｅ ｇａｍｅ ｆｒｏｍ ｔｈｅ
ｆｉｒｓｔ ｓｔａｇｅ ｏｆ ［Ｃｈａｏｓ］ ｍｏｄｅ．
                                                                     ",,aguardando tradução/revisão
sys.bin,40,0x27483,0x27513,,"難易度「ＣＨＡＯＳ」のクリアデータがあります
難易度「ＨＥＬＬ」のステージ1からゲームを開始します","Ｆｏｕｎｄ ｆｉｎｉｓｈｅｄ ｐｒｏｇｒｅｓｓ ｆｏｒ ［Ｃｈａｏｓ］ ｍｏｄｅ．
Ｔｈｉｓ ｗｉｌｌ ｓｔａｒｔ ｔｈｅ ｇａｍｅ ｆｒｏｍ ｔｈｅ
ｆｉｒｓｔ ｓｔａｇｅ ｏｆ ［Ｈｅｌｌ］ ｍｏｄｅ．
                                                                    ",,aguardando tradução/revisão
sys.bin,41,0x27C4A,0x27C7D,,"字幕表示のオン/オフを切り
替えます","Ｔｕｒｎ
ｓｕｂｔｉｔｌｅｓ
ＯＮ ｏｒ ＯＦＦ．",,aguardando tradução/revisão
sys.bin,42,0x27E2B,0x27E6D,,"チュートリアル表示の
オン/オフを切り替えます","Ｔｕｒｎ
ｔｕｔｏｒｉａｌｓ
ＯＮ ｏｒ ＯＦＦ．",,aguardando tradução/revisão
sys.bin,43,0x28002,0x28041,,"オートセーブ機能の
オン/オフを切り替えます","Ｔｕｒｎ
ａｕｔｏｓａｖｅ
ＯＮ ｏｒ ＯＦＦ．",,aguardando tradução/revisão
sys.bin,44,0x28276,0x2829F,,"BGMのボリュームを設定
します","Ａｄｊｕｓｔ
ｔｈｅ ｖｏｌｕｍｅ
ｏｆ ｔｈｅ ＢＧＭ．",,aguardando tradução/revisão
sys.bin,45,0x28462,0x28496,,"SEとボイスのボリュームを
設定します","Ａｄｊｕｓｔ
ｔｈｅ ｖｏｌｕｍｅ
ｏｆ ｔｈｅ ＳＦＸ
ａｎｄ ｖｏｉｃｅｓ.",,aguardando tradução/revisão
sys.bin,46,0x286A7,0x286D6,,"コントローラーの設定を
行います","Ｃｈａｎｇｅ
ｃｏｎｔｒｏｌｌｅｒ
ｓｅｔｔｉｎｇｓ．",,aguardando tradução/revisão
sys.bin,47,0x28890,0x288B5,,画面の明るさを設定します,"Ａｄｊｕｓｔ
ｓｃｒｅｅｎ
ｂｒｉｇｈｔｎｅｓｓ．",,aguardando tradução/revisão
sys.bin,48,0x28A4E,0x28A8C,,"データをセーブする
ストレージを変更します","Ｃｈａｎｇｅ
ｓｔｏｒａｇｅ
ｄｅｖｉｃｅ．",,aguardando tradução/revisão
sys.bin,49,0x28C37,0x28C85,,"アビリティやガンロッド
魔法のパワーアップを
行います","Ｐｏｗｅｒ ｕｐ
ａｂｉｌｉｔｉｅｓ
ｇｕｎｒｏｄ ｏｒ
ｍａｇｉｃ．",,aguardando tradução/revisão
sys.bin,50,0x28EB9,0x28EE5,,"アリシアの衣装変えを
行います","Ｃｈａｎｇｅ
Ａｌｉｃｉａ’ｓ
ｃｏｓｔｕｍｅ．",,aguardando tradução/revisão
sys.bin,51,0x29049,0x29087,,"変更内容をセーブして
オプションを抜けます","Ｓａｖｅ ｃｈａｎｇｅｓ
ａｎｄ ｅｘｉｔ
Ｏｐｔｉｏｎｓ．",,aguardando tradução/revisão
sys.bin,52,0x292EE,0x2932B,,アクションゲームが苦手な人におすすめです,Ｇｏｏｄ ｆｏｒ ｎｏｎ-ａｃｔｉｏｎ ｇａｍｅｒｓ,,aguardando tradução/revisão
sys.bin,53,0x29475,0x294B2,,アクションゲームが得意な人におすすめです,Ｇｏｏｄ ｆｏｒ ｆａｎｓ ｏｆ ａｃｔｉｏｎ ｇａｍｅｓ,,aguardando tradução/revisão
sys.bin,54,0x29612,0x2964F,,やりごたえを求めるチャレンジャー向けです,Ｆｏｒ ｃｈａｌｌｅｎｇｅ-ｓｅｅｋｅｒｓ,,aguardando tradução/revisão
sys.bin,55,0x297AB,0x297E8,,戦うことでしか生きられなくなったあなたへ,Ｆｏｒ ｔｈｏｓｅ ｗｈｏ ｌｕｓｔ ｆｏｒ ｂａｔｔｌｅ,,aguardando tradução/revisão
sys.bin,56,0x29950,0x29978,,更なる地獄の深淵を望む者へ,Ｔａｓｔｅ ｎｅｗ ｄｅｐｔｈｓ ｏｆ ｈｅｌｌ,,aguardando tradução/revisão
sys.bin,57,0x29AEC,0x29B3E,,Ｌスティックで画面を移動、Ａボタンで決定してください。,"Ｍｏｖｅ ｔｈｅ ｓｃｒｅｅｎ ｗｉｔｈ ｔｈｅ ｌｅｆｔ ｓｔｉｃｋ，
ａｎｄ ｐｒｅｓｓ ｔｈｅ Ａ ｂｕｔｔｏｎ ｔｏ ｄｅｃｉｄｅ．",,aguardando tradução/revisão
sys.bin,58,0x29F63,0x29F79,,翻   る   黒   衣,Ｃｌａｄ ｉｎ Ｓｔｒｅａｍｉｎｇ Ｂｌａｃｋ,,aguardando tradução/revisão
sys.bin,59,0x2A070,0x2A080,,叫   ぶ   街,Ｔｈｅ Ｃｉｔｙ ｏｆ Ｓｃｒｅａｍｓ,,aguardando tradução/revisão
sys.bin,60,0x2A17F,0x2A1A6,,炎   上   １ ０ ０ ０ ０ ｆｔ,１０，０００ ｆｔ ｏｆ Ｆｌａｍｅｓ,,aguardando tradução/revisão
sys.bin,61,0x2A2A7,0x2A2BD,,暁   の   渓   谷,Ｄａｗｎ ｉｎ ｔｈｅ Ｖａｌｌｅｙ,,aguardando tradução/revisão
sys.bin,62,0x2A3B4,0x2A3D0,,繋   が   れ   た   魂,Ｔｈｅ Ｂｏｕｎｄ Ｓｏｕｌ,,aguardando tradução/revisão
sys.bin,63,0x2A4B8,0x2A4D4,,混   沌   の   果   て,Ｔｈｅ Ｅｎｄ ｏｆ Ｃｈａｏｓ,,aguardando tradução/revisão
sys.bin,64,0x2A60B,0x2A637,,"操作方法を初期設定に
戻します","Ｃｏｎｔｒｏｌｓ ｗｉｌｌ
ｂｅ ｒｅｔｕｒｎｅｄ
ｔｏ ｄｅｆａｕｌｔ
ｓｅｔｔｉｎｇｓ．",,aguardando tradução/revisão
sys.bin,65,0x2A8C8,0x2A8ED,,操作方法の変更を行います,"Ｅｄｉｔ
ｃｏｎｔｒｏｌｓ．",,aguardando tradução/revisão
sys.bin,66,0x2A9FE,0x2AA51,,"変更した操作方法をセーブして
キーコンフィグを終了します","Ｓａｖｅ ｅｄｉｔｅｄ
ｃｏｎｔｒｏｌｓ ａｎｄ
ｅｘｉｔ ｃｏｎｆｉｇ．",,aguardando tradução/revisão
sys.bin,67,0x2ACAC,0x2ACFD,,"キャラクターの移動を
操作します
押し込みでしゃがみます","Ｍｏｖｅｓ
ｃｈａｒａｃｔｅｒ．
Ｃｌｉｃｋ ｔｏ
ｃｒｏｕｃｈ.",,aguardando tradução/revisão
sys.bin,68,0x2AF24,0x2AF78,,"視点を操作します
押し込みでカメラのモードを
切り替えます","Ｃｏｎｔｒｏｌｓ
ｖｉｅｗｐｏｉｎｔ．
Ｃｌｉｃｋ ｔｏ ｃｈａｎｇｅ
ｃａｍｅｒａ ｍｏｄｅ．",,aguardando tradução/revisão
sys.bin,69,0x2B1F7,0x2B21F,,魔法詠唱リングを表示します,"Ｄｉｓｐｌａｙｓ
ｍａｇｉｃ ｒｉｎｇ．",,aguardando tradução/revisão
sys.bin,70,0x2B35F,0x2B375,,射撃を行います,Ｆｉｒｅｓ ｇｕｎｒｏｄ．,,aguardando tradução/revisão
sys.bin,71,0x2B45B,0x2B480,,回避アクションを行います,"Ｅｘｅｃｕｔｅｓ
ａ ｄｏｄｇｅ
ａｃｔｉｏｎ．",,aguardando tradução/revisão
sys.bin,72,0x2B5C5,0x2B5DB,,格闘を行います,"Ｅｘｅｃｕｔｅｓ
ａ ｍｅｌｅｅ
ａｔｔａｃｋ．",,aguardando tradução/revisão
sys.bin,73,0x2B746,0x2B787,,"装備しているガンロッドの
種類を切り替えます","Ｓｗｉｔｃｈｅｓ
ｅｑｕｉｐｐｅｄ
ｇｕｎｒｏｄ．",,aguardando tradução/revisão
sys.bin,74,0x2B8DC,0x2B901,,弾丸のリロードを行います,"Ｒｅｌｏａｄｓ
ａｍｍｕｎｉｔｉｏｎ．",,aguardando tradução/revisão
sys.bin,75,0x2BA23,0x2BA36,,使用しません,Ｎｏｔ ｕｓｅｄ．,,aguardando tradução/revisão
sys.bin,76,0x2BAC5,0x2BAF4,,"視点の上下の動きを
入れ替えます","Ｉｎｖｅｒｔｓ
ｍｏｖｅｍｅｎｔ
ｏｆ ｖｉｅｗｐｏｉｎｔ．",,aguardando tradução/revisão
sys.bin,77,0x2BC8A,0x2BCB9,,"視点の左右の動きを
入れ替えます","Ｒｅｖｅｒｓｅｓ
ｌｅｆｔ ａｎｄ ｒｉｇｈｔ
ｍｏｖｅｍｅｎｔ ｏｆ
ｖｉｅｗｐｏｉｎｔ．",,aguardando tradução/revisão
sys.bin,78,0x2BF0D,0x2BF51,,"操作方法を初期設定に戻します
よろしいですか？",Ｒｅｔｕｒｎ ｃｏｎｔｒｏｌｓ ｔｏ ｄｅｆａｕｌｔ ｓｅｔｔｉｎｇｓ？,,aguardando tradução/revisão
sys.bin,79,0x2C190,0x2C1EC,,"操作方法が変更されていますが
変更をキャンセルして抜けますか？","Ｃｏｎｔｒｏｌｓ ｈａｖｅ ｂｅｅｎ ｃｈａｎｇｅｄ．
Ｅｘｉｔ ａｎｄ ｕｎｄｏ ｃｈａｎｇｅｓ？",,aguardando tradução/revisão
sys.bin,80,0x2D365,0x2D45C,,"１番左端のカラスと１番右端のカラスが見えるように
テレビモニターの明るさを調整して下さい。
両方に合わせられない場合は
１番左端のカラスが見えるように調整してください。","Ａｄｊｕｓｔ ｔｈｅ ｂｒｉｇｈｔｎｅｓｓ ｏｆ ｔｈｅ ｍｏｎｉｔｏｒ
ｕｎｔｉｌ ｙｏｕ ｃａｎ ｓｅｅ ｂｏｔｈ ｏｆ ｔｈｅ
ｒａｖｅｎｓ ａｔ ｔｈｅ ｆａｒ ｅｄｇｅｓ ｏｆ ｔｈｅ
ｓｃｒｅｅｎ． Ｉｆ ｂｏｔｈ ｃａｎｎｏｔ ｂｅ ｓｅｅｎ ａｔ ｏｎｃｅ，
ａｄｊｕｓｔ ｕｎｔｉｌ ｔｈｅ ｌｅｆｔ ｒａｖｅｎ ｉｓ ｖｉｓｉｂｌｅ．",,aguardando tradução/revisão
sys.bin,81,0x2DDDF,0x2DE07,,ヘルプメニューを閲覧します,Ｖｉｅｗ ｈｅｌｐ ｍｅｎｕ.,,aguardando tradução/revisão
sys.bin,82,0x2DF1F,0x2DF44,,オプション設定を行います,Ｃｈａｎｇｅ ｏｐｔｉｏｎ ｓｅｔｔｉｎｇｓ.,,aguardando tradução/revisão
sys.bin,83,0x2E0D8,0x2E118,,最新のコンテニューポイントからやり直します,Ｃｏｎｔｉｎｕｅ ｆｒｏｍ ｌａｓｔ ｓａｖｅ ｐｏｉｎｔ．,,aguardando tradução/revisão
sys.bin,84,0x2E324,0x2E352,,ステージの最初からやり直します,Ｒｅｓｔａｒｔ ｆｒｏｍ ｂｅｇｉｎｎｉｎｇ ｏｆ ｓｔａｇｅ.,,aguardando tradução/revisão
sys.bin,85,0x2E51F,0x2E550,,ゲームをやめてタイトルに戻ります,Ｑｕｉｔ ｇａｍｅ． Ｒｅｔｕｒｎ ｔｏ ｔｉｔｌｅ ｓｃｒｅｅｎ．,,aguardando tradução/revisão
sys.bin,86,0x2E76F,0x2E788,,ゲームに戻ります,Ｒｅｔｕｒｎ ｔｏ ｇａｍｅ.,,aguardando tradução/revisão
sys.bin,87,0x2EA01,0x2EA42,,"コントローラ振動の
オン・オフを切り替えます","Ｔｏｇｇｌｅ ＯＮ/ＯＦＦ
ｃｏｎｔｒｏｌｌｅｒ
ｖｉｂｒａｔｉｏｎ.",,aguardando tradução/revisão
sys.bin,88,0x2EC4A,0x2EC73,,"視点の回転速度を
設定します","Ａｄｊｕｓｔ Ｔｕｒｎ
Ｓｐｅｅｄ 
ｓｅｔｔｉｎｇ．",,aguardando tradução/revisão
sys.bin,89,0x2EF00,0x2EF10,,デフォルト,Ｃｈａｎｇｅ Ｓｔａｇｅ,,aguardando tradução/revisão
sys.bin,90,0x2EF7E,0x2EF8E,,＋１００位,Ｕｐ １００,,aguardando tradução/revisão
sys.bin,91,0x2EF9F,0x2EFAF,,－１００位,Ｄｏｗｎ １００,,aguardando tradução/revisão
sys.bin,92,0x3267A,,,方向パッド,,,sem par em inglês; traduzir a partir do japonês
sys.bin,93,0x3268A,,,"<ico key_ls>[ＬＳ] 
　　プレイヤー移動
<ico key_rs>[ＲＳ]
　　カメラ旋回
<ico key_lb>/<ico key_rb>[ＬB/RB]
　　魔法詠唱リング呼び出し
<ico key_rt>[ＲＴ]
　　射撃
<ico key_lt>[ＬＴ]
　　回避
<ico key_a>[Ａ]
　　格闘
<ico key_b>[Ｂ]
　　武器切り替え
<ico key_x>[Ｘ]
　　リロード
<ico key_y>[Ｙ]
　　使用しません",,,sem par em inglês; traduzir a partir do japonês
sys.bin,94,0x3280C,,,次画面へ移行,,,sem par em inglês; traduzir a partir do japonês
sys.bin,95,0x3281F,0x3299C,,"魔法詠唱リングは<ico key_lb> 又は<ico key_rb>を押すことで呼び出せます。
階層は3段階まであり、その階層切替も<ico key_lb>又は <ico key_rb>で行います。
各階層で詠唱したい魔法に対応している、<ico key_a>、<ico key_b>、<ico key_x>ボタンを押します。
<ico key_y>ボタンで詠唱をキャンセルします。",Ｅｌｅｍｅｎｔ Ｓｈｏｔ,,aguardando tradução/revisão
sys.bin,96,0x32A71,,,"ガンロッドに魔法属性を与え、特殊な弾丸を発射する魔法です。
物理攻撃を防ぐ魔法の壁を作り出し激しい銃撃戦の時に有効です。
敵をバラのトゲで串刺しにします。密集した敵の集団に有効です。
魔力で近くの物体を吹き飛ばし他の物にぶつけて破壊できます。
傷で瀕死となった人々を回復する魔法です。
カラスの大群を呼び出して、敵を混乱させて足止めをする魔法です。
強力な雷で、あらゆる敵を一撃で
葬りさる、究極の破壊力を持つ大魔法です。",,,sem par em inglês; traduzir a partir do japonês
sys.bin,97,0x32CDD,,,ゲーム開始,,,sem par em inglês; traduzir a partir do japonês
sys.bin,98,0x32CED,,,ゲームを開始します,,,sem par em inglês; traduzir a partir do japonês
sys.bin,99,0x32D09,,,体験版を終了します,,,sem par em inglês; traduzir a partir do japonês
sys.bin,100,0x32D25,,,"体験版を終了します。
よろしいですか？",,,sem par em inglês; traduzir a partir do japonês
sys.bin,101,0x33155,,,メモカメッセージ,,,sem par em inglês; traduzir a partir do japonês
sys.bin,102,0x3316E,0x331BD,,データをセーブ、ロードするストレージを選択しますか？,Ｓｅｌｅｃｔ ａ ｓｔｏｒａｇｅ ｄｅｖｉｃｅ ｆｏｒ ｓａｖｉｎｇ/ｌｏａｄｉｎｇ？,,aguardando tradução/revisão
sys.bin,103,0x334B7,0x334FA,,データをセーブするストレージを選択しますか？,Ｓｅｌｅｃｔ ａ ｓｔｏｒａｇｅ ｄｅｖｉｃｅ ｆｏｒ ｓａｖｉｎｇ？,,aguardando tradução/revisão
sys.bin,104,0x3378C,0x337A5,,ロードしています,Ｌｏａｄｉｎｇ,,aguardando tradução/revisão
sys.bin,105,0x33849,0x3388D,,"保存しています
本体の電源を切らないでください","Ｓａｖｉｎｇ ｃｏｎｔｅｎｔ．
Ｐｌｅａｓｅ ｄｏｎ’ｔ ｔｕｒｎ ｏｆｆ ｙｏｕｒ ｃｏｎｓｏｌｅ．",,aguardando tradução/revisão
sys.bin,106,0x33B53,0x33B66,,完了しました,Ｆｉｎｉｓｈｅｄ,,aguardando tradução/revisão
sys.bin,107,0x33BE8,0x33C50,,"指定されたストレージが接続されていません
ストレージを選択してください","Ｔｈｅ ｓｔｏｒａｇｅ ｄｅｖｉｃｅ ｙｏｕ ｉｎｄｉｃａｔｅｄ ｉｓ ｎｏｔ ｃｏｎｎｅｃｔｅｄ．
Ｐｌｅａｓｅ ｓｅｌｅｃｔ ａｎｏｔｈｅｒ ｓｔｏｒａｇｅ ｄｅｖｉｃｅ．
                                                                       ",,aguardando tradução/revisão
sys.bin,108,0x341E4,0x34224,,指定されたストレージの空き容量が足りません,"Ｔｈｅ ｓｔｏｒａｇｅ ｄｅｖｉｃｅ ｙｏｕ ｉｎｄｉｃａｔｅｄ
ｄｏｅｓ ｎｏｔ ｈａｖｅ ｅｎｏｕｇｈ ｆｒｅｅ ｓｐａｃｅ．
                                           ",,aguardando tradução/revisão
sys.bin,109,0x3464F,0x34668,,上書きしますか？,Ｏｖｅｒｗｒｉｔｅ？,,aguardando tradução/revisão
sys.bin,110,0x3471E,0x34746,,データを新規作成しますか？,Ｃｒｅａｔｅ ｎｅｗ ｇａｍｅ？,,aguardando tradução/revisão
sys.bin,111,0x3487A,0x3497A,,"ゲーマー プロフィールが選択されていません
ゲーマー プロフィールを選択せずにゲームを開始すると
ゲーム内でのデータセーブが一切出来ません
ゲーマー プロフィールを選択しますか？","Ｙｏｕ ｈａｖｅ ｎｏｔ ｓｅｌｅｃｔｅｄ ａ ｇａｍｅｒ ｐｒｏｆｉｌｅ．
Ｉｆ ｙｏｕ ｓｔａｒｔ ｔｈｅ ｇａｍｅ ｗｉｔｈｏｕｔ ｓｅｌｅｃｔｉｎｇ
ａ ｐｒｏｆｉｌｅ， ｙｏｕ ｗｉｌｌ ｎｏｔ ｂｅ ａｂｌｅ ｔｏ ｓａｖｅ
ｙｏｕｒ ｇａｍｅ ｐｒｏｇｒｅｓｓ．
Ｓｅｌｅｃｔ ａ ｐｒｏｆｉｌｅ？",,aguardando tradução/revisão
sys.bin,112,0x351A4,0x35212,,"参照先のストレージが指定されていません
参照先のストレージを指定しますか？","Ｙｏｕ ｈａｖｅ ｎｏｔ ｓｅｌｅｃｔｅｄ ａ ｓｔｏｒａｇｅ ｄｅｖｉｃｅ．
Ｐｌｅａｓｅ ｓｅｌｅｃｔ ａ ｓｔｏｒａｇｅ ｄｅｖｉｃｅ
ｔｏ ｓａｖｅ ｇａｍｅ ｐｒｏｇｒｅｓｓ．",,aguardando tradução/revisão
sys.bin,113,0x35866,0x358D7,,"オプションが変更されていますが
変更をキャンセルしてオプションを抜けますか？","Ｏｐｔｉｏｎｓ ｈａｖｅ ｂｅｅｎ ｃｈａｎｇｅｄ．
Ｗｏｕｌｄ ｙｏｕ ｌｉｋｅ ｔｏ ｃａｎｃｅｌ ａｎｄ ｅｘｉｔ？",,aguardando tradução/revisão
sys.bin,114,0x35C17,0x35C64,,"オプションが変更されています
セーブして戻りますか？","Ｏｐｔｉｏｎｓ ｈａｖｅ ｂｅｅｎ ｃｈａｎｇｅｄ．
Ｓａｖｅ ａｎｄ ｅｘｉｔ？",,aguardando tradução/revisão
sys.bin,115,0x35EE1,0x35F06,,データをロードしますか？,Ｌｏａｄ ｄａｔａ？,,aguardando tradução/revisão
sys.bin,116,0x35FD2,0x36012,,ゲーマー　プロフィールでログインしますか？,Ｌｏｇ ｉｎ ｕｓｉｎｇ ｙｏｕｒ ｇａｍｅｒ ｐｒｏｆｉｌｅ？,,aguardando tradução/revisão
sys.bin,117,0x36207,0x3626B,,このまま進めるとプレイデータがセーブされませんが、よろしいですか？,"Ｉｆ ｙｏｕ ｃｏｎｔｉｎｕｅ，
 ｙｏｕｒ ｇａｍｅ ｐｒｏｇｒｅｓｓ ｗｉｌｌ ｎｏｔ ｂｅ ｓａｖｅｄ．
Ｃｏｎｔｉｎｕｅ？",,aguardando tradução/revisão
sys.bin,118,0x36602,0x3661E,,新規作成しています,Ｃｒｅａｔｉｎｇ ｎｅｗ ｇａｍｅ ｃｏｎｔｅｎｔ…,,aguardando tradução/revisão
sys.bin,119,0x367FF,0x3681E,,セーブに失敗しました,Ｓａｖｅ ｆａｉｌｅｄ．,,aguardando tradução/revisão
sys.bin,120,0x36936,0x369FC,,"□□□□のシステムデータがありません
このゲームのデータをセーブするには
**ＫＢ以上の空き容量が必要です
このままゲームを開始しますか？","Ｎｏ ｓｙｓｔｅｍ ｄａｔａ ｆｏｒ □□□□ ｆｏｕｎｄ．
Ｉｎ ｏｒｄｅｒ ｔｏ ｓａｖｅ ｔｈｉｓ ｄａｔａ ｆｏｒ ｔｈｉｓ ｇａｍｅ
ａｔ ｌｅａｓｔ ＊＊ ＫＢ ｏｆ ｆｒｅｅ ｍｅｍｏｒｙ ａｒｅ ｒｅｑｕｉｒｅｄ．
Ｓｔａｒｔ ｔｈｅ ｇａｍｅ ａｎｙｗａｙ？",,aguardando tradução/revisão
sys.bin,121,0x3727A,0x372BB,,"ロード中です
本体の電源を切らないでください","Ｌｏａｄｉｎｇ．
Ｐｌｅａｓｅ ｄｏｎ’ｔ ｔｕｒｎ ｏｆｆ ｙｏｕｒ ｃｏｎｓｏｌｅ．",,aguardando tradução/revisão
sys.bin,122,0x37505,0x37539,,オートセーブ機能をオンにしますか？,Ｔｕｒｎ ｏｎ ｔｈｅ ａｕｔｏｓａｖｅ ｆｕｎｃｔｉｏｎ？,,aguardando tradução/revisão
sys.bin,123,0x37744,0x37781,,ここまでのプレイデータをセーブしますか？,Ｓａｖｅ ｙｏｕｒ ｇａｍｅ ｐｒｏｇｒｅｓｓ ｕｐ ｕｎｔｉｌ ｔｈｉｓ ｐｏｉｎｔ？,,aguardando tradução/revisão
sys.bin,124,0x379B5,0x379DA,,セーブせずに続けますか？,Ｃｏｎｔｉｎｕｅ ｗｉｔｈｏｕｔ ｓａｖｉｎｇ？,,aguardando tradução/revisão
sys.bin,125,0x38032,0x380B3,,"データの書き込みに失敗しました
指定されたストレージの接続をご確認の上
再度お試し下さい","Ｃｏｕｌｄ ｎｏｔ ｌｏａｄ ｓａｖｅｄ ｃｏｎｔｅｎｔ，
 ｐｌｅａｓｅ ｃｈｅｃｋ ｔｈｅ ｓｔｏｒａｇｅ ｄｅｖｉｃｅ ａｎｄ ｔｒｙ ａｇａｉｎ．
                                                                                        ",,aguardando tradução/revisão
sys.bin,126,0x38627,0x38652,,セーブ先の変更が完了しました,"Ｓａｖｅ ｌｏｃａｔｉｏｎ ｃｈａｎｇｅ ｃｏｍｐｌｅｔｅ．
                                                             ",,aguardando tradução/revisão
sys.bin,127,0x388E8,0x389D9,,"データが破損しているか、読み込みが実行できません
プレイを続行するには破損したデータを破棄し
データを新規にセーブする必要があります
新規にデータをセーブしますか？","Ｄａｔａ ｈａｓ ｂｅｅｎ ｄａｍａｇｅｄ ａｎｄ ｃａｎｎｏｔ ｂｅ ｌｏａｄｅｄ．
Ｉｎ ｏｒｄｅｒ ｔｏ ｃｏｎｔｉｎｕｅ ｐｌａｙｉｎｇ， ｔｈｅ ｄａｍａｇｅｄ ｄａｔａ
ｍｕｓｔ ｂｅ ｒｅｍｏｖｅｄ ａｎｄ ｎｅｗ ｓａｖｅ ｄａｔａ ｍｕｓｔ ｂｅ
ｃｒｅａｔｅｄ．
Ｃｒｅａｔｅ ｎｅｗ ｓａｖｅ ｄａｔａ？",,aguardando tradução/revisão
sys.bin,128,0x39387,0x39404,,"セーブ可能なストレージが見つかりません
ストレージの接続をご確認の上再度お試し下さい","Ｎｏ ｓｔｏｒａｇｅ ｄｅｖｉｃｅｓ ｃａｐａｂｌｅ
ｏｆ ｓａｖｉｎｇ ｗｅｒｅ ｆｏｕｎｄ．
Ｃｈｅｃｋ ｔｈｅ ｃｏｎｎｅｃｔｉｏｎｓ ｏｆ ｙｏｕｒ ｓｔｏｒａｇｅ ｄｅｖｉｃｅｓ
ａｎｄ ｔｒｙ ａｇａｉｎ．
                                                                                              ",,aguardando tradução/revisão
sys.bin,129,0x39B45,0x39BF6,,"ゲーマースコアをネットランキングに登録する為には
Xbox Liveサービスにサインインしておく必要があります
サインインしますか？","Ｉｎ ｏｒｄｅｒ ｔｏ ｒｅｇｉｓｔｅｒ ｙｏｕｒ ｇａｍｅｒｓｃｏｒｅ ｉｎ ｔｈｅ
ｏｎｌｉｎｅ ｒａｎｋｉｎｇ， ｙｏｕ ｍｕｓｔ ｓｉｇｎ ｉｎ ｔｏ Ｘｂｏｘ Ｌｉｖｅ．
Ｓｉｇｎ ｉｎ？",,aguardando tradução/revisão
sys.bin,130,0x3A1B8,0x3A214,,"参照先のストレージにシステムデータがあります
読み込みますか？","Ｓｙｓｔｅｍ ｄａｔａ ｈａｓ ｂｅｅｎ ｆｏｕｎｄ ｏｎ ｔｈｅ ｒｅｆｅｒｅｎｃｅｄ
ｓｔｏｒａｇｅ ｄｅｖｉｃｅ．
Ｌｏａｄ？",,aguardando tradução/revisão
sys.bin,131,0x3A673,0x3A6CF,,"システムデータが見つかりません
別のストレージを選択しますか？","Ｎｏ ｓｙｓｔｅｍ ｄａｔａ ｆｏｕｎｄ．
Ｓｅｌｅｃｔ ａ ｄｉｆｆｅｒｅｎｔ ｓｔｏｒａｇｅ ｄｅｖｉｃｅ？",,aguardando tradução/revisão
sys.bin,132,0x3AAAB,0x3AB04,,"セーブデータが見つかりません
別のストレージを選択しますか？","Ｎｏ ｓａｖｅｄ ｃｏｎｔｅｎｔ ｆｏｕｎｄ．
 Ｓｅｌｅｃｔ ａ ｄｉｆｆｅｒｅｎｔ ｓｔｏｒａｇｅ ｄｅｖｉｃｅ？",,aguardando tradução/revisão
sys.bin,133,0x3AF0A,0x3AF38,,別のストレージを選択しますか？,Ｓｅｌｅｃｔ ａ ｄｉｆｆｅｒｅｎｔ ｓｔｏｒａｇｅ ｄｅｖｉｃｅ？,,aguardando tradução/revisão
sys.bin,134,0x3B189,0x3B1A8,,ロードが完了しました,Ｌｏａｄ ｃｏｍｐｌｅｔｅ．,,aguardando tradução/revisão
sys.bin,135,0x3B2B9,0x3B2ED,,パワーアップ内容をセーブしますか？,Ｓａｖｅ ｔｈｅ ｃｏｎｔｅｎｔｓ ｏｆ Ｐｏｗｅｒ Ｕｐ？,,aguardando tradução/revisão
sys.bin,136,0x3B4A6,0x3B4FF,,"スコアデータが見つかりません
別のストレージを選択しますか？","Ｎｏ ｓａｖｅｄ ｓｃｏｒｅ ｃｏｎｔｅｎｔ ｆｏｕｎｄ．
 Ｓｅｌｅｃｔ ａ ｄｉｆｆｅｒｅｎｔ ｓｔｏｒａｇｅ ｄｅｖｉｃｅ？",,aguardando tradução/revisão
sys.bin,137,0x3B937,0x3BA1C,,"このメニューを選択するには、Xbox Liveサービスにサインインしておく必要があります
サインインする場合はXbox ガイド ボタンを押し
戻る場合はAボタンを押してください","Ｉｎ ｏｒｄｅｒ ｔｏ ｖｉｅｗ ｔｈｉｓ ｍｅｎｕ，
ｙｏｕ ｍｕｓｔ ｓｉｇｎ ｉｎ ｔｏ Ｘｂｏｘ Ｌｉｖｅ．
Ｔｏ ｓｉｇｎ ｉｎ， ｐｒｅｓｓ ｔｈｅ Ｘｂｏｘ Ｇｕｉｄｅ ｂｕｔｔｏｎ．
Ｔｏ ｇｏ ｂａｃｋ， ｐｒｅｓｓ ｔｈｅ Ａ ｂｕｔｔｏｎ．
                                                                                       ",,aguardando tradução/revisão
sys.bin,138,0x3C238,0x3C251,,セーブしますか？,Ｓａｖｅ？,,aguardando tradução/revisão
sys.bin,139,0x3C2D8,0x3C2F7,,セーブが完了しました,Ｓａｖｅ ｃｏｍｐｌｅｔｅ．,,aguardando tradução/revisão
sys.bin,140,0x3C41A,0x3C457,,ストレージを選択してから設定してください,Ｓｅｌｅｃｔ ａ ｓｔｏｒａｇｅ ｄｅｖｉｃｅ ａｎｄ ｔｈｅｎ ａｄｊｕｓｔ ｓｅｔｔｉｎｇｓ．,,aguardando tradução/revisão
sys.bin,141,0x3C7E4,0x3C80C,,データの作成が完了しました,Ｃｏｎｔｅｎｔ ｃｒｅａｔｉｏｎ ｃｏｍｐｌｅｔｅ．,,aguardando tradução/revisão
sys.bin,142,0x3C9C7,0x3C9E9,,読み込みに失敗しました,Ｌｏａｄ ｆａｉｌｅｄ．,,aguardando tradução/revisão
sys.bin,143,0x3CAEB,0x3CBD7,,"キャラクターの成長を反映させるためには
データをロードする必要があります
ロードせずにプレイデータを上書きした場合
以前のデータは消えてしまいます
続行しますか？","Ｉｎ ｏｒｄｅｒ ｆｏｒ ｉｍｐｒｏｖｅｍｅｎｔｓ ｔｏ ｙｏｕｒ ｃｈａｒａｃｔｅｒ ｔｏ
ｔａｋｅ ｅｆｆｅｃｔ，
ｓａｖｅｄ ｃｈａｒａｃｔｅｒ ｐｒｏｇｒｅｓｓ ｍｕｓｔ ｂｅ ｌｏａｄｅｄ．
Ｉｆ ｙｏｕ ｏｖｅｒｗｒｉｔｅ ｔｈｅ ｃｈａｒａｃｔｅｒ ｐｒｏｇｒｅｓｓ
ｗｉｔｈｏｕｔ ｌｏａｄｉｎｇ， ｐｒｅｖｉｏｕｓ ｐｒｏｇｒｅｓｓ ｗｉｌｌ ｂｅ ｌｏｓｔ．
Ｐｒｏｃｅｅｄ？",,aguardando tradução/revisão
sys.bin,144,0x3D750,0x3D7AD,,"ダウンロード コンテンツリストが更新されました
セーブしますか？","Ｔｈｅ ｄｏｗｎｌｏａｄａｂｌｅ ｃｏｎｔｅｎｔ ｌｉｓｔ ｈａｓ ｂｅｅｎ ｃｈａｎｇｅｄ．
Ｓａｖｅ？",,aguardando tradução/revisão
sys.bin,145,0x3DAD9,0x3DB26,,ダウンロード コンテンツリストの更新をセーブしました,"Ｃｈａｎｇｅｓ ｔｏ ｔｈｅ ｄｏｗｎｌｏａｄａｂｌｅ ｃｏｎｔｅｎｔ ｌｉｓｔ ｈａｖｅ ｂｅｅｎ ｓａｖｅｄ．
                                    ",,aguardando tradução/revisão
sys.bin,146,0x3DF13,0x3DF3B,,衣装変更をセーブしますか？,Ｓａｖｅ ｃｏｓｔｕｍｅ ｃｈａｎｇｅｓ？,,aguardando tradução/revisão
sys.bin,147,0x3E0DD,0x3E102,,衣装変更をセーブしました,Ｃｏｓｔｕｍｅ ｃｈａｎｇｅｓ ｓａｖｅｄ．,,aguardando tradução/revisão
sys.bin,148,0x3E30A,0x3E399,,"キャラクターの衣装変更データが見つかりません
衣装変更データを読み込むストレージを選択しますか？","Ｎｏ ｃｈａｒａｃｔｅｒ ｃｏｓｔｕｍｅ ｃｈａｎｇｅ ｃｏｎｔｅｎｔ ｆｏｕｎｄ．
Ｓｅｌｅｃｔ ａ ｓｔｏｒａｇｅ ｄｅｖｉｃｅ
 ｔｏ ｌｏａｄ ｃｏｓｔｕｍｅ ｃｈａｎｇｅ ｃｏｎｔｅｎｔ？",,aguardando tradução/revisão
sys.bin,149,0x3EA33,0x3EA95,,"データが見つかりませんでした
キャラクターはデフォルトで続行します","Ｎｏ ｃｏｎｔｅｎｔ ｆｏｕｎｄ.
Ｃｈａｒａｃｔｅｒ ｄｅｆａｕｌｔｓ ｗｉｌｌ ｂｅ ｕｓｅｄ.
                                                                                    ",,aguardando tradução/revisão
sys.bin,150,0x3EFA0,0x3F044,,"コンセプトミッションのデータが見つかりません
コンセプトミッションのデータを読み込むストレージを選択しますか？","Ｎｏ ｃｏｎｃｅｐｔ ｍｉｓｓｉｏｎ ｃｏｎｔｅｎｔ ｆｏｕｎｄ．
Ｓｅｌｅｃｔ ａ ｓｔｏｒａｇｅ ｄｅｖｉｃｅ
ｔｏ ｌｏａｄ ｃｏｎｃｅｐｔ ｍｉｓｓｉｏｎ ｃｏｎｔｅｎｔ？",,aguardando tradução/revisão
sys.bin,151,0x3F5D6,0x3F635,,"指定されたデータが見つかりません
別のストレージを選択しますか？","Ｔｈｅ ｉｎｄｉｃａｔｅｄ ｓａｖｅｄ ｃｏｎｔｅｎｔ ｃｏｕｌｄ ｎｏｔ ｂｅ ｆｏｕｎｄ．
Ｓｅｌｅｃｔ ａ ｄｉｆｆｅｒｅｎｔ ｓｔｏｒａｇｅ ｄｅｖｉｃｅ？",,aguardando tradução/revisão
sys.bin,152,0x3FB4A,0x3FB97,,"指定されたデータが見つかりません
画面に戻りますか？","Ｔｈｅ ｉｎｄｉｃａｔｅｄ ｓａｖｅｄ ｃｏｎｔｅｎｔ ｃｏｕｌｄ ｎｏｔ ｂｅ ｆｏｕｎｄ．
Ｒｅｔｕｒｎ ｔｏ ｔｈｅ ｍｅｎｕ？",,aguardando tradução/revisão
sys.bin,153,0x3FF3F,0x4000F,,"データの読み込みが実行できません
プレイを続行するには以前のデータを破棄し
データを新規に保存する必要があります
新規にデータを保存しますか？","Ｕｎａｂｌｅ ｔｏ ｌｏａｄ ｓａｖｅｄ ｃｏｎｔｅｎｔ． 
Ｓａｖｅｄ ｃｏｎｔｅｎｔ ａｐｐｅａｒｓ ｔｏ ｂｅ ｃｏｒｒｕｐｔ．
Ｉｎ ｏｒｄｅｒ ｔｏ ｃｏｎｔｉｎｕｅ ｐｌａｙｉｎｇ，
ｐｒｅｖｉｏｕｓ ｃｏｎｔｅｎｔ ｍｕｓｔ ｂｅ ｏｖｅｒｗｒｉｔｔｅｎ
ｗｉｔｈ ａ ｎｅｗ ｓａｖｅ ｃｏｎｔｅｎｔ．
Ｏｖｅｒｗｒｉｔｅ ｃｏｎｔｅｎｔ?",,aguardando tradução/revisão
sys.bin,154,0x40873,0x40900,,"指定されたストレージにデータがあります
次の保存時にこのデータは上書きされますが
続行しますか？","Ｓａｖｅｄ ｃｏｎｔｅｎｔ
ｗａｓ ｆｏｕｎｄ ｏｎ ｔｈｅ ｉｎｄｉｃａｔｅｄ ｓｔｏｒａｇｅ ｄｅｖｉｃｅ．
Ｓｕｂｓｅｑｕｅｎｔ ｓａｖｅｓ ｗｉｌｌ ｏｖｅｒｗｒｉｔｅ ｔｈｉｓ ｃｏｎｔｅｎｔ．
Ｐｒｏｃｅｅｄ？",,aguardando tradução/revisão
sys.bin,155,0x411E6,0x41202,,設定を保存しました,Ｓｅｔｔｉｎｇｓ ｓａｖｅｄ．,,aguardando tradução/revisão
sys.bin,156,0x4133E,0x4137B,,ロード可能なデータが見つかりませんでした,Ｎｏ ｌｏａｄａｂｌｅ ｃｏｎｔｅｎｔ ｗａｓ ｆｏｕｎｄ．,,aguardando tradução/revisão
sys.bin,157,0x41538,0x4156D,,"データが見つかりました
ロードします","Ｓａｖｅｄ ｃｏｎｔｅｎｔ ｆｏｕｎｄ．
Ｌｏａｄｉｎｇ．",,aguardando tradução/revisão
sys.bin,158,0x417A6,0x417DD,,衣装変更のデータロードが完了しました,Ｃｏｓｔｕｍｅ ｃｈａｎｇｅ ｃｏｎｔｅｎｔ ｌｏａｄ ｃｏｍｐｌｅｔｅ．,,aguardando tradução/revisão
sys.bin,159,0x41A5D,0x41AA1,,"チェック中です
本体の電源を切らないでください","Ｃｈｅｃｋｉｎｇ．．．
Ｐｌｅａｓｅ ｄｏｎ’ｔ ｔｕｒｎ ｏｆｆ  ｙｏｕｒ ｃｏｎｓｏｌｅ．",,aguardando tradução/revisão
sys.bin,160,0x41D15,0x41D37,,チェックが完了しました,Ｃｈｅｃｋ ｃｏｍｐｌｅｔｅ．,,aguardando tradução/revisão
sys.bin,161,0x41E68,0x41ECD,,"最新のコンティニューポイントからゲームを再開します。
実行しますか？","Ｒｅｓｔａｒｔ ｆｒｏｍ ｌａｓｔ ｓａｖｅ ｐｏｉｎｔ.
Ｐｒｏｃｅｅｄ?",,aguardando tradução/revisão
sys.bin,162,0x42171,0x421C0,,セーブデータを作成したゲーマープロフィールと違います,"Ｉｔ'ｓ ｎｏｔ ｐｏｓｓｉｂｌｅ ｔｏ ｓｈａｒｅ ａｃｈｉｅｖｅｍｅｎｔｓ
ｂｅｔｗｅｅｎ ｄｉｆｆｅｒｅｎｔ ｐｒｏｆｉｌｅｓ!
　　　　　　　　　　　　　　　　　",,aguardando tradução/revisão
sys.bin,163,0x425F5,0x4263F,,コスチュームデータが破損している可能性があります ,"Ｔｈｅｒｅ ｉｓ ａ ｐｏｓｓｉｂｉｌｉｔｙ
ｙｏｕｒ ｃｏｓｔｕｍｅ ｄａｔａ ｈａｓ ｂｅｅｎ ｄａｍａｇｅｄ．",,aguardando tradução/revisão
sys.bin,164,0x42A02,0x42A89,,"ゲーマー プロフィールが変更されたので、確認後タイトルに戻ります
確認はＡボタンで実行します","Ｇａｍｅｒ ｐｒｏｆｉｌｅ ｈａｓ ｂｅｅｎ ｃｈａｎｇｅｄ．
Ｙｏｕ ｗｉｌｌ ｒｅｔｕｒｎ ｔｏ ｔｈｅ ｔｉｔｌｅ
ａｆｔｅｒ ｃｏｎｆｉｒｍｉｎｇ ｔｈｅ ｃｈａｎｇｅｓ．
Ｔｏ ｖｉｅｗ ｔｈｅ ｐｒｏｆｉｌｅ， ｐｒｅｓｓ ｔｈｅ Ａ ｂｕｔｔｏｎ．",,aguardando tradução/revisão
sys.bin,165,0x432B2,,,ネット系メッセージ,,,sem par em inglês; traduzir a partir do japonês
sys.bin,166,0x432CE,0x43358,,"このスコアは今ランキング登録を行わない限り
ランキングに登録できなくなります
よろしいですか？","Ｔｈｉｓ ｓｃｏｒｅ ｗｉｌｌ ｎｏｔ ｂｅ ｒｅｇｉｓｔｅｒｅｄ ｔｏ ｒａｎｋｉｎｇｓ
ｕｎｌｅｓｓ ｒａｎｋｉｎｇ ｒｅｇｉｓｔｒａｔｉｏｎ ｉｓ ｃａｒｒｉｅｄ ｏｕｔ ｎｏｗ．
Ｒｅｇｉｓｔｅｒ？",,aguardando tradução/revisão
sys.bin,167,0x438BF,0x43909,,"登録が完了しました
ランキングに確認を行いますか？","Ｒｅｇｉｓｔｒａｔｉｏｎ ｃｏｍｐｌｅｔｅ．
Ｖｉｅｗ ｒａｎｋｉｎｇｓ？",,aguardando tradução/revisão
sys.bin,168,0x43B85,0x43BC9,,"登録に失敗しました
もう一度やり直してください","Ｒｅｇｉｓｔｒａｔｉｏｎ ｆａｉｌｅｄ．
Ｐｌｅａｓｅ ｔｒｙ ａｇａｉｎ．",,aguardando tradução/revisão
sys.bin,169,0x43E0F,0x43E31,,ダウンロードしますか？,Ｄｏｗｎｌｏａｄ？,,aguardando tradução/revisão
sys.bin,170,0x43EDA,0x43FC4,,"ランキングの表示やスコアの登録には、Xbox Liveサービスに
サインインする必要があります
サインインする場合はXboxガイドボタンを押し
戻る場合はAボタンを押してください","Ｉｎ ｏｒｄｅｒ ｔｏ ｄｉｓｐｌａｙ ｒａｎｋｉｎｇｓ ｏｒ ｒｅｇｉｓｔｅｒ ｙｏｕｒ ｓｃｏｒｅ，
ｙｏｕ ｍｕｓｔ ｓｉｇｎ ｉｎ ｔｏ Ｘｂｏｘ Ｌｉｖｅ．
Ｔｏ ｓｉｇｎ ｉｎ， ｐｒｅｓｓ ｔｈｅ Ｘｂｏｘ Ｇｕｉｄｅ ｂｕｔｔｏｎ．
Ｔｏ ｇｏ ｂａｃｋ， ｐｒｅｓｓ ｔｈｅ Ａ ｂｕｔｔｏｎ．
                                                   ",,aguardando tradução/revisão
sys.bin,171,0x4496D,0x449B0,,ダウンロード先のストレージを選択してください,"Ｓｅｌｅｃｔ ｔｈｅ ｓｔｏｒａｇｅ ｄｅｖｉｃｅ ｆｏｒ ｔｈｅ ｄｏｗｎｌｏａｄ．
                                                          ",,aguardando tradução/revisão
sys.bin,172,0x44CD7,0x44CF3,,ダウンロード中です,Ｄｏｗｎｌｏａｄｉｎｇ．．．,,aguardando tradução/revisão
sys.bin,173,0x44DD7,0x44DFF,,ダウンロードが完了しました,Ｄｏｗｎｌｏａｄ ｃｏｍｐｌｅｔｅ．,,aguardando tradução/revisão
sys.bin,174,0x44F2F,0x44F57,,ダウンロードに失敗しました,Ｄｏｗｎｌｏａｄ ｆａｉｌｅｄ．,,aguardando tradução/revisão
sys.bin,175,0x45078,0x450AF,,通信中です…接続を解除しないで下さい,Ｃｏｎｎｅｃｔｉｎｇ．．． Ｐｌｅａｓｅ ｄｏ ｎｏｔ ｄｉｓｃｏｎｎｅｃｔ．,,aguardando tradução/revisão
sys.bin,176,0x452E9,0x45311,,スコアが登録されていません,Ｎｏ ｓｃｏｒｅ ｈａｓ ｂｅｅｎ ｒｅｇｉｓｔｅｒｅｄ．,,aguardando tradução/revisão
sys.bin,177,0x454A9,0x454D1,,表示するデータがありません,Ｎｏ ｅｎｔｒｙ ｔｏ ｄｉｓｐｌａｙ．,,aguardando tradução/revisão
sys.bin,178,0x456FE,0x45741,,＊位～＊位にはフレンドが検出されませんでした,Ｎｏ ｆｒｉｅｎｄｓ ｆｏｕｎｄ ｂｅｔｗｅｅｎ ｒａｎｋｓ ＊ ａｎｄ ＊．,,aguardando tradução/revisão
sys.bin,179,0x45972,0x459E9,,"通信に失敗したのでメニューに戻ります
接続状況を確認してから再度やり直して下さい","Ｃｏｎｎｅｃｔｉｏｎ ｔｏ Ｘｂｏｘ ｌｉｖｅ ｗａｓ ｌｏｓｔ． 
Ｐｌｅａｓｅ ｃｈｅｃｋ ｙｏｕｒ ｃｏｎｎｅｃｔｉｏｎ ｓｅｔｔｉｎｇｓ
ａｎｄ ｔｒｙ ａｇａｉｎ．",,aguardando tradução/revisão
sys.bin,180,0x46CED,0x46D30,,難易度「ＣＨＡＯＳ」がプレイ可能になりました,［Ｃｈａｏｓ］ ｍｏｄｅ ｉｓ ｎｏｗ ｐｌａｙａｂｌｅ．,,aguardando tradução/revisão
sys.bin,181,0x46F15,0x46F55,,難易度「ＨＥＬＬ」がプレイ可能になりました,［Ｈｅｌｌ］ ｍｏｄｅ ｉｓ ｎｏｗ ｐｌａｙａｂｌｅ．,,aguardando tradução/revisão
sys.bin,182,0x47148,0x47222,,"「ＳＴＡＧＥ ＳＥＬＥＣＴ」が選択可能になりました
「ＳＴＡＧＥ ＳＥＬＥＣＴ」から開始した場合
スキルポイントは加算されませんがランク更新は可能です","”Ｓｔａｇｅ Ｓｅｌｅｃｔ” ｉｓ ｎｏｗ ａｖａｉｌａｂｌｅ． 
Ｉｆ ｙｏｕ ｓｔａｒｔ ａ ｇａｍｅ ｕｓｉｎｇ ”Ｓｔａｇｅ Ｓｅｌｅｃｔ”，
ｙｏｕ ｗｉｌｌ ｎｏｔ ｇａｉｎ ａｎｙ ｓｋｉｌｌ ｐｏｉｎｔｓ， ｂｕｔ ｙｏｕ
ｗｉｌｌ ｂｅ ａｂｌｅ ｔｏ ｉｎｃｒｅａｓｅ ｙｏｕｒ ｒａｎｋｉｎｇ．",,aguardando tradução/revisão
sys.bin,183,0x47D60,0x47D67,,予約,Ｒｅｓｅｒｖａｔｉｏｎ,,aguardando tradução/revisão
sys.bin,184,0x47DAA,0x47DB1,,はい,Ｙｅｓ,,aguardando tradução/revisão
sys.bin,185,0x47DD8,0x47DE2,,いいえ,Ｎｏ,,aguardando tradução/revisão
sys.bin,186,0x47E1F,0x47E7C,,"最新のコンティニューポイントからやり直します
よろしいですか？",Ｒｅｓｔａｒｔ ｆｒｏｍ ｔｈｅ ｌａｓｔ ｃｈｅｃｋｐｏｉｎｔ？,,aguardando tradução/revisão
sys.bin,187,0x48071,0x480E6,,"ステージの最初からやり直します
プレイデータは破棄されますが、よろしいですか？","Ｒｅｓｔａｒｔ ｆｒｏｍ ｔｈｅ ｂｅｇｉｎｎｉｎｇ ｏｆ
ｔｈｅ ｓｔａｇｅ． Ｇａｍｅ ｐｒｏｇｒｅｓｓ ｗｉｌｌ ｂｅ ｌｏｓｔ．
ＯＫ？",,aguardando tradução/revisão
sys.bin,188,0x484AE,0x484F9,,"ゲームを抜けてタイトルに戻ります
よろしいですか？","Ｅｘｉｔ ｔｈｅ ｇａｍｅ ａｎｄ ｒｅｔｕｒｎ
ｔｏ ｔｈｅ ｔｉｔｌｅ ｓｃｒｅｅｎ？",,aguardando tradução/revisão
sys.bin,189,0x487A8,0x487BE,,セーブして終了,Ｓａｖｅ ａｎｄ Ｑｕｉｔ,,aguardando tradução/revisão
sys.bin,190,0x488AB,0x488BE,,そのまま終了,Ｑｕｉｔ ｗｉｔｈｏｕｔ Ｓａｖｉｎｇ,,aguardando tradução/revisão
sys.bin,191,0x489DB,0x48A0C,,ロードしてゲームを開始しますか？,Ｌｏａｄ ｓａｖｅｄ ｇａｍｅ？,,aguardando tradução/revisão
sys.bin,192,0x48B54,0x48B94,,プレイ中にヒントメッセージを表示しますか？,Ｄｉｓｐｌａｙ ｈｉｎｔｓ ｄｕｒｉｎｇ ｐｌａｙ？,,aguardando tradução/revisão
sys.bin,193,0x48D9F,0x48DFA,,"ゲーマー プロフィールが変更されたので
ゲームをリセットします","Ｙｏｕｒ ｇａｍｅｒ ｐｒｏｆｉｌｅ ｈａｓ ｃｈａｎｇｅｄ．
Ｔｈｅ ｇａｍｅ ｗｉｌｌ ｎｏｗ ｒｅｓｅｔ．
                            ",,aguardando tradução/revisão
sys.bin,194,0x49172,0x491C3,,"最新のコンティニューポイントの状態を
セーブしますか？",Ｓａｖｅ ｙｏｕｒ ｓｔａｔｕｓ ａｓ ｏｆ ｔｈｅ ｌａｓｔ ｃｈｅｃｋｐｏｉｎｔ？,,aguardando tradução/revisão
sys.bin,195,0x49519,0x4953E,,新しくゲームを開始します,Ｓｔａｒｔ ａ ｎｅｗ ｇａｍｅ．,,aguardando tradução/revisão
sys.bin,196,0x49685,0x496D1,,ストレージからデータをロードしてゲームを開始します,Ｃｏｎｔｉｎｕｅ ｔｈｅ ｇａｍｅ ｕｓｉｎｇ ｔｈｅ ｓａｖｅｄ ｐｒｏｇｒｅｓｓ.,,aguardando tradução/revisão
sys.bin,197,0x49887,0x498BB,,ステージを選んでゲームを開始します,Ｐｉｃｋ ａ ｓｔａｇｅ ｔｏ ｓｔａｒｔ ｆｒｏｍ．,,aguardando tradução/revisão
sys.bin,198,0x49A24,0x49A4C,,オプションの設定を行います,Ｓｅｔ ｖａｒｉｏｕｓ ｇａｍｅ ｏｐｔｉｏｎｓ．,,aguardando tradução/revisão
sys.bin,199,0x49BB4,0x49BD9,,Xbox Liveメニューを開きます,Ｏｐｅｎ ｔｈｅ Ｘｂｏｘ Ｌｉｖｅ ｍｅｎｕ．,,aguardando tradução/revisão
sys.bin,200,0x49D17,0x49D51,,コンセプトミッションを選んで開始します,Ｓｔａｒｔ ａ ｃｏｎｃｅｐｔ ｍｉｓｓｉｏｎ．,,aguardando tradução/revisão
sys.bin,201,0x49EAE,0x49EB5,,選択,Ｓｅｌｅｃｔ,,aguardando tradução/revisão
sys.bin,202,0x49F3C,0x49F43,,決定,ＯＫ,,aguardando tradução/revisão
sys.bin,203,0x49F72,0x49F82,,キャンセル,Ｃａｎｃｅｌ,,aguardando tradução/revisão
sys.bin,204,0x49FF6,0x4A00C,,ランキング確認,Ｖｉｅｗ Ｒａｎｋｉｎｇｓ,,aguardando tradução/revisão
sys.bin,205,0x4A0FC,0x4A109,,次へ進む,Ｎｅｘｔ,,aguardando tradução/revisão
sys.bin,206,0x4A16E,0x4A181,,ステージ切替,Ｓｗｉｔｃｈ Ｓｔａｇｅ,,aguardando tradução/revisão
sys.bin,207,0x4A249,0x4A259,,モード切替,Ｓｗｉｔｃｈ Ｍｏｄｅ,,aguardando tradução/revisão
sys.bin,208,0x4A31A,0x4A32A,,スクロール,Ｓｃｒｏｌｌ,,aguardando tradução/revisão
sys.bin,209,0x4A3B0,0x4A3B8,,+100位,Ｕｐ 100,,aguardando tradução/revisão
sys.bin,210,0x4A3F0,0x4A3F8,,-100位,Ｄｏｗｎ 100,,aguardando tradução/revisão
sys.bin,211,0x4A446,0x4A462,,ゲーマースコア表示,Ｄｉｓｐｌａｙ ｍｙ ｓｃｏｒｅ,,aguardando tradução/revisão
sys.bin,212,0x4A55E,0x4A565,,切替,Ｓｗｉｔｃｈ,,aguardando tradução/revisão
sys.bin,213,0x4A5D0,0x4A5D7,,戻る,Ｇｏ ｂａｃｋ,,aguardando tradução/revisão
sys.bin,214,0x4A63F,0x4A64C,,初期設定,Ｄｅｆａｕｌｔ,,aguardando tradução/revisão
sys.bin,215,0x4A6DA,0x4A700,,ゲーマー プロフィール表示,Ｄｉｓｐｌａｙ Ｇａｍｅｒ ｐｒｏｆｉｌｅ,,aguardando tradução/revisão
sys.bin,216,0x4A84E,0x4A855,,切替,Ｕｓｅ,,aguardando tradução/revisão
sys.bin,217,0x4A8B7,,,予約 ガイドボタン,,,sem par em inglês; traduzir a partir do japonês
sys.bin,218,0x4A8D1,,,予約 ガイドボタン,,,sem par em inglês; traduzir a partir do japonês
sys.bin,219,0x4A8EB,,,予約 ガイドボタン,,,sem par em inglês; traduzir a partir do japonês
sys.bin,220,0x4A905,,,予約 ガイドボタン,,,sem par em inglês; traduzir a partir do japonês
sys.bin,221,0x4A91F,,,予約 ガイドボタン,,,sem par em inglês; traduzir a partir do japonês
sys.bin,222,0x4A939,,,予約 ガイドボタン,,,sem par em inglês; traduzir a partir do japonês
sys.bin,223,0x4A953,,,予約 ガイドボタン,,,sem par em inglês; traduzir a partir do japonês
sys.bin,224,0x4A96D,,,予約 ガイドボタン,,,sem par em inglês; traduzir a partir do japonês
sys.bin,225,0x4A987,0x4A9AF,,コンティニューポイント通過,Ｃｈｅｃｋｐｏｉｎｔ,,aguardando tradução/revisão
sys.bin,226,0x4AAD9,,,continue point予約,,,sem par em inglês; traduzir a partir do japonês
sys.bin,227,0x4AAEE,,,continue point予約,,,sem par em inglês; traduzir a partir do japonês
sys.bin,228,0x4AB03,,,continue point予約,,,sem par em inglês; traduzir a partir do japonês
sys.bin,229,0x4AB18,,,continue point予約,,,sem par em inglês; traduzir a partir do japonês
sys.bin,230,0x4AB4D,0x4ABE1,,"難易度「ＥＡＳＹ」のクリアデータがあります
難易度「ＮＯＲＭＡＬ」のステージ1からゲームを開始します","Ｆｏｕｎｄ ｆｉｎｉｓｈｅｄ ｐｒｏｇｒｅｓｓ ｆｏｒ ［Ｅａｓｙ］ ｍｏｄｅ．
Ｔｈｉｓ ｗｉｌｌ ｓｔａｒｔ ｔｈｅ ｇａｍｅ ｆｒｏｍ ｔｈｅ
ｆｉｒｓｔ ｓｔａｇｅ ｏｆ ［Ｎｏｒｍａｌ］ ｍｏｄｅ．
                                                    ",,aguardando tradução/revisão
sys.bin,231,0x4B1FC,0x4B290,,"難易度「ＮＯＲＭＡＬ」のクリアデータがあります
難易度「ＨＡＲＤ」のステージ1からゲームを開始します","Ｆｏｕｎｄ ｆｉｎｉｓｈｅｄ ｐｒｏｇｒｅｓｓ ｆｏｒ ［Ｎｏｒｍａｌ］ ｍｏｄｅ．
Ｔｈｉｓ ｗｉｌｌ ｓｔａｒｔ ｔｈｅ ｇａｍｅ ｆｒｏｍ ｔｈｅ
ｆｉｒｓｔ ｓｔａｇｅ ｏｆ ［Ｈａｒｄ］ ｍｏｄｅ．
                                                             ",,aguardando tradução/revisão
sys.bin,232,0x4B8CC,0x4B95D,,"難易度「ＨＡＲＤ」のクリアデータがあります
難易度「ＣＨＡＯＳ」のステージ1からゲームを開始します","Ｆｏｕｎｄ ｆｉｎｉｓｈｅｄ ｐｒｏｇｒｅｓｓ ｆｏｒ ［Ｈａｒｄ］ ｍｏｄｅ．
Ｔｈｉｓ ｗｉｌｌ ｓｔａｒｔ ｔｈｅ ｇａｍｅ ｆｒｏｍ ｔｈｅ
ｆｉｒｓｔ ｓｔａｇｅ ｏｆ ［Ｃｈａｏｓ］ ｍｏｄｅ．
                                                                     ",,aguardando tradução/revisão
sys.bin,233,0x4BF90,0x4C021,,"難易度「ＣＨＡＯＳ」のクリアデータがあります
難易度「ＨＥＬＬ」のステージ1からゲームを開始します","Ｆｏｕｎｄ ｆｉｎｉｓｈｅｄ ｐｒｏｇｒｅｓｓ ｆｏｒ ［Ｃｈａｏｓ］ ｍｏｄｅ．
Ｔｈｉｓ ｗｉｌｌ ｓｔａｒｔ ｔｈｅ ｇａｍｅ ｆｒｏｍ ｔｈｅ
ｆｉｒｓｔ ｓｔａｇｅ ｏｆ ［Ｈｅｌｌ］ ｍｏｄｅ．
                                                                    ",,aguardando tradução/revisão
sys.bin,234,0x4C769,0x4C79D,,"字幕表示のオン/オフを切り
替えます","Ｔｕｒｎ
ｓｕｂｔｉｔｌｅｓ
ＯＮ ｏｒ ＯＦＦ．",,aguardando tradução/revisão
sys.bin,235,0x4C955,0x4C998,,"チュートリアル表示の
オン/オフを切り替えます","Ｔｕｒｎ
ｔｕｔｏｒｉａｌｓ
ＯＮ ｏｒ ＯＦＦ．",,aguardando tradução/revisão
sys.bin,236,0x4CB37,0x4CB77,,"オートセーブ機能の
オン/オフを切り替えます","Ｔｕｒｎ
ａｕｔｏｓａｖｅ
ＯＮ ｏｒ ＯＦＦ．",,aguardando tradução/revisão
sys.bin,237,0x4CDBB,0x4CDE5,,"BGMのボリュームを設定
します","Ａｄｊｕｓｔ
ｔｈｅ ｖｏｌｕｍｅ
ｏｆ ｔｈｅ ＢＧＭ．",,aguardando tradução/revisão
sys.bin,238,0x4CFB4,0x4CFE9,,"SEとボイスのボリュームを
設定します","Ａｄｊｕｓｔ
ｔｈｅ ｖｏｌｕｍｅ
ｏｆ ｔｈｅ ＳＦＸ
ａｎｄ ｖｏｉｃｅｓ.",,aguardando tradução/revisão
sys.bin,239,0x4D209,0x4D239,,"コントローラーの設定を
行います","Ｃｈａｎｇｅ
ｃｏｎｔｒｏｌｌｅｒ
ｓｅｔｔｉｎｇｓ．",,aguardando tradução/revisão
sys.bin,240,0x4D3FE,0x4D423,,画面の明るさを設定します,"Ａｄｊｕｓｔ
ｓｃｒｅｅｎ
ｂｒｉｇｈｔｎｅｓｓ．",,aguardando tradução/revisão
sys.bin,241,0x4D5C6,0x4D605,,"データをセーブする
ストレージを変更します","Ｃｈａｎｇｅ
ｓｔｏｒａｇｅ
ｄｅｖｉｃｅ．",,aguardando tradução/revisão
sys.bin,242,0x4D7BB,0x4D80B,,"アビリティやガンロッド
魔法のパワーアップを
行います","Ｐｏｗｅｒ ｕｐ
ａｂｉｌｉｔｉｅｓ
ｇｕｎｒｏｄ ｏｒ
ｍａｇｉｃ．",,aguardando tradução/revisão
sys.bin,243,0x4DA4F,0x4DA7C,,"アリシアの衣装変えを
行います","Ｃｈａｎｇｅ
Ａｌｉｃｉａ’ｓ
ｃｏｓｔｕｍｅ．",,aguardando tradução/revisão
sys.bin,244,0x4DBEA,0x4DC29,,"変更内容をセーブして
オプションを抜けます","Ｓａｖｅ ｃｈａｎｇｅｓ
ａｎｄ ｅｘｉｔ
Ｏｐｔｉｏｎｓ．",,aguardando tradução/revisão
sys.bin,245,0x4DE9E,0x4DEDB,,アクションゲームが苦手な人におすすめです,Ｇｏｏｄ ｆｏｒ ｎｏｎ-ａｃｔｉｏｎ ｇａｍｅｒｓ,,aguardando tradução/revisão
sys.bin,246,0x4E025,0x4E062,,アクションゲームが得意な人におすすめです,Ｇｏｏｄ ｆｏｒ ｆａｎｓ ｏｆ ａｃｔｉｏｎ ｇａｍｅｓ,,aguardando tradução/revisão
sys.bin,247,0x4E1C2,0x4E1FF,,やりごたえを求めるチャレンジャー向けです,Ｆｏｒ ｃｈａｌｌｅｎｇｅ-ｓｅｅｋｅｒｓ,,aguardando tradução/revisão
sys.bin,248,0x4E35B,0x4E398,,戦うことでしか生きられなくなったあなたへ,Ｆｏｒ ｔｈｏｓｅ ｗｈｏ ｌｕｓｔ ｆｏｒ ｂａｔｔｌｅ,,aguardando tradução/revisão
sys.bin,249,0x4E500,0x4E528,,更なる地獄の深淵を望む者へ,Ｔａｓｔｅ ｎｅｗ ｄｅｐｔｈｓ ｏｆ ｈｅｌｌ,,aguardando tradução/revisão
sys.bin,250,0x4E69C,0x4E6EE,,Ｌスティックで画面を移動、Ａボタンで決定してください。,"Ｍｏｖｅ ｔｈｅ ｓｃｒｅｅｎ ｗｉｔｈ ｔｈｅ ｌｅｆｔ ｓｔｉｃｋ，
ａｎｄ ｐｒｅｓｓ ｔｈｅ Ａ ｂｕｔｔｏｎ ｔｏ ｄｅｃｉｄｅ．",,aguardando tradução/revisão
sys.bin,251,0x4EB1D,0x4EB33,,翻   る   黒   衣,Ｃｌａｄ ｉｎ Ｓｔｒｅａｍｉｎｇ Ｂｌａｃｋ,,aguardando tradução/revisão
sys.bin,252,0x4EC2A,0x4EC3A,,叫   ぶ   街,Ｔｈｅ Ｃｉｔｙ ｏｆ Ｓｃｒｅａｍｓ,,aguardando tradução/revisão
sys.bin,253,0x4ED39,0x4ED60,,炎   上   １ ０ ０ ０ ０ ｆｔ,１０，０００ ｆｔ ｏｆ Ｆｌａｍｅｓ,,aguardando tradução/revisão
sys.bin,254,0x4EE61,0x4EE77,,暁   の   渓   谷,Ｄａｗｎ ｉｎ ｔｈｅ Ｖａｌｌｅｙ,,aguardando tradução/revisão
sys.bin,255,0x4EF6E,0x4EF8A,,繋   が   れ   た   魂,Ｔｈｅ Ｂｏｕｎｄ Ｓｏｕｌ,,aguardando tradução/revisão
sys.bin,256,0x4F072,0x4F08E,,混   沌   の   果   て,Ｔｈｅ Ｅｎｄ ｏｆ Ｃｈａｏｓ,,aguardando tradução/revisão
sys.bin,257,0x4F1C5,0x4F1F2,,"操作方法を初期設定に
戻します","Ｃｏｎｔｒｏｌｓ ｗｉｌｌ
ｂｅ ｒｅｔｕｒｎｅｄ
ｔｏ ｄｅｆａｕｌｔ
ｓｅｔｔｉｎｇｓ．",,aguardando tradução/revisão
sys.bin,258,0x4F492,0x4F4B7,,操作方法の変更を行います,"Ｅｄｉｔ
ｃｏｎｔｒｏｌｓ．",,aguardando tradução/revisão
sys.bin,259,0x4F5CD,0x4F621,,"変更した操作方法をセーブして
キーコンフィグを終了します","Ｓａｖｅ ｅｄｉｔｅｄ
ｃｏｎｔｒｏｌｓ ａｎｄ
ｅｘｉｔ ｃｏｎｆｉｇ．",,aguardando tradução/revisão
sys.bin,260,0x4F889,0x4F8DC,,"キャラクターの移動を
操作します
押し込みでしゃがみます","Ｍｏｖｅｓ
ｃｈａｒａｃｔｅｒ．
Ｃｌｉｃｋ ｔｏ
ｃｒｏｕｃｈ.",,aguardando tradução/revisão
sys.bin,261,0x4FB12,0x4FB68,,"視点を操作します
押し込みでカメラのモードを
切り替えます","Ｃｏｎｔｒｏｌｓ
ｖｉｅｗｐｏｉｎｔ．
Ｃｌｉｃｋ ｔｏ ｃｈａｎｇｅ
ｃａｍｅｒａ ｍｏｄｅ．",,aguardando tradução/revisão
sys.bin,262,0x4FDF6,0x4FE1E,,魔法詠唱リングを表示します,"Ｄｉｓｐｌａｙｓ
ｍａｇｉｃ ｒｉｎｇ．",,aguardando tradução/revisão
sys.bin,263,0x4FF66,0x4FF7C,,射撃を行います,Ｆｉｒｅｓ ｇｕｎｒｏｄ．,,aguardando tradução/revisão
sys.bin,264,0x50066,0x5008B,,回避アクションを行います,"Ｅｘｅｃｕｔｅｓ
ａ ｄｏｄｇｅ
ａｃｔｉｏｎ．",,aguardando tradução/revisão
sys.bin,265,0x501D8,0x501EE,,格闘を行います,"Ｅｘｅｃｕｔｅｓ
ａ ｍｅｌｅｅ
ａｔｔａｃｋ．",,aguardando tradução/revisão
sys.bin,266,0x50363,0x503A5,,"装備しているガンロッドの
種類を切り替えます","Ｓｗｉｔｃｈｅｓ
ｅｑｕｉｐｐｅｄ
ｇｕｎｒｏｄ．",,aguardando tradução/revisão
sys.bin,267,0x50503,0x50528,,弾丸のリロードを行います,"Ｒｅｌｏａｄｓ
ａｍｍｕｎｉｔｉｏｎ．",,aguardando tradução/revisão
sys.bin,268,0x5064F,0x50662,,使用しません,Ｎｏｔ ｕｓｅｄ．,,aguardando tradução/revisão
sys.bin,269,0x506F1,0x50721,,"視点の上下の動きを
入れ替えます","Ｉｎｖｅｒｔｓ
ｍｏｖｅｍｅｎｔ
ｏｆ ｖｉｅｗｐｏｉｎｔ．",,aguardando tradução/revisão
sys.bin,270,0x508C0,0x508F0,,"視点の左右の動きを
入れ替えます","Ｒｅｖｅｒｓｅｓ
ｌｅｆｔ ａｎｄ ｒｉｇｈｔ
ｍｏｖｅｍｅｎｔ ｏｆ
ｖｉｅｗｐｏｉｎｔ．",,aguardando tradução/revisão
sys.bin,271,0x50B52,0x50B97,,"操作方法を初期設定に戻します
よろしいですか？",Ｒｅｔｕｒｎ ｃｏｎｔｒｏｌｓ ｔｏ ｄｅｆａｕｌｔ ｓｅｔｔｉｎｇｓ？,,aguardando tradução/revisão
sys.bin,272,0x50DE1,0x50E3E,,"操作方法が変更されていますが
変更をキャンセルして抜けますか？","Ｃｏｎｔｒｏｌｓ ｈａｖｅ ｂｅｅｎ ｃｈａｎｇｅｄ．
Ｅｘｉｔ ａｎｄ ｕｎｄｏ ｃｈａｎｇｅｓ？",,aguardando tradução/revisão
sys.bin,273,0x5229F,0x52399,,"１番左端のカラスと１番右端のカラスが見えるように
テレビモニターの明るさを調整して下さい。
両方に合わせられない場合は
１番左端のカラスが見えるように調整してください。","Ａｄｊｕｓｔ ｔｈｅ ｂｒｉｇｈｔｎｅｓｓ ｏｆ ｔｈｅ ｍｏｎｉｔｏｒ
ｕｎｔｉｌ ｙｏｕ ｃａｎ ｓｅｅ ｂｏｔｈ ｏｆ ｔｈｅ
ｒａｖｅｎｓ ａｔ ｔｈｅ ｆａｒ ｅｄｇｅｓ ｏｆ ｔｈｅ
ｓｃｒｅｅｎ． Ｉｆ ｂｏｔｈ ｃａｎｎｏｔ ｂｅ ｓｅｅｎ ａｔ ｏｎｃｅ，
ａｄｊｕｓｔ ｕｎｔｉｌ ｔｈｅ ｌｅｆｔ ｒａｖｅｎ ｉｓ ｖｉｓｉｂｌｅ．",,aguardando tradução/revisão
sys.bin,274,0x52D36,0x52D5E,,ヘルプメニューを閲覧します,Ｖｉｅｗ ｈｅｌｐ ｍｅｎｕ.,,aguardando tradução/revisão
sys.bin,275,0x52E76,0x52E9B,,オプション設定を行います,Ｃｈａｎｇｅ ｏｐｔｉｏｎ ｓｅｔｔｉｎｇｓ.,,aguardando tradução/revisão
sys.bin,276,0x5302F,0x5306F,,最新のコンテニューポイントからやり直します,Ｃｏｎｔｉｎｕｅ ｆｒｏｍ ｌａｓｔ ｓａｖｅ ｐｏｉｎｔ．,,aguardando tradução/revisão
sys.bin,277,0x5327B,0x532A9,,ステージの最初からやり直します,Ｒｅｓｔａｒｔ ｆｒｏｍ ｂｅｇｉｎｎｉｎｇ ｏｆ ｓｔａｇｅ.,,aguardando tradução/revisão
sys.bin,278,0x53476,0x534A7,,ゲームをやめてタイトルに戻ります,Ｑｕｉｔ ｇａｍｅ． Ｒｅｔｕｒｎ ｔｏ ｔｉｔｌｅ ｓｃｒｅｅｎ．,,aguardando tradução/revisão
sys.bin,279,0x536C6,0x536DF,,ゲームに戻ります,Ｒｅｔｕｒｎ ｔｏ ｇａｍｅ.,,aguardando tradução/revisão
sys.bin,280,0x53990,0x539D2,,"コントローラ振動の
オン・オフを切り替えます","Ｔｏｇｇｌｅ ＯＮ/ＯＦＦ
ｃｏｎｔｒｏｌｌｅｒ
ｖｉｂｒａｔｉｏｎ.",,aguardando tradução/revisão
sys.bin,281,0x53BE4,0x53C0E,,"視点の回転速度を
設定します","Ａｄｊｕｓｔ Ｔｕｒｎ
Ｓｐｅｅｄ 
ｓｅｔｔｉｎｇ．",,aguardando tradução/revisão
sys.bin,282,0x53E8E,0x53E95,,選択,Ｓｅｌｅｃｔ,,aguardando tradução/revisão
sys.bin,283,0x53F1C,0x53F23,,決定,ＯＫ,,aguardando tradução/revisão
sys.bin,284,0x53F55,0x53F65,,キャンセル,Ｃａｎｃｅｌ,,aguardando tradução/revisão
sys.bin,285,0x53FD9,0x53FE9,,デフォルト,Ｄｅｆａｕｌｔ,,aguardando tradução/revisão
sys.bin,286,0x54077,0x5407E,,選択,Ｓｅｌｅｃｔ,,aguardando tradução/revisão
sys.bin,287,0x54105,0x5410C,,切替,Ｓｗｉｔｃｈ,,aguardando tradução/revisão
sys.bin,288,0x54177,0x5418A,,ステージ切替,Ｃｈａｎｇｅ Ｓｔａｇｅ,,aguardando tradução/revisão
sys.bin,289,0x54244,0x54254,,スクロール,Ｓｃｒｏｌｌ,,aguardando tradução/revisão
sys.bin,290,0x542DA,0x542EA,,＋１００位,Ｕｐ １００,,aguardando tradução/revisão
sys.bin,291,0x54328,0x54338,,－１００位,Ｄｏｗｎ １００,,aguardando tradução/revisão
sys.bin,292,0x5438C,0x543A8,,ゲーマースコア表示,Ｄｉｓｐｌａｙ ｍｙ ｓｃｏｒｅ,,aguardando tradução/revisão
sys.bin,293,0x58767,,,方向パッド,,,sem par em inglês; traduzir a partir do japonês
sys.bin,294,0x58777,,,"<ico key_ls>[ＬＳ] 
　　プレイヤー移動
<ico key_rs>[ＲＳ]
　　カメラ旋回
<ico key_lb>/<ico key_rb>[ＬB/RB]
　　魔法詠唱リング呼び出し
<ico key_rt>[ＲＴ]
　　射撃
<ico key_lt>[ＬＴ]
　　回避
<ico key_a>[Ａ]
　　格闘
<ico key_b>[Ｂ]
　　武器切り替え
<ico key_x>[Ｘ]
　　リロード
<ico key_y>[Ｙ]
　　使用しません",,,sem par em inglês; traduzir a partir do japonês
sys.bin,295,0x5890A,,,次画面へ移行,,,sem par em inglês; traduzir a partir do japonês
sys.bin,296,0x5891D,0x58A9D,,"魔法詠唱リングは<ico key_lb> 又は<ico key_rb>を押すことで呼び出せます。
階層は3段階まであり、その階層切替も<ico key_lb>又は <ico key_rb>で行います。
各階層で詠唱したい魔法に対応している、<ico key_a>、<ico key_b>、<ico key_x>ボタンを押します。
<ico key_y>ボタンで詠唱をキャンセルします。",Ｅｌｅｍｅｎｔ Ｓｈｏｔ,,aguardando tradução/revisão
sys.bin,297,0x58B72,,,"ガンロッドに魔法属性を与え、特殊な弾丸を発射する魔法です。
物理攻撃を防ぐ魔法の壁を作り出し激しい銃撃戦の時に有効です。
敵をバラのトゲで串刺しにします。密集した敵の集団に有効です。
魔力で近くの物体を吹き飛ばし他の物にぶつけて破壊できます。
傷で瀕死となった人々を回復する魔法です。
カラスの大群を呼び出して、敵を混乱させて足止めをする魔法です。
強力な雷で、あらゆる敵を一撃で
葬りさる、究極の破壊力を持つ大魔法です。",,,sem par em inglês; traduzir a partir do japonês
sys.bin,298,0x58DE5,,,ゲーム開始,,,sem par em inglês; traduzir a partir do japonês
sys.bin,299,0x58DF5,,,ゲームを開始します,,,sem par em inglês; traduzir a partir do japonês
sys.bin,300,0x58E11,,,オプション設定を行います,,,sem par em inglês; traduzir a partir do japonês
sys.bin,301,0x58E36,,,体験版を終了します,,,sem par em inglês; traduzir a partir do japonês
sys.bin,302,0x58E52,,,"体験版を終了します。
よろしいですか？",,,sem par em inglês; traduzir a partir do japonês
sys.bin,303,0x59283,,,メモカメッセージ,,,sem par em inglês; traduzir a partir do japonês
sys.bin,304,0x5929C,0x592EB,,データをセーブ、ロードするストレージを選択しますか？,Ｓｅｌｅｃｔ ａ ｓｔｏｒａｇｅ ｄｅｖｉｃｅ ｆｏｒ ｓａｖｉｎｇ/ｌｏａｄｉｎｇ？,,aguardando tradução/revisão
sys.bin,305,0x595E9,0x5962C,,データをセーブするストレージを選択しますか？,Ｓｅｌｅｃｔ ａ ｓｔｏｒａｇｅ ｄｅｖｉｃｅ ｆｏｒ ｓａｖｉｎｇ？,,aguardando tradução/revisão
sys.bin,306,0x598C2,0x598DB,,ロードしています,Ｌｏａｄｉｎｇ,,aguardando tradução/revisão
sys.bin,307,0x5997F,0x599C4,,"保存しています
本体の電源を切らないでください","Ｓａｖｉｎｇ ｃｏｎｔｅｎｔ．
Ｐｌｅａｓｅ ｄｏｎ’ｔ ｔｕｒｎ ｏｆｆ ｙｏｕｒ ｓｙｓｔｅｍ．",,aguardando tradução/revisão
sys.bin,308,0x59CA5,0x59CB8,,完了しました,Ｆｉｎｉｓｈｅｄ,,aguardando tradução/revisão
sys.bin,309,0x59D3A,0x59DA3,,"指定されたストレージが接続されていません
ストレージを選択してください","Ｔｈｅ ｓｔｏｒａｇｅ ｄｅｖｉｃｅ ｙｏｕ ｉｎｄｉｃａｔｅｄ ｉｓ ｎｏｔ ｃｏｎｎｅｃｔｅｄ．
Ｐｌｅａｓｅ ｓｅｌｅｃｔ ａｎｏｔｈｅｒ ｓｔｏｒａｇｅ ｄｅｖｉｃｅ．
                                                                       ",,aguardando tradução/revisão
sys.bin,310,0x5A343,0x5A383,,指定されたストレージの空き容量が足りません,"Ｔｈｅ ｓｔｏｒａｇｅ ｄｅｖｉｃｅ ｙｏｕ ｉｎｄｉｃａｔｅｄ
ｄｏｅｓ ｎｏｔ ｈａｖｅ ｅｎｏｕｇｈ ｆｒｅｅ ｓｐａｃｅ．
                                           ",,aguardando tradução/revisão
sys.bin,311,0x5A7B7,0x5A7D0,,上書きしますか？,Ｏｖｅｒｗｒｉｔｅ？,,aguardando tradução/revisão
sys.bin,312,0x5A886,0x5A8AE,,データを新規作成しますか？,Ｃｒｅａｔｅ ｎｅｗ ｇａｍｅ？,,aguardando tradução/revisão
sys.bin,313,0x5A9E2,0x5AAE5,,"ゲーマー プロフィールが選択されていません
ゲーマー プロフィールを選択せずにゲームを開始すると
ゲーム内でのデータセーブが一切出来ません
ゲーマー プロフィールを選択しますか？","Ｙｏｕ ｈａｖｅ ｎｏｔ ｓｅｌｅｃｔｅｄ ａ ｇａｍｅｒ ｐｒｏｆｉｌｅ．
Ｉｆ ｙｏｕ ｓｔａｒｔ ｔｈｅ ｇａｍｅ ｗｉｔｈｏｕｔ ｓｅｌｅｃｔｉｎｇ
ａ ｐｒｏｆｉｌｅ， ｙｏｕ ｗｉｌｌ ｎｏｔ ｂｅ ａｂｌｅ ｔｏ ｓａｖｅ
ｙｏｕｒ ｇａｍｅ ｐｒｏｇｒｅｓｓ．
Ｓｅｌｅｃｔ ａ ｐｒｏｆｉｌｅ？",,aguardando tradução/revisão
sys.bin,314,0x5B323,0x5B392,,"参照先のストレージが指定されていません
参照先のストレージを指定しますか？","Ｙｏｕ ｈａｖｅ ｎｏｔ ｓｅｌｅｃｔｅｄ ａ ｓｔｏｒａｇｅ ｄｅｖｉｃｅ．
Ｐｌｅａｓｅ ｓｅｌｅｃｔ ａ ｓｔｏｒａｇｅ ｄｅｖｉｃｅ
ｔｏ ｓａｖｅ ｇａｍｅ ｐｒｏｇｒｅｓｓ．",,aguardando tradução/revisão
sys.bin,315,0x5B9F6,0x5BA68,,"オプションが変更されていますが
変更をキャンセルしてオプションを抜けますか？","Ｏｐｔｉｏｎｓ ｈａｖｅ ｂｅｅｎ ｃｈａｎｇｅｄ．
Ｗｏｕｌｄ ｙｏｕ ｌｉｋｅ ｔｏ ｃａｎｃｅｌ ａｎｄ ｅｘｉｔ？",,aguardando tradução/revisão
sys.bin,316,0x5BDAF,0x5BDFD,,"オプションが変更されています
セーブして戻りますか？","Ｏｐｔｉｏｎｓ ｈａｖｅ ｂｅｅｎ ｃｈａｎｇｅｄ．
Ｓａｖｅ ａｎｄ ｅｘｉｔ？",,aguardando tradução/revisão
sys.bin,317,0x5C07F,0x5C0A4,,データをロードしますか？,Ｌｏａｄ ｄａｔａ？,,aguardando tradução/revisão
sys.bin,318,0x5C170,0x5C1B0,,ゲーマー　プロフィールでログインしますか？,Ｌｏｇ ｉｎ ｕｓｉｎｇ ｙｏｕｒ ｇａｍｅｒ ｐｒｏｆｉｌｅ？,,aguardando tradução/revisão
sys.bin,319,0x5C3A7,0x5C40B,,このまま進めるとプレイデータがセーブされませんが、よろしいですか？,"Ｉｆ ｙｏｕ ｃｏｎｔｉｎｕｅ，
 ｙｏｕｒ ｇａｍｅ ｐｒｏｇｒｅｓｓ ｗｉｌｌ ｎｏｔ ｂｅ ｓａｖｅｄ．
Ｃｏｎｔｉｎｕｅ？",,aguardando tradução/revisão
sys.bin,320,0x5C7AA,0x5C7C6,,新規作成しています,Ｃｒｅａｔｉｎｇ ｎｅｗ ｇａｍｅ ｃｏｎｔｅｎｔ…,,aguardando tradução/revisão
sys.bin,321,0x5C9A9,0x5C9C8,,セーブに失敗しました,Ｓａｖｅ ｆａｉｌｅｄ．,,aguardando tradução/revisão
sys.bin,322,0x5CAE0,0x5CBA9,,"□□□□のシステムデータがありません
このゲームのデータをセーブするには
**ＫＢ以上の空き容量が必要です
このままゲームを開始しますか？","Ｎｏ ｓｙｓｔｅｍ ｄａｔａ ｆｏｒ □□□□ ｆｏｕｎｄ．
Ｉｎ ｏｒｄｅｒ ｔｏ ｓａｖｅ ｔｈｉｓ ｄａｔａ ｆｏｒ ｔｈｉｓ ｇａｍｅ
ａｔ ｌｅａｓｔ ＊＊ ＫＢ ｏｆ ｆｒｅｅ ｍｅｍｏｒｙ ａｒｅ ｒｅｑｕｉｒｅｄ．
Ｓｔａｒｔ ｔｈｅ ｇａｍｅ ａｎｙｗａｙ？",,aguardando tradução/revisão
sys.bin,323,0x5D396,0x5D3DB,,"保存しています
本体の電源を切らないでください","Ｓａｖｉｎｇ ｃｏｎｔｅｎｔ．
Ｐｌｅａｓｅ ｄｏｎ’ｔ ｔｕｒｎ ｏｆｆ ｙｏｕｒ ｓｙｓｔｅｍ．",,aguardando tradução/revisão
sys.bin,324,0x5D6D8,0x5D71A,,"ロード中です
本体の電源を切らないでください","Ｌｏａｄｉｎｇ．
Ｐｌｅａｓｅ ｄｏｎ’ｔ ｔｕｒｎ ｏｆｆ ｙｏｕｒ ｓｙｓｔｅｍ．",,aguardando tradução/revisão
sys.bin,325,0x5D97E,0x5D9B2,,オートセーブ機能をオンにしますか？,Ｔｕｒｎ ｏｎ ｔｈｅ ａｕｔｏｓａｖｅ ｆｕｎｃｔｉｏｎ？,,aguardando tradução/revisão
sys.bin,326,0x5DBC0,0x5DBFD,,ここまでのプレイデータをセーブしますか？,Ｓａｖｅ ｙｏｕｒ ｇａｍｅ ｐｒｏｇｒｅｓｓ ｕｐ ｕｎｔｉｌ ｔｈｉｓ ｐｏｉｎｔ？,,aguardando tradução/revisão
sys.bin,327,0x5DE34,0x5DE59,,セーブせずに続けますか？,Ｃｏｎｔｉｎｕｅ ｗｉｔｈｏｕｔ ｓａｖｉｎｇ？,,aguardando tradução/revisão
sys.bin,328,0x5DFBF,0x5E028,,"指定されたストレージが接続されていません
ストレージを選択してください","Ｔｈｅ ｓｔｏｒａｇｅ ｄｅｖｉｃｅ ｙｏｕ ｈａｖｅ ｓｅｌｅｃｔｅｄ
ｉｓ ｎｏｔ ｃｏｎｎｅｃｔｅｄ．
Ｐｌｅａｓｅ ｓｅｌｅｃｔ ａｎ ａｖａｉｌａｂｌｅ ｓｔｏｒａｇｅ ｄｅｖｉｃｅ．
                                                                  ",,aguardando tradução/revisão
sys.bin,329,0x5E61E,0x5E6A1,,"データの書き込みに失敗しました
指定されたストレージの接続をご確認の上
再度お試し下さい","Ｃｏｕｌｄ ｎｏｔ ｌｏａｄ ｓａｖｅｄ ｃｏｎｔｅｎｔ，
 ｐｌｅａｓｅ ｃｈｅｃｋ ｔｈｅ ｓｔｏｒａｇｅ ｄｅｖｉｃｅ ａｎｄ ｔｒｙ ａｇａｉｎ．
                                                                                        ",,aguardando tradução/revisão
sys.bin,330,0x5EC22,0x5EC4D,,セーブ先の変更が完了しました,"Ｓａｖｅ ｌｏｃａｔｉｏｎ ｃｈａｎｇｅ ｃｏｍｐｌｅｔｅ．
                                                             ",,aguardando tradução/revisão
sys.bin,331,0x5EEE7,0x5EFDB,,"データが破損しているか、読み込みが実行できません
プレイを続行するには破損したデータを破棄し
データを新規にセーブする必要があります
新規にデータをセーブしますか？","Ｄａｔａ ｈａｓ ｂｅｅｎ ｄａｍａｇｅｄ ａｎｄ ｃａｎｎｏｔ ｂｅ ｌｏａｄｅｄ．
Ｉｎ ｏｒｄｅｒ ｔｏ ｃｏｎｔｉｎｕｅ ｐｌａｙｉｎｇ， ｔｈｅ ｄａｍａｇｅｄ ｄａｔａ
ｍｕｓｔ ｂｅ ｒｅｍｏｖｅｄ ａｎｄ ｎｅｗ ｓａｖｅ ｄａｔａ ｍｕｓｔ ｂｅ
ｃｒｅａｔｅｄ．
Ｃｒｅａｔｅ ｎｅｗ ｓａｖｅ ｄａｔａ？",,aguardando tradução/revisão
sys.bin,332,0x5F9A1,0x5FA1F,,"セーブ可能なストレージが見つかりません
ストレージの接続をご確認の上再度お試し下さい","Ｎｏ ｓｔｏｒａｇｅ ｄｅｖｉｃｅｓ ｃａｐａｂｌｅ
ｏｆ ｓａｖｉｎｇ ｗｅｒｅ ｆｏｕｎｄ．
Ｃｈｅｃｋ ｔｈｅ ｃｏｎｎｅｃｔｉｏｎｓ ｏｆ ｙｏｕｒ ｓｔｏｒａｇｅ ｄｅｖｉｃｅｓ
ａｎｄ ｔｒｙ ａｇａｉｎ．
                                                                                              ",,aguardando tradução/revisão
sys.bin,333,0x60172,0x60225,,"ゲーマースコアをネットランキングに登録する為には
Xbox Liveサービスにサインインしておく必要があります
サインインしますか？","Ｉｎ ｏｒｄｅｒ ｔｏ ｒｅｇｉｓｔｅｒ ｙｏｕｒ ｇａｍｅｒｓｃｏｒｅ ｉｎ ｔｈｅ
ｏｎｌｉｎｅ ｒａｎｋｉｎｇ， ｙｏｕ ｍｕｓｔ ｓｉｇｎ ｉｎ ｔｏ Ｘｂｏｘ Ｌｉｖｅ．
Ｓｉｇｎ ｉｎ？",,aguardando tradução/revisão
sys.bin,334,0x607F4,0x60851,,"参照先のストレージにシステムデータがあります
読み込みますか？","Ｓｙｓｔｅｍ ｄａｔａ ｈａｓ ｂｅｅｎ ｆｏｕｎｄ ｏｎ ｔｈｅ ｒｅｆｅｒｅｎｃｅｄ
ｓｔｏｒａｇｅ ｄｅｖｉｃｅ．
Ｌｏａｄ？",,aguardando tradução/revisão
sys.bin,335,0x60CBA,0x60D17,,"システムデータが見つかりません
別のストレージを選択しますか？","Ｎｏ ｓｙｓｔｅｍ ｄａｔａ ｆｏｕｎｄ．
Ｓｅｌｅｃｔ ａ ｄｉｆｆｅｒｅｎｔ ｓｔｏｒａｇｅ ｄｅｖｉｃｅ？",,aguardando tradução/revisão
sys.bin,336,0x610FB,0x61155,,"セーブデータが見つかりません
別のストレージを選択しますか？","Ｎｏ ｓａｖｅｄ ｃｏｎｔｅｎｔ ｆｏｕｎｄ．
 Ｓｅｌｅｃｔ ａ ｄｉｆｆｅｒｅｎｔ ｓｔｏｒａｇｅ ｄｅｖｉｃｅ？",,aguardando tradução/revisão
sys.bin,337,0x61563,0x61591,,別のストレージを選択しますか？,Ｓｅｌｅｃｔ ａ ｄｉｆｆｅｒｅｎｔ ｓｔｏｒａｇｅ ｄｅｖｉｃｅ？,,aguardando tradução/revisão
sys.bin,338,0x617E5,0x61804,,ロードが完了しました,Ｌｏａｄ ｃｏｍｐｌｅｔｅ．,,aguardando tradução/revisão
sys.bin,339,0x61915,0x61949,,パワーアップ内容をセーブしますか？,Ｓａｖｅ ｔｈｅ ｃｏｎｔｅｎｔｓ ｏｆ Ｐｏｗｅｒ Ｕｐ？,,aguardando tradução/revisão
sys.bin,340,0x61B04,0x61B5E,,"スコアデータが見つかりません
別のストレージを選択しますか？","Ｎｏ ｓａｖｅｄ ｓｃｏｒｅ ｃｏｎｔｅｎｔ ｆｏｕｎｄ．
 Ｓｅｌｅｃｔ ａ ｄｉｆｆｅｒｅｎｔ ｓｔｏｒａｇｅ ｄｅｖｉｃｅ？",,aguardando tradução/revisão
sys.bin,341,0x61FA0,0x62087,,"このメニューを選択するには、Xbox Liveサービスにサインインしておく必要があります
サインインする場合はXbox ガイド ボタンを押し
戻る場合はAボタンを押してください","Ｉｎ ｏｒｄｅｒ ｔｏ ｖｉｅｗ ｔｈｉｓ ｍｅｎｕ，
ｙｏｕ ｍｕｓｔ ｓｉｇｎ ｉｎ ｔｏ Ｘｂｏｘ Ｌｉｖｅ．
Ｔｏ ｓｉｇｎ ｉｎ， ｐｒｅｓｓ ｔｈｅ Ｘｂｏｘ Ｇｕｉｄｅ ｂｕｔｔｏｎ．
Ｔｏ ｇｏ ｂａｃｋ， ｐｒｅｓｓ ｔｈｅ Ａ ｂｕｔｔｏｎ．
                                                                                       ",,aguardando tradução/revisão
sys.bin,342,0x628B9,0x628D2,,セーブしますか？,Ｓａｖｅ？,,aguardando tradução/revisão
sys.bin,343,0x62959,0x62978,,セーブが完了しました,Ｓａｖｅ ｃｏｍｐｌｅｔｅ．,,aguardando tradução/revisão
sys.bin,344,0x62A9B,0x62AD8,,ストレージを選択してから設定してください,Ｓｅｌｅｃｔ ａ ｓｔｏｒａｇｅ ｄｅｖｉｃｅ ａｎｄ ｔｈｅｎ ａｄｊｕｓｔ ｓｅｔｔｉｎｇｓ．,,aguardando tradução/revisão
sys.bin,345,0x62E6C,0x62E94,,データの作成が完了しました,Ｃｏｎｔｅｎｔ ｃｒｅａｔｉｏｎ ｃｏｍｐｌｅｔｅ．,,aguardando tradução/revisão
sys.bin,346,0x6304F,0x63071,,読み込みに失敗しました,Ｌｏａｄ ｆａｉｌｅｄ．,,aguardando tradução/revisão
sys.bin,347,0x63173,0x63263,,"キャラクターの成長を反映させるためには
データをロードする必要があります
ロードせずにプレイデータを上書きした場合
以前のデータは消えてしまいます
続行しますか？","Ｉｎ ｏｒｄｅｒ ｆｏｒ ｉｍｐｒｏｖｅｍｅｎｔｓ ｔｏ ｙｏｕｒ ｃｈａｒａｃｔｅｒ ｔｏ
ｔａｋｅ ｅｆｆｅｃｔ，
ｓａｖｅｄ ｃｈａｒａｃｔｅｒ ｐｒｏｇｒｅｓｓ ｍｕｓｔ ｂｅ ｌｏａｄｅｄ．
Ｉｆ ｙｏｕ ｏｖｅｒｗｒｉｔｅ ｔｈｅ ｃｈａｒａｃｔｅｒ ｐｒｏｇｒｅｓｓ
ｗｉｔｈｏｕｔ ｌｏａｄｉｎｇ， ｐｒｅｖｉｏｕｓ ｐｒｏｇｒｅｓｓ ｗｉｌｌ ｂｅ ｌｏｓｔ．
Ｐｒｏｃｅｅｄ？",,aguardando tradução/revisão
sys.bin,348,0x63DFA,0x63E58,,"ダウンロード コンテンツリストが更新されました
セーブしますか？","Ｔｈｅ ｄｏｗｎｌｏａｄａｂｌｅ ｃｏｎｔｅｎｔ ｌｉｓｔ ｈａｓ ｂｅｅｎ ｃｈａｎｇｅｄ．
Ｓａｖｅ？",,aguardando tradução/revisão
sys.bin,349,0x6418A,0x641D7,,ダウンロード コンテンツリストの更新をセーブしました,"Ｃｈａｎｇｅｓ ｔｏ ｔｈｅ ｄｏｗｎｌｏａｄａｂｌｅ ｃｏｎｔｅｎｔ ｌｉｓｔ ｈａｖｅ ｂｅｅｎ ｓａｖｅｄ．
                                    ",,aguardando tradução/revisão
sys.bin,350,0x645CB,0x645F3,,衣装変更をセーブしますか？,Ｓａｖｅ ｃｏｓｔｕｍｅ ｃｈａｎｇｅｓ？,,aguardando tradução/revisão
sys.bin,351,0x64796,0x647BB,,衣装変更をセーブしました,Ｃｏｓｔｕｍｅ ｃｈａｎｇｅｓ ｓａｖｅｄ．,,aguardando tradução/revisão
sys.bin,352,0x64A1D,0x64AAD,,"キャラクターの衣装変更データが見つかりません
衣装変更データを読み込むストレージを選択しますか？","Ｎｏ ｃｈａｒａｃｔｅｒ ｃｏｓｔｕｍｅ ｃｈａｎｇｅ ｃｏｎｔｅｎｔ ｆｏｕｎｄ．
Ｓｅｌｅｃｔ ａ ｓｔｏｒａｇｅ ｄｅｖｉｃｅ
 ｔｏ ｌｏａｄ ｃｏｓｔｕｍｅ ｃｈａｎｇｅ ｃｏｎｔｅｎｔ？",,aguardando tradução/revisão
sys.bin,353,0x65156,0x651B9,,"データが見つかりませんでした
キャラクターはデフォルトで続行します","Ｎｏ ｃｏｎｔｅｎｔ ｆｏｕｎｄ.
Ｃｈａｒａｃｔｅｒ ｄｅｆａｕｌｔｓ ｗｉｌｌ ｂｅ ｕｓｅｄ.
                                                                                    ",,aguardando tradução/revisão
sys.bin,354,0x656D2,0x65777,,"コンセプトミッションのデータが見つかりません
コンセプトミッションのデータを読み込むストレージを選択しますか？","Ｎｏ ｃｏｎｃｅｐｔ ｍｉｓｓｉｏｎ ｃｏｎｔｅｎｔ ｆｏｕｎｄ．
Ｓｅｌｅｃｔ ａ ｓｔｏｒａｇｅ ｄｅｖｉｃｅ
ｔｏ ｌｏａｄ ｃｏｎｃｅｐｔ ｍｉｓｓｉｏｎ ｃｏｎｔｅｎｔ？",,aguardando tradução/revisão
sys.bin,355,0x65D16,0x65D76,,"指定されたデータが見つかりません
別のストレージを選択しますか？","Ｔｈｅ ｉｎｄｉｃａｔｅｄ ｓａｖｅｄ ｃｏｎｔｅｎｔ ｃｏｕｌｄ ｎｏｔ ｂｅ ｆｏｕｎｄ．
Ｓｅｌｅｃｔ ａ ｄｉｆｆｅｒｅｎｔ ｓｔｏｒａｇｅ ｄｅｖｉｃｅ？",,aguardando tradução/revisão
sys.bin,356,0x66296,0x662E4,,"指定されたデータが見つかりません
画面に戻りますか？","Ｔｈｅ ｉｎｄｉｃａｔｅｄ ｓａｖｅｄ ｃｏｎｔｅｎｔ ｃｏｕｌｄ ｎｏｔ ｂｅ ｆｏｕｎｄ．
Ｒｅｔｕｒｎ ｔｏ ｔｈｅ ｍｅｎｕ？",,aguardando tradução/revisão
sys.bin,357,0x66694,0x666B9,,データをロードしますか？,Ｌｏａｄ ｄａｔａ？,,aguardando tradução/revisão
sys.bin,358,0x66785,0x66858,,"データの読み込みが実行できません
プレイを続行するには以前のデータを破棄し
データを新規に保存する必要があります
新規にデータを保存しますか？","Ｕｎａｂｌｅ ｔｏ ｌｏａｄ ｓａｖｅｄ ｃｏｎｔｅｎｔ． 
Ｓａｖｅｄ ｃｏｎｔｅｎｔ ａｐｐｅａｒｓ ｔｏ ｂｅ ｃｏｒｒｕｐｔ．
Ｉｎ ｏｒｄｅｒ ｔｏ ｃｏｎｔｉｎｕｅ ｐｌａｙｉｎｇ，
ｐｒｅｖｉｏｕｓ ｃｏｎｔｅｎｔ ｍｕｓｔ ｂｅ ｏｖｅｒｗｒｉｔｔｅｎ
ｗｉｔｈ ａ ｎｅｗ ｓａｖｅ ｃｏｎｔｅｎｔ．
Ｏｖｅｒｗｒｉｔｅ ｃｏｎｔｅｎｔ?",,aguardando tradução/revisão
sys.bin,359,0x670D1,0x67160,,"指定されたストレージにデータがあります
次の保存時にこのデータは上書きされますが
続行しますか？","Ｓａｖｅｄ ｃｏｎｔｅｎｔ
ｗａｓ ｆｏｕｎｄ ｏｎ ｔｈｅ ｉｎｄｉｃａｔｅｄ ｓｔｏｒａｇｅ ｄｅｖｉｃｅ．
Ｓｕｂｓｅｑｕｅｎｔ ｓａｖｅｓ ｗｉｌｌ ｏｖｅｒｗｒｉｔｅ ｔｈｉｓ ｃｏｎｔｅｎｔ．
Ｐｒｏｃｅｅｄ？",,aguardando tradução/revisão
sys.bin,360,0x678B6,0x678DE,,データを新規作成しますか？,Ｃｒｅａｔｅ ａ ｎｅｗ ｓａｖｅ ｃｏｎｔｅｎｔ?,,aguardando tradução/revisão
sys.bin,361,0x67A80,0x67A9C,,設定を保存しました,Ｓｅｔｔｉｎｇｓ ｓａｖｅｄ．,,aguardando tradução/revisão
sys.bin,362,0x67BD8,0x67C15,,ロード可能なデータが見つかりませんでした,Ｎｏ ｌｏａｄａｂｌｅ ｃｏｎｔｅｎｔ ｗａｓ ｆｏｕｎｄ．,,aguardando tradução/revisão
sys.bin,363,0x67DD2,0x67E08,,"データが見つかりました
ロードします","Ｓａｖｅｄ ｃｏｎｔｅｎｔ ｆｏｕｎｄ．
Ｌｏａｄｉｎｇ．",,aguardando tradução/revisão
sys.bin,364,0x68046,0x6807D,,衣装変更のデータロードが完了しました,Ｃｏｓｔｕｍｅ ｃｈａｎｇｅ ｃｏｎｔｅｎｔ ｌｏａｄ ｃｏｍｐｌｅｔｅ．,,aguardando tradução/revisão
sys.bin,365,0x68300,0x68345,,"チェック中です
本体の電源を切らないでください","Ｃｈｅｃｋｉｎｇ．．．
Ｐｌｅａｓｅ ｄｏｎ’ｔ ｔｕｒｎ ｏｆｆ  ｙｏｕｒ ｓｙｓｔｅｍ．",,aguardando tradução/revisão
sys.bin,366,0x685D3,0x685F5,,チェックが完了しました,Ｃｈｅｃｋ ｃｏｍｐｌｅｔｅ．,,aguardando tradução/revisão
sys.bin,367,0x68726,0x6878C,,"最新のコンティニューポイントからゲームを再開します。
実行しますか？","Ｒｅｓｔａｒｔ ｆｒｏｍ ｌａｓｔ ｓａｖｅ ｐｏｉｎｔ.
Ｐｒｏｃｅｅｄ?",,aguardando tradução/revisão
sys.bin,368,0x68A35,0x68A84,,セーブデータを作成したゲーマープロフィールと違います,"Ｉｔ'ｓ ｎｏｔ ｐｏｓｓｉｂｌｅ ｔｏ ｓｈａｒｅ ａｃｈｉｅｖｅｍｅｎｔｓ
ｂｅｔｗｅｅｎ ｄｉｆｆｅｒｅｎｔ ｐｒｏｆｉｌｅｓ!
　　　　　　　　　　　　　　　　　",,aguardando tradução/revisão
sys.bin,369,0x68EC2,0x68F0C,,コスチュームデータが破損している可能性があります ,"Ｔｈｅｒｅ ｉｓ ａ ｐｏｓｓｉｂｉｌｉｔｙ
ｙｏｕｒ ｃｏｓｔｕｍｅ ｄａｔａ ｈａｓ ｂｅｅｎ ｄａｍａｇｅｄ．",,aguardando tradução/revisão
sys.bin,370,0x692D0,0x69358,,"ゲーマー プロフィールが変更されたので、確認後タイトルに戻ります
確認はＡボタンで実行します","Ｇａｍｅｒ ｐｒｏｆｉｌｅ ｈａｓ ｂｅｅｎ ｃｈａｎｇｅｄ．
Ｙｏｕ ｗｉｌｌ ｒｅｔｕｒｎ ｔｏ ｔｈｅ ｔｉｔｌｅ
ａｆｔｅｒ ｃｏｎｆｉｒｍｉｎｇ ｔｈｅ ｃｈａｎｇｅｓ．
Ｔｏ ｖｉｅｗ ｔｈｅ ｐｒｏｆｉｌｅ， ｐｒｅｓｓ ｔｈｅ Ａ ｂｕｔｔｏｎ．",,aguardando tradução/revisão
sys.bin,371,0x69B93,,,ネット系メッセージ,,,sem par em inglês; traduzir a partir do japonês
sys.bin,372,0x69BAF,0x69C3B,,"このスコアは今ランキング登録を行わない限り
ランキングに登録できなくなります
よろしいですか？","Ｔｈｉｓ ｓｃｏｒｅ ｗｉｌｌ ｎｏｔ ｂｅ ｒｅｇｉｓｔｅｒｅｄ ｔｏ ｒａｎｋｉｎｇｓ
ｕｎｌｅｓｓ ｒａｎｋｉｎｇ ｒｅｇｉｓｔｒａｔｉｏｎ ｉｓ ｃａｒｒｉｅｄ ｏｕｔ ｎｏｗ．
Ｒｅｇｉｓｔｅｒ？",,aguardando tradução/revisão
sys.bin,373,0x6A1AE,0x6A1F9,,"登録が完了しました
ランキングに確認を行いますか？","Ｒｅｇｉｓｔｒａｔｉｏｎ ｃｏｍｐｌｅｔｅ．
Ｖｉｅｗ ｒａｎｋｉｎｇｓ？",,aguardando tradução/revisão
sys.bin,374,0x6A47A,0x6A4BF,,"登録に失敗しました
もう一度やり直してください","Ｒｅｇｉｓｔｒａｔｉｏｎ ｆａｉｌｅｄ．
Ｐｌｅａｓｅ ｔｒｙ ａｇａｉｎ．",,aguardando tradução/revisão
sys.bin,375,0x6A70A,0x6A72C,,ダウンロードしますか？,Ｄｏｗｎｌｏａｄ？,,aguardando tradução/revisão
sys.bin,376,0x6A7D5,0x6A8C2,,"ランキングの表示やスコアの登録には、Xbox Liveサービスに
サインインする必要があります
サインインする場合はXboxガイドボタンを押し
戻る場合はAボタンを押してください","Ｉｎ ｏｒｄｅｒ ｔｏ ｄｉｓｐｌａｙ ｒａｎｋｉｎｇｓ ｏｒ ｒｅｇｉｓｔｅｒ ｙｏｕｒ ｓｃｏｒｅ，
ｙｏｕ ｍｕｓｔ ｓｉｇｎ ｉｎ ｔｏ Ｘｂｏｘ Ｌｉｖｅ．
Ｔｏ ｓｉｇｎ ｉｎ， ｐｒｅｓｓ ｔｈｅ Ｘｂｏｘ Ｇｕｉｄｅ ｂｕｔｔｏｎ．
Ｔｏ ｇｏ ｂａｃｋ， ｐｒｅｓｓ ｔｈｅ Ａ ｂｕｔｔｏｎ．
                                                   ",,aguardando tradução/revisão
sys.bin,377,0x6B287,0x6B2CA,,ダウンロード先のストレージを選択してください,"Ｓｅｌｅｃｔ ｔｈｅ ｓｔｏｒａｇｅ ｄｅｖｉｃｅ ｆｏｒ ｔｈｅ ｄｏｗｎｌｏａｄ．
                                                          ",,aguardando tradução/revisão
sys.bin,378,0x6B5F6,0x6B612,,ダウンロード中です,Ｄｏｗｎｌｏａｄｉｎｇ．．．,,aguardando tradução/revisão
sys.bin,379,0x6B6F6,0x6B71E,,ダウンロードが完了しました,Ｄｏｗｎｌｏａｄ ｃｏｍｐｌｅｔｅ．,,aguardando tradução/revisão
sys.bin,380,0x6B84E,0x6B876,,ダウンロードに失敗しました,Ｄｏｗｎｌｏａｄ ｆａｉｌｅｄ．,,aguardando tradução/revisão
sys.bin,381,0x6B997,0x6B9CE,,通信中です…接続を解除しないで下さい,Ｃｏｎｎｅｃｔｉｎｇ．．． Ｐｌｅａｓｅ ｄｏ ｎｏｔ ｄｉｓｃｏｎｎｅｃｔ．,,aguardando tradução/revisão
sys.bin,382,0x6BC0A,0x6BC32,,スコアが登録されていません,Ｎｏ ｓｃｏｒｅ ｈａｓ ｂｅｅｎ ｒｅｇｉｓｔｅｒｅｄ．,,aguardando tradução/revisão
sys.bin,383,0x6BDCA,0x6BDF2,,表示するデータがありません,Ｎｏ ｅｎｔｒｙ ｔｏ ｄｉｓｐｌａｙ．,,aguardando tradução/revisão
sys.bin,384,0x6C01F,0x6C062,,＊位～＊位にはフレンドが検出されませんでした,Ｎｏ ｆｒｉｅｎｄｓ ｆｏｕｎｄ ｂｅｔｗｅｅｎ ｒａｎｋｓ ＊ ａｎｄ ＊．,,aguardando tradução/revisão
sys.bin,385,0x6C295,0x6C30D,,"通信に失敗したのでメニューに戻ります
接続状況を確認してから再度やり直して下さい","Ｃｏｎｎｅｃｔｉｏｎ ｔｏ Ｘｂｏｘ ｌｉｖｅ ｗａｓ ｌｏｓｔ． 
Ｐｌｅａｓｅ ｃｈｅｃｋ ｙｏｕｒ ｃｏｎｎｅｃｔｉｏｎ ｓｅｔｔｉｎｇｓ
ａｎｄ ｔｒｙ ａｇａｉｎ．",,aguardando tradução/revisão
sys.bin,386,0x6D61D,0x6D660,,難易度「ＣＨＡＯＳ」がプレイ可能になりました,［Ｃｈａｏｓ］ ｍｏｄｅ ｉｓ ｎｏｗ ｐｌａｙａｂｌｅ．,,aguardando tradução/revisão
sys.bin,387,0x6D846,0x6D886,,難易度「ＨＥＬＬ」がプレイ可能になりました,［Ｈｅｌｌ］ ｍｏｄｅ ｉｓ ｎｏｗ ｐｌａｙａｂｌｅ．,,aguardando tradução/revisão
sys.bin,388,0x6DA7A,0x6DB56,,"「ＳＴＡＧＥ ＳＥＬＥＣＴ」が選択可能になりました
「ＳＴＡＧＥ ＳＥＬＥＣＴ」から開始した場合
スキルポイントは加算されませんがランク更新は可能です","”Ｓｔａｇｅ Ｓｅｌｅｃｔ” ｉｓ ｎｏｗ ａｖａｉｌａｂｌｅ． 
Ｉｆ ｙｏｕ ｓｔａｒｔ ａ ｇａｍｅ ｕｓｉｎｇ ”Ｓｔａｇｅ Ｓｅｌｅｃｔ”，
ｙｏｕ ｗｉｌｌ ｎｏｔ ｇａｉｎ ａｎｙ ｓｋｉｌｌ ｐｏｉｎｔｓ， ｂｕｔ ｙｏｕ
ｗｉｌｌ ｂｅ ａｂｌｅ ｔｏ ｉｎｃｒｅａｓｅ ｙｏｕｒ ｒａｎｋｉｎｇ．",,aguardando tradução/revisão
txtsamp.bin,1,0x29D,,,う、うわ,,,sem par em inglês; traduzir a partir do japonês
txtsamp.bin,2,0x2B5,,,く、くるなぁーーーー,,,sem par em inglês; traduzir a partir do japonês
txtsamp.bin,3,0x2D6,,,戦闘説明１,,,sem par em inglês; traduzir a partir do japonês
txtsamp.bin,4,0x2F0,,,"Ｂボタン：ジャンプ
小さい障害物を飛び越えることが
できます。",,,sem par em inglês; traduzir a partir do japonês
txtsamp.bin,5,0x34F,,,"Ｙボタン：リロード
ガンロッドに魔法のマガジンを
セットします。",,,sem par em inglês; traduzir a partir do japonês
txtsamp.bin,6,0x3AE,,,"マガジンはＭＰを消費し生成され、
マガジンの残弾を全て撃ち尽くすと
オートでリロードされます",,,sem par em inglês; traduzir a partir do japonês
txtsamp.bin,7,0x437,,,戦闘説明２,,,sem par em inglês; traduzir a partir do japonês
txtsamp.bin,8,0x447,,,"Ｒトリガー：シューティング
押し込みで［シューティングモード］
に移行し、ガンサイトへ向かい射撃
を行います。",,,sem par em inglês; traduzir a partir do japonês
txtsamp.bin,9,0x4EA,,,"なお、Ｒトリガー半押しで
［シューティングモード］のまま画面
を維持することができます。",,,sem par em inglês; traduzir a partir do japonês
txtsamp.bin,10,0x56D,,,戦闘説明３,,,sem par em inglês; traduzir a partir do japonês
txtsamp.bin,11,0x57F,,,"Ｘボタン：格闘
周囲の敵を振り払うことができます。
ただし、攻撃力は期待できません。",,,sem par em inglês; traduzir a partir do japonês
txtsamp.bin,12,0x5FD,,,う、うわ,,,sem par em inglês; traduzir a partir do japonês
txtsamp.bin,13,0x60A,,,く、くるなぁーーーー,,,sem par em inglês; traduzir a partir do japonês
txtsamp.bin,14,0x629,,,戦闘説明１,,,sem par em inglês; traduzir a partir do japonês
txtsamp.bin,15,0x639,,,"Ｂボタン：ジャンプ
小さい障害物を飛び越えることが
できます。",,,sem par em inglês; traduzir a partir do japonês
txtsamp.bin,16,0x695,,,"Ｙボタン：リロード
ガンロッドに魔法のマガジンを
セットします。",,,sem par em inglês; traduzir a partir do japonês
txtsamp.bin,17,0x6F4,,,"マガジンはＭＰを消費し生成され、
マガジンの残弾を全て撃ち尽くすと
オートでリロードされます",,,sem par em inglês; traduzir a partir do japonês
txtsamp.bin,18,0x77D,,,戦闘説明２,,,sem par em inglês; traduzir a partir do japonês
txtsamp.bin,19,0x78D,,,"Ｒトリガー：シューティング
押し込みで［シューティングモード］
に移行し、ガンサイトへ向かい射撃
を行います。",,,sem par em inglês; traduzir a partir do japonês
txtsamp.bin,20,0x830,,,"なお、Ｒトリガー半押しで
［シューティングモード］のまま画面
を維持することができます。",,,sem par em inglês; traduzir a partir do japonês
txtsamp.bin,21,0x8B3,,,戦闘説明３,,,sem par em inglês; traduzir a partir do japonês
txtsamp.bin,22,0x8C3,,,"Ｘボタン：格闘
周囲の敵を振り払うことができます。
ただし、攻撃力は期待できません。",,,sem par em inglês; traduzir a partir do japonês
